bank_id,bank_name,region,bank_size,year,quarter,quarter_num,date,total_assets,liquidity_ratio,capital_adequacy_ratio,npl_ratio,return_on_equity,loan_to_deposit_ratio,financial_health_status,status_label
BANK_001,"Rodriguez, Figueroa and Sanchez Rural Bank",Upper West,Small,2021,Q1,1,2021-Q1,47.72,18.24,16.73,6.24,30.85,47.43,0,Healthy
BANK_001,"Rodriguez, Figueroa and Sanchez Rural Bank",Upper West,Small,2021,Q2,2,2021-Q2,49.23,17.77,17.0,6.48,26.32,44.18,0,Healthy
BANK_001,"Rodriguez, Figueroa and Sanchez Rural Bank",Upper West,Small,2021,Q3,3,2021-Q3,44.0,16.88,17.0,6.95,36.58,75.57,0,Healthy
BANK_001,"Rodriguez, Figueroa and Sanchez Rural Bank",Upper West,Small,2021,Q4,4,2021-Q4,47.6,17.02,16.94,7.31,22.31,43.02,0,Healthy
BANK_001,"Rodriguez, Figueroa and Sanchez Rural Bank",Upper West,Small,2022,Q1,5,2022-Q1,51.87,17.36,17.02,7.43,6.05,68.61,0,Healthy
BANK_001,"Rodriguez, Figueroa and Sanchez Rural Bank",Upper West,Small,2022,Q2,6,2022-Q2,54.14,17.14,16.93,7.33,5.5,54.94,0,Healthy
BANK_001,"Rodriguez, Figueroa and Sanchez Rural Bank",Upper West,Small,2022,Q3,7,2022-Q3,53.21,17.22,16.88,7.37,32.34,83.89,0,Healthy
BANK_001,"Rodriguez, Figueroa and Sanchez Rural Bank",Upper West,Small,2022,Q4,8,2022-Q4,48.53,17.07,16.86,7.54,22.31,85.44,0,Healthy
BANK_001,"Rodriguez, Figueroa and Sanchez Rural Bank",Upper West,Small,2023,Q1,9,2023-Q1,42.73,16.83,16.71,7.76,13.64,66.22,0,Healthy
BANK_001,"Rodriguez, Figueroa and Sanchez Rural Bank",Upper West,Small,2023,Q2,10,2023-Q2,43.55,16.88,16.88,7.98,31.43,71.42,0,Healthy
BANK_001,"Rodriguez, Figueroa and Sanchez Rural Bank",Upper West,Small,2023,Q3,11,2023-Q3,43.43,17.32,16.98,7.84,21.76,92.87,0,Healthy
BANK_001,"Rodriguez, Figueroa and Sanchez Rural Bank",Upper West,Small,2023,Q4,12,2023-Q4,44.47,17.97,17.01,7.77,28.66,41.01,0,Healthy
BANK_002,Doyle Ltd Rural Bank,Greater Accra,Small,2021,Q1,1,2021-Q1,7.61,34.86,9.64,3.57,13.67,94.46,1,High-Risk
BANK_002,Doyle Ltd Rural Bank,Greater Accra,Small,2021,Q2,2,2021-Q2,7.66,35.44,9.75,3.57,59.83,56.41,1,High-Risk
BANK_002,Doyle Ltd Rural Bank,Greater Accra,Small,2021,Q3,3,2021-Q3,7.22,35.95,9.64,3.65,38.82,81.02,1,High-Risk
BANK_002,Doyle Ltd Rural Bank,Greater Accra,Small,2021,Q4,4,2021-Q4,6.89,37.21,9.73,3.85,22.35,93.21,1,High-Risk
BANK_002,Doyle Ltd Rural Bank,Greater Accra,Small,2022,Q1,5,2022-Q1,7.72,38.06,9.69,3.96,47.43,93.61,1,High-Risk
BANK_002,Doyle Ltd Rural Bank,Greater Accra,Small,2022,Q2,6,2022-Q2,8.34,39.29,9.63,3.94,20.61,43.98,1,High-Risk
BANK_002,Doyle Ltd Rural Bank,Greater Accra,Small,2022,Q3,7,2022-Q3,9.17,39.84,9.76,3.98,34.96,56.44,1,High-Risk
BANK_002,Doyle Ltd Rural Bank,Greater Accra,Small,2022,Q4,8,2022-Q4,9.12,39.79,9.72,4.09,57.22,75.77,1,High-Risk
BANK_002,Doyle Ltd Rural Bank,Greater Accra,Small,2023,Q1,9,2023-Q1,8.97,39.36,9.72,4.14,31.36,52.13,1,High-Risk
BANK_002,Doyle Ltd Rural Bank,Greater Accra,Small,2023,Q2,10,2023-Q2,8.79,40.46,9.73,4.25,28.93,73.34,1,High-Risk
BANK_002,Doyle Ltd Rural Bank,Greater Accra,Small,2023,Q3,11,2023-Q3,8.68,40.73,9.87,4.12,38.54,62.72,1,High-Risk
BANK_002,Doyle Ltd Rural Bank,Greater Accra,Small,2023,Q4,12,2023-Q4,9.84,42.29,10.02,4.07,42.61,53.04,1,High-Risk
BANK_003,"Mcclain, Miller and Henderson Rural Bank",Greater Accra,Small,2021,Q1,1,2021-Q1,32.25,26.16,15.85,8.36,7.18,83.0,0,Healthy
BANK_003,"Mcclain, Miller and Henderson Rural Bank",Greater Accra,Small,2021,Q2,2,2021-Q2,35.08,26.33,15.97,8.49,16.95,66.39,0,Healthy
BANK_003,"Mcclain, Miller and Henderson Rural Bank",Greater Accra,Small,2021,Q3,3,2021-Q3,36.09,25.2,15.84,8.76,6.86,52.9,0,Healthy
BANK_003,"Mcclain, Miller and Henderson Rural Bank",Greater Accra,Small,2021,Q4,4,2021-Q4,36.74,24.62,15.86,8.77,33.75,76.68,0,Healthy
BANK_003,"Mcclain, Miller and Henderson Rural Bank",Greater Accra,Small,2022,Q1,5,2022-Q1,37.35,25.34,15.98,8.75,16.23,88.28,0,Healthy
BANK_003,"Mcclain, Miller and Henderson Rural Bank",Greater Accra,Small,2022,Q2,6,2022-Q2,37.55,26.58,15.97,8.79,32.49,49.26,0,Healthy
BANK_003,"Mcclain, Miller and Henderson Rural Bank",Greater Accra,Small,2022,Q3,7,2022-Q3,40.01,27.54,15.62,8.81,36.75,79.35,0,Healthy
BANK_003,"Mcclain, Miller and Henderson Rural Bank",Greater Accra,Small,2022,Q4,8,2022-Q4,40.51,26.24,15.66,9.38,33.77,69.27,0,Healthy
BANK_003,"Mcclain, Miller and Henderson Rural Bank",Greater Accra,Small,2023,Q1,9,2023-Q1,39.88,28.06,15.64,9.45,26.7,60.54,0,Healthy
BANK_003,"Mcclain, Miller and Henderson Rural Bank",Greater Accra,Small,2023,Q2,10,2023-Q2,41.26,26.94,15.71,9.55,33.98,84.52,0,Healthy
BANK_003,"Mcclain, Miller and Henderson Rural Bank",Greater Accra,Small,2023,Q3,11,2023-Q3,45.09,27.98,15.5,9.74,29.05,47.8,0,Healthy
BANK_003,"Mcclain, Miller and Henderson Rural Bank",Greater Accra,Small,2023,Q4,12,2023-Q4,49.08,26.91,15.3,9.88,27.73,62.07,0,Healthy
BANK_004,Davis and Sons Rural Bank,Volta,Large,2021,Q1,1,2021-Q1,314.19,34.51,9.15,3.57,63.07,59.96,1,High-Risk
BANK_004,Davis and Sons Rural Bank,Volta,Large,2021,Q2,2,2021-Q2,290.73,35.53,9.1,3.61,15.4,93.58,1,High-Risk
BANK_004,Davis and Sons Rural Bank,Volta,Large,2021,Q3,3,2021-Q3,305.43,34.29,9.06,3.55,61.83,60.95,1,High-Risk
BANK_004,Davis and Sons Rural Bank,Volta,Large,2021,Q4,4,2021-Q4,334.79,35.06,8.85,3.46,28.6,77.09,1,High-Risk
BANK_004,Davis and Sons Rural Bank,Volta,Large,2022,Q1,5,2022-Q1,306.82,35.99,8.83,3.45,48.97,47.66,1,High-Risk
BANK_004,Davis and Sons Rural Bank,Volta,Large,2022,Q2,6,2022-Q2,333.57,37.72,8.84,3.29,21.19,55.28,1,High-Risk
BANK_004,Davis and Sons Rural Bank,Volta,Large,2022,Q3,7,2022-Q3,329.6,36.95,8.79,3.25,48.34,73.99,1,High-Risk
BANK_004,Davis and Sons Rural Bank,Volta,Large,2022,Q4,8,2022-Q4,294.38,35.11,8.78,3.35,51.35,93.01,1,High-Risk
BANK_004,Davis and Sons Rural Bank,Volta,Large,2023,Q1,9,2023-Q1,303.59,34.81,8.74,3.29,24.78,75.53,1,High-Risk
BANK_004,Davis and Sons Rural Bank,Volta,Large,2023,Q2,10,2023-Q2,314.03,34.63,8.68,3.33,58.89,84.49,1,High-Risk
BANK_004,Davis and Sons Rural Bank,Volta,Large,2023,Q3,11,2023-Q3,310.19,34.71,8.67,3.34,33.73,81.04,1,High-Risk
BANK_004,Davis and Sons Rural Bank,Volta,Large,2023,Q4,12,2023-Q4,340.98,34.92,8.69,3.39,67.12,63.34,1,High-Risk
BANK_005,"Guzman, Hoffman and Baldwin Rural Bank",Central,Medium,2021,Q1,1,2021-Q1,184.37,33.02,15.09,3.89,11.65,66.09,0,Healthy
BANK_005,"Guzman, Hoffman and Baldwin Rural Bank",Central,Medium,2021,Q2,2,2021-Q2,183.21,34.14,14.98,3.82,24.72,77.18,0,Healthy
BANK_005,"Guzman, Hoffman and Baldwin Rural Bank",Central,Medium,2021,Q3,3,2021-Q3,195.11,33.33,14.86,3.89,23.18,69.68,0,Healthy
BANK_005,"Guzman, Hoffman and Baldwin Rural Bank",Central,Medium,2021,Q4,4,2021-Q4,202.8,33.79,14.89,4.02,13.51,48.85,0,Healthy
BANK_005,"Guzman, Hoffman and Baldwin Rural Bank",Central,Medium,2022,Q1,5,2022-Q1,219.56,34.89,14.56,4.05,35.25,86.64,0,Healthy
BANK_005,"Guzman, Hoffman and Baldwin Rural Bank",Central,Medium,2022,Q2,6,2022-Q2,258.86,35.92,14.43,3.76,35.16,49.81,0,Healthy
BANK_005,"Guzman, Hoffman and Baldwin Rural Bank",Central,Medium,2022,Q3,7,2022-Q3,291.89,35.33,14.66,3.76,13.48,57.72,0,Healthy
BANK_005,"Guzman, Hoffman and Baldwin Rural Bank",Central,Medium,2022,Q4,8,2022-Q4,292.58,34.72,14.79,3.78,32.66,49.54,0,Healthy
BANK_005,"Guzman, Hoffman and Baldwin Rural Bank",Central,Medium,2023,Q1,9,2023-Q1,336.45,33.84,15.04,3.67,20.39,91.13,0,Healthy
BANK_005,"Guzman, Hoffman and Baldwin Rural Bank",Central,Medium,2023,Q2,10,2023-Q2,336.18,32.9,14.99,3.61,18.9,90.74,0,Healthy
BANK_005,"Guzman, Hoffman and Baldwin Rural Bank",Central,Medium,2023,Q3,11,2023-Q3,304.08,31.84,15.11,3.72,35.93,82.45,0,Healthy
BANK_005,"Guzman, Hoffman and Baldwin Rural Bank",Central,Medium,2023,Q4,12,2023-Q4,298.31,31.71,15.2,3.67,38.67,56.98,0,Healthy
BANK_006,"Gardner, Robinson and Lawrence Rural Bank",Central,Small,2021,Q1,1,2021-Q1,43.11,31.5,17.43,0.78,14.01,76.53,0,Healthy
BANK_006,"Gardner, Robinson and Lawrence Rural Bank",Central,Small,2021,Q2,2,2021-Q2,44.22,30.7,17.62,0.79,32.53,81.48,0,Healthy
BANK_006,"Gardner, Robinson and Lawrence Rural Bank",Central,Small,2021,Q3,3,2021-Q3,47.4,29.79,17.54,0.8,8.49,64.84,0,Healthy
BANK_006,"Gardner, Robinson and Lawrence Rural Bank",Central,Small,2021,Q4,4,2021-Q4,40.35,29.27,17.73,0.83,22.83,49.13,0,Healthy
BANK_006,"Gardner, Robinson and Lawrence Rural Bank",Central,Small,2022,Q1,5,2022-Q1,40.57,30.55,17.93,0.81,23.53,66.69,0,Healthy
BANK_006,"Gardner, Robinson and Lawrence Rural Bank",Central,Small,2022,Q2,6,2022-Q2,48.01,32.5,17.89,0.76,26.91,81.78,0,Healthy
BANK_006,"Gardner, Robinson and Lawrence Rural Bank",Central,Small,2022,Q3,7,2022-Q3,50.88,33.27,17.97,0.78,12.31,73.76,0,Healthy
BANK_006,"Gardner, Robinson and Lawrence Rural Bank",Central,Small,2022,Q4,8,2022-Q4,51.24,34.15,17.9,0.8,12.69,59.82,0,Healthy
BANK_006,"Gardner, Robinson and Lawrence Rural Bank",Central,Small,2023,Q1,9,2023-Q1,50.6,34.23,17.64,0.81,17.07,60.99,0,Healthy
BANK_006,"Gardner, Robinson and Lawrence Rural Bank",Central,Small,2023,Q2,10,2023-Q2,54.27,33.99,18.0,0.79,12.82,69.3,0,Healthy
BANK_006,"Gardner, Robinson and Lawrence Rural Bank",Central,Small,2023,Q3,11,2023-Q3,52.59,36.1,18.03,0.81,17.63,88.25,0,Healthy
BANK_006,"Gardner, Robinson and Lawrence Rural Bank",Central,Small,2023,Q4,12,2023-Q4,54.27,36.39,18.34,0.8,9.15,87.77,0,Healthy
BANK_007,Blake and Sons Rural Bank,Greater Accra,Small,2021,Q1,1,2021-Q1,35.44,24.46,10.9,6.15,21.31,83.27,1,High-Risk
BANK_007,Blake and Sons Rural Bank,Greater Accra,Small,2021,Q2,2,2021-Q2,31.07,22.4,10.73,6.08,49.16,74.24,1,High-Risk
BANK_007,Blake and Sons Rural Bank,Greater Accra,Small,2021,Q3,3,2021-Q3,30.24,23.15,10.72,6.19,10.82,84.92,1,High-Risk
BANK_007,Blake and Sons Rural Bank,Greater Accra,Small,2021,Q4,4,2021-Q4,30.37,23.21,10.8,6.41,47.97,77.1,1,High-Risk
BANK_007,Blake and Sons Rural Bank,Greater Accra,Small,2022,Q1,5,2022-Q1,32.76,24.27,11.04,6.37,48.96,62.23,1,High-Risk
BANK_007,Blake and Sons Rural Bank,Greater Accra,Small,2022,Q2,6,2022-Q2,33.78,25.66,11.23,6.44,26.4,94.52,1,High-Risk
BANK_007,Blake and Sons Rural Bank,Greater Accra,Small,2022,Q3,7,2022-Q3,33.77,25.98,11.35,6.31,34.14,69.84,1,High-Risk
BANK_007,Blake and Sons Rural Bank,Greater Accra,Small,2022,Q4,8,2022-Q4,33.09,23.47,11.7,6.72,26.63,75.52,1,High-Risk
BANK_007,Blake and Sons Rural Bank,Greater Accra,Small,2023,Q1,9,2023-Q1,32.39,23.8,11.72,6.74,17.06,93.46,1,High-Risk
BANK_007,Blake and Sons Rural Bank,Greater Accra,Small,2023,Q2,10,2023-Q2,31.72,23.77,11.85,6.84,14.89,66.07,1,High-Risk
BANK_007,Blake and Sons Rural Bank,Greater Accra,Small,2023,Q3,11,2023-Q3,34.54,23.09,11.79,6.75,42.8,85.47,1,High-Risk
BANK_007,Blake and Sons Rural Bank,Greater Accra,Small,2023,Q4,12,2023-Q4,37.43,23.09,11.89,6.92,37.54,57.92,1,High-Risk
BANK_008,"Henderson, Ramirez and Lewis Rural Bank",Eastern,Medium,2021,Q1,1,2021-Q1,161.88,43.73,20.09,0.28,7.86,77.44,0,Healthy
BANK_008,"Henderson, Ramirez and Lewis Rural Bank",Eastern,Medium,2021,Q2,2,2021-Q2,166.32,41.09,20.13,0.27,25.29,79.91,0,Healthy
BANK_008,"Henderson, Ramirez and Lewis Rural Bank",Eastern,Medium,2021,Q3,3,2021-Q3,154.13,41.59,19.96,0.28,27.23,93.43,0,Healthy
BANK_008,"Henderson, Ramirez and Lewis Rural Bank",Eastern,Medium,2021,Q4,4,2021-Q4,161.87,42.23,19.89,0.28,14.69,43.8,0,Healthy
BANK_008,"Henderson, Ramirez and Lewis Rural Bank",Eastern,Medium,2022,Q1,5,2022-Q1,178.11,42.58,20.02,0.28,16.99,45.55,0,Healthy
BANK_008,"Henderson, Ramirez and Lewis Rural Bank",Eastern,Medium,2022,Q2,6,2022-Q2,181.09,43.17,19.88,0.27,15.29,72.08,0,Healthy
BANK_008,"Henderson, Ramirez and Lewis Rural Bank",Eastern,Medium,2022,Q3,7,2022-Q3,187.64,40.85,20.32,0.27,22.7,52.91,0,Healthy
BANK_008,"Henderson, Ramirez and Lewis Rural Bank",Eastern,Medium,2022,Q4,8,2022-Q4,187.1,39.61,20.51,0.27,28.13,89.26,0,Healthy
BANK_008,"Henderson, Ramirez and Lewis Rural Bank",Eastern,Medium,2023,Q1,9,2023-Q1,172.81,38.92,20.27,0.27,21.63,77.13,0,Healthy
BANK_008,"Henderson, Ramirez and Lewis Rural Bank",Eastern,Medium,2023,Q2,10,2023-Q2,199.61,38.83,20.19,0.27,20.43,45.76,0,Healthy
BANK_008,"Henderson, Ramirez and Lewis Rural Bank",Eastern,Medium,2023,Q3,11,2023-Q3,209.29,38.43,20.12,0.28,29.36,75.62,0,Healthy
BANK_008,"Henderson, Ramirez and Lewis Rural Bank",Eastern,Medium,2023,Q4,12,2023-Q4,214.71,37.99,20.24,0.29,28.57,45.49,0,Healthy
BANK_009,Garcia-James Rural Bank,Western,Medium,2021,Q1,1,2021-Q1,56.25,41.43,16.75,1.76,8.57,65.02,0,Healthy
BANK_009,Garcia-James Rural Bank,Western,Medium,2021,Q2,2,2021-Q2,59.23,41.61,16.54,1.8,31.05,71.25,0,Healthy
BANK_009,Garcia-James Rural Bank,Western,Medium,2021,Q3,3,2021-Q3,56.96,41.81,16.94,1.91,29.1,76.94,0,Healthy
BANK_009,Garcia-James Rural Bank,Western,Medium,2021,Q4,4,2021-Q4,58.43,40.74,17.0,1.96,26.06,49.01,0,Healthy
BANK_009,Garcia-James Rural Bank,Western,Medium,2022,Q1,5,2022-Q1,58.16,41.1,17.21,1.91,30.73,92.93,0,Healthy
BANK_009,Garcia-James Rural Bank,Western,Medium,2022,Q2,6,2022-Q2,62.1,42.93,17.26,1.84,31.37,67.4,0,Healthy
BANK_009,Garcia-James Rural Bank,Western,Medium,2022,Q3,7,2022-Q3,59.99,43.46,17.53,1.88,18.86,93.19,0,Healthy
BANK_009,Garcia-James Rural Bank,Western,Medium,2022,Q4,8,2022-Q4,58.52,40.57,17.16,1.98,13.97,42.53,0,Healthy
BANK_009,Garcia-James Rural Bank,Western,Medium,2023,Q1,9,2023-Q1,68.36,39.73,16.91,1.95,17.6,74.95,0,Healthy
BANK_009,Garcia-James Rural Bank,Western,Medium,2023,Q2,10,2023-Q2,79.74,42.03,17.02,1.8,20.94,92.6,0,Healthy
BANK_009,Garcia-James Rural Bank,Western,Medium,2023,Q3,11,2023-Q3,85.56,40.8,16.93,1.8,7.04,88.89,0,Healthy
BANK_009,Garcia-James Rural Bank,Western,Medium,2023,Q4,12,2023-Q4,81.3,41.16,17.14,1.84,23.44,68.36,0,Healthy
BANK_010,Abbott-Munoz Rural Bank,Volta,Large,2021,Q1,1,2021-Q1,729.64,30.18,9.14,10.69,59.16,57.05,1,High-Risk
BANK_010,Abbott-Munoz Rural Bank,Volta,Large,2021,Q2,2,2021-Q2,786.09,29.92,9.07,10.95,38.46,48.23,1,High-Risk
BANK_010,Abbott-Munoz Rural Bank,Volta,Large,2021,Q3,3,2021-Q3,894.52,30.16,9.1,10.49,53.58,49.46,1,High-Risk
BANK_010,Abbott-Munoz Rural Bank,Volta,Large,2021,Q4,4,2021-Q4,969.56,32.15,9.0,10.23,36.65,46.54,1,High-Risk
BANK_010,Abbott-Munoz Rural Bank,Volta,Large,2022,Q1,5,2022-Q1,1036.14,33.88,9.03,10.37,27.71,70.74,1,High-Risk
BANK_010,Abbott-Munoz Rural Bank,Volta,Large,2022,Q2,6,2022-Q2,1122.45,34.23,9.12,10.08,56.29,57.41,1,High-Risk
BANK_010,Abbott-Munoz Rural Bank,Volta,Large,2022,Q3,7,2022-Q3,1131.74,34.91,9.0,9.81,28.93,63.68,1,High-Risk
BANK_010,Abbott-Munoz Rural Bank,Volta,Large,2022,Q4,8,2022-Q4,1100.27,34.1,8.97,10.24,37.04,73.06,1,High-Risk
BANK_010,Abbott-Munoz Rural Bank,Volta,Large,2023,Q1,9,2023-Q1,1146.72,35.67,8.84,10.35,18.47,73.3,1,High-Risk
BANK_010,Abbott-Munoz Rural Bank,Volta,Large,2023,Q2,10,2023-Q2,1176.0,37.95,8.76,10.06,40.84,78.71,1,High-Risk
BANK_010,Abbott-Munoz Rural Bank,Volta,Large,2023,Q3,11,2023-Q3,1232.31,37.74,8.87,10.25,23.16,42.78,1,High-Risk
BANK_010,Abbott-Munoz Rural Bank,Volta,Large,2023,Q4,12,2023-Q4,1322.15,39.45,8.84,10.23,23.32,84.4,1,High-Risk
BANK_011,Blair PLC Rural Bank,Ashanti,Small,2021,Q1,1,2021-Q1,46.02,23.5,8.65,13.93,45.71,40.87,1,High-Risk
BANK_011,Blair PLC Rural Bank,Ashanti,Small,2021,Q2,2,2021-Q2,45.19,22.87,8.76,14.37,56.54,53.93,1,High-Risk
BANK_011,Blair PLC Rural Bank,Ashanti,Small,2021,Q3,3,2021-Q3,45.83,22.39,8.84,14.71,55.4,67.47,1,High-Risk
BANK_011,Blair PLC Rural Bank,Ashanti,Small,2021,Q4,4,2021-Q4,49.63,21.81,8.75,14.69,52.94,62.48,1,High-Risk
BANK_011,Blair PLC Rural Bank,Ashanti,Small,2022,Q1,5,2022-Q1,46.41,22.16,8.78,14.65,46.64,44.21,1,High-Risk
BANK_011,Blair PLC Rural Bank,Ashanti,Small,2022,Q2,6,2022-Q2,52.31,22.07,8.59,13.36,35.45,88.64,1,High-Risk
BANK_011,Blair PLC Rural Bank,Ashanti,Small,2022,Q3,7,2022-Q3,56.07,21.55,8.6,13.99,48.18,69.78,1,High-Risk
BANK_011,Blair PLC Rural Bank,Ashanti,Small,2022,Q4,8,2022-Q4,57.35,21.42,8.53,14.61,56.37,94.24,1,High-Risk
BANK_011,Blair PLC Rural Bank,Ashanti,Small,2023,Q1,9,2023-Q1,60.72,21.15,8.53,14.76,66.61,93.92,1,High-Risk
BANK_011,Blair PLC Rural Bank,Ashanti,Small,2023,Q2,10,2023-Q2,66.12,21.32,8.56,14.87,26.62,78.35,1,High-Risk
BANK_011,Blair PLC Rural Bank,Ashanti,Small,2023,Q3,11,2023-Q3,64.45,21.61,8.5,15.14,37.37,66.36,1,High-Risk
BANK_011,Blair PLC Rural Bank,Ashanti,Small,2023,Q4,12,2023-Q4,67.37,21.29,8.63,15.25,59.12,60.6,1,High-Risk
BANK_012,Dudley Group Rural Bank,Greater Accra,Medium,2021,Q1,1,2021-Q1,113.91,9.14,20.06,20.89,14.15,59.26,1,High-Risk
BANK_012,Dudley Group Rural Bank,Greater Accra,Medium,2021,Q2,2,2021-Q2,117.14,8.91,20.14,21.87,9.2,81.7,1,High-Risk
BANK_012,Dudley Group Rural Bank,Greater Accra,Medium,2021,Q3,3,2021-Q3,116.03,9.5,19.92,22.92,10.31,92.72,1,High-Risk
BANK_012,Dudley Group Rural Bank,Greater Accra,Medium,2021,Q4,4,2021-Q4,118.08,9.64,20.03,23.75,16.32,94.08,1,High-Risk
BANK_012,Dudley Group Rural Bank,Greater Accra,Medium,2022,Q1,5,2022-Q1,112.68,9.73,19.97,23.52,22.1,80.49,1,High-Risk
BANK_012,Dudley Group Rural Bank,Greater Accra,Medium,2022,Q2,6,2022-Q2,128.79,9.72,19.74,23.54,4.86,57.5,1,High-Risk
BANK_012,Dudley Group Rural Bank,Greater Accra,Medium,2022,Q3,7,2022-Q3,129.83,9.94,19.87,24.36,19.04,61.48,1,High-Risk
BANK_012,Dudley Group Rural Bank,Greater Accra,Medium,2022,Q4,8,2022-Q4,116.19,9.61,19.29,26.14,28.04,65.36,1,High-Risk
BANK_012,Dudley Group Rural Bank,Greater Accra,Medium,2023,Q1,9,2023-Q1,128.52,9.47,19.36,26.24,5.99,62.76,1,High-Risk
BANK_012,Dudley Group Rural Bank,Greater Accra,Medium,2023,Q2,10,2023-Q2,131.34,9.48,19.39,26.29,20.01,72.15,1,High-Risk
BANK_012,Dudley Group Rural Bank,Greater Accra,Medium,2023,Q3,11,2023-Q3,139.0,9.64,19.89,26.08,9.45,77.59,1,High-Risk
BANK_012,Dudley Group Rural Bank,Greater Accra,Medium,2023,Q4,12,2023-Q4,131.68,9.8,19.64,26.59,16.22,89.05,1,High-Risk
BANK_013,Arnold Ltd Rural Bank,Northern,Small,2021,Q1,1,2021-Q1,10.15,31.53,8.19,5.64,33.07,51.4,1,High-Risk
BANK_013,Arnold Ltd Rural Bank,Northern,Small,2021,Q2,2,2021-Q2,10.19,30.46,8.17,5.64,30.77,78.87,1,High-Risk
BANK_013,Arnold Ltd Rural Bank,Northern,Small,2021,Q3,3,2021-Q3,8.66,28.35,8.06,6.05,16.18,59.09,1,High-Risk
BANK_013,Arnold Ltd Rural Bank,Northern,Small,2021,Q4,4,2021-Q4,9.19,29.97,8.08,5.92,64.44,62.89,1,High-Risk
BANK_013,Arnold Ltd Rural Bank,Northern,Small,2022,Q1,5,2022-Q1,9.5,31.68,8.06,6.11,60.69,62.36,1,High-Risk
BANK_013,Arnold Ltd Rural Bank,Northern,Small,2022,Q2,6,2022-Q2,9.79,33.29,7.93,6.29,26.77,72.39,1,High-Risk
BANK_013,Arnold Ltd Rural Bank,Northern,Small,2022,Q3,7,2022-Q3,10.48,34.44,7.94,6.37,44.08,72.45,1,High-Risk
BANK_013,Arnold Ltd Rural Bank,Northern,Small,2022,Q4,8,2022-Q4,9.78,33.8,7.91,6.64,68.52,76.85,1,High-Risk
BANK_013,Arnold Ltd Rural Bank,Northern,Small,2023,Q1,9,2023-Q1,9.5,33.7,7.92,6.69,54.76,90.73,1,High-Risk
BANK_013,Arnold Ltd Rural Bank,Northern,Small,2023,Q2,10,2023-Q2,9.73,32.72,8.04,6.5,50.98,55.55,1,High-Risk
BANK_013,Arnold Ltd Rural Bank,Northern,Small,2023,Q3,11,2023-Q3,10.42,33.45,8.02,6.21,29.0,65.06,1,High-Risk
BANK_013,Arnold Ltd Rural Bank,Northern,Small,2023,Q4,12,2023-Q4,10.54,34.35,8.08,6.13,68.65,49.07,1,High-Risk
BANK_014,"Mcclure, Ward and Lee Rural Bank",Greater Accra,Medium,2021,Q1,1,2021-Q1,94.14,19.34,10.53,22.7,25.45,83.13,1,High-Risk
BANK_014,"Mcclure, Ward and Lee Rural Bank",Greater Accra,Medium,2021,Q2,2,2021-Q2,99.11,18.81,10.56,23.18,43.46,49.53,1,High-Risk
BANK_014,"Mcclure, Ward and Lee Rural Bank",Greater Accra,Medium,2021,Q3,3,2021-Q3,94.47,17.53,10.58,24.19,20.71,68.77,1,High-Risk
BANK_014,"Mcclure, Ward and Lee Rural Bank",Greater Accra,Medium,2021,Q4,4,2021-Q4,94.14,17.19,10.61,24.92,35.33,73.93,1,High-Risk
BANK_014,"Mcclure, Ward and Lee Rural Bank",Greater Accra,Medium,2022,Q1,5,2022-Q1,89.15,17.36,10.62,25.34,50.34,71.59,1,High-Risk
BANK_014,"Mcclure, Ward and Lee Rural Bank",Greater Accra,Medium,2022,Q2,6,2022-Q2,91.57,17.73,10.71,25.84,8.9,47.68,1,High-Risk
BANK_014,"Mcclure, Ward and Lee Rural Bank",Greater Accra,Medium,2022,Q3,7,2022-Q3,98.34,17.3,10.87,25.67,10.14,91.05,1,High-Risk
BANK_014,"Mcclure, Ward and Lee Rural Bank",Greater Accra,Medium,2022,Q4,8,2022-Q4,93.98,17.74,10.85,28.41,23.2,64.43,1,High-Risk
BANK_014,"Mcclure, Ward and Lee Rural Bank",Greater Accra,Medium,2023,Q1,9,2023-Q1,95.06,17.42,10.78,27.19,12.15,54.43,1,High-Risk
BANK_014,"Mcclure, Ward and Lee Rural Bank",Greater Accra,Medium,2023,Q2,10,2023-Q2,93.17,16.47,10.75,27.76,18.39,67.53,1,High-Risk
BANK_014,"Mcclure, Ward and Lee Rural Bank",Greater Accra,Medium,2023,Q3,11,2023-Q3,100.51,15.92,10.71,28.22,53.91,64.23,1,High-Risk
BANK_014,"Mcclure, Ward and Lee Rural Bank",Greater Accra,Medium,2023,Q4,12,2023-Q4,104.82,17.0,10.42,26.98,40.89,82.7,1,High-Risk
BANK_015,Williams and Sons Rural Bank,Upper East,Large,2021,Q1,1,2021-Q1,698.09,33.54,28.86,6.33,10.84,54.55,0,Healthy
BANK_015,Williams and Sons Rural Bank,Upper East,Large,2021,Q2,2,2021-Q2,680.61,34.88,29.27,6.66,12.05,40.34,0,Healthy
BANK_015,Williams and Sons Rural Bank,Upper East,Large,2021,Q3,3,2021-Q3,535.24,33.73,29.52,7.28,16.11,58.26,0,Healthy
BANK_015,Williams and Sons Rural Bank,Upper East,Large,2021,Q4,4,2021-Q4,517.78,34.66,29.01,7.06,20.15,49.42,0,Healthy
BANK_015,Williams and Sons Rural Bank,Upper East,Large,2022,Q1,5,2022-Q1,527.4,37.04,29.11,7.09,20.17,45.81,0,Healthy
BANK_015,Williams and Sons Rural Bank,Upper East,Large,2022,Q2,6,2022-Q2,602.34,36.08,29.14,7.39,14.31,82.24,0,Healthy
BANK_015,Williams and Sons Rural Bank,Upper East,Large,2022,Q3,7,2022-Q3,618.96,36.96,28.66,7.46,4.3,50.73,0,Healthy
BANK_015,Williams and Sons Rural Bank,Upper East,Large,2022,Q4,8,2022-Q4,598.52,34.6,28.64,7.94,16.2,76.36,0,Healthy
BANK_015,Williams and Sons Rural Bank,Upper East,Large,2023,Q1,9,2023-Q1,658.89,35.77,28.78,8.09,17.18,66.55,0,Healthy
BANK_015,Williams and Sons Rural Bank,Upper East,Large,2023,Q2,10,2023-Q2,702.39,36.82,28.87,8.16,8.47,86.84,0,Healthy
BANK_015,Williams and Sons Rural Bank,Upper East,Large,2023,Q3,11,2023-Q3,720.57,33.81,28.76,8.0,14.23,42.34,0,Healthy
BANK_015,Williams and Sons Rural Bank,Upper East,Large,2023,Q4,12,2023-Q4,737.62,31.34,29.03,7.98,17.62,61.12,0,Healthy
BANK_016,Galloway-Wyatt Rural Bank,Eastern,Small,2021,Q1,1,2021-Q1,26.44,29.77,15.0,11.34,11.01,87.28,0,Healthy
BANK_016,Galloway-Wyatt Rural Bank,Eastern,Small,2021,Q2,2,2021-Q2,27.67,28.86,15.11,11.4,15.97,67.06,0,Healthy
BANK_016,Galloway-Wyatt Rural Bank,Eastern,Small,2021,Q3,3,2021-Q3,27.69,29.47,15.08,12.06,24.8,54.95,0,Healthy
BANK_016,Galloway-Wyatt Rural Bank,Eastern,Small,2021,Q4,4,2021-Q4,29.89,29.96,15.05,12.05,18.05,80.28,0,Healthy
BANK_016,Galloway-Wyatt Rural Bank,Eastern,Small,2022,Q1,5,2022-Q1,30.31,30.86,14.94,12.11,26.91,46.28,0,Healthy
BANK_016,Galloway-Wyatt Rural Bank,Eastern,Small,2022,Q2,6,2022-Q2,30.74,31.72,14.87,11.95,7.33,68.89,0,Healthy
BANK_016,Galloway-Wyatt Rural Bank,Eastern,Small,2022,Q3,7,2022-Q3,29.88,31.4,14.72,11.98,36.01,77.31,0,Healthy
BANK_016,Galloway-Wyatt Rural Bank,Eastern,Small,2022,Q4,8,2022-Q4,30.27,29.89,14.62,12.53,18.34,59.79,0,Healthy
BANK_016,Galloway-Wyatt Rural Bank,Eastern,Small,2023,Q1,9,2023-Q1,31.6,28.55,14.81,12.7,7.17,88.06,0,Healthy
BANK_016,Galloway-Wyatt Rural Bank,Eastern,Small,2023,Q2,10,2023-Q2,32.54,29.38,14.61,12.6,14.57,54.55,0,Healthy
BANK_016,Galloway-Wyatt Rural Bank,Eastern,Small,2023,Q3,11,2023-Q3,33.41,27.95,14.69,13.14,31.87,86.05,0,Healthy
BANK_016,Galloway-Wyatt Rural Bank,Eastern,Small,2023,Q4,12,2023-Q4,33.22,27.79,14.49,13.39,10.63,41.42,0,Healthy
BANK_017,James Group Rural Bank,Northern,Medium,2021,Q1,1,2021-Q1,138.38,28.61,17.99,12.56,6.68,91.53,0,Healthy
BANK_017,James Group Rural Bank,Northern,Medium,2021,Q2,2,2021-Q2,150.28,28.73,17.86,12.7,9.89,75.91,0,Healthy
BANK_017,James Group Rural Bank,Northern,Medium,2021,Q3,3,2021-Q3,149.25,27.67,17.68,13.6,24.55,86.41,0,Healthy
BANK_017,James Group Rural Bank,Northern,Medium,2021,Q4,4,2021-Q4,163.5,28.79,17.28,13.37,22.66,49.97,0,Healthy
BANK_017,James Group Rural Bank,Northern,Medium,2022,Q1,5,2022-Q1,153.04,28.02,17.61,13.71,31.92,62.5,0,Healthy
BANK_017,James Group Rural Bank,Northern,Medium,2022,Q2,6,2022-Q2,152.53,27.36,17.74,14.08,19.67,42.38,0,Healthy
BANK_017,James Group Rural Bank,Northern,Medium,2022,Q3,7,2022-Q3,151.75,27.23,17.43,13.85,6.91,53.34,0,Healthy
BANK_017,James Group Rural Bank,Northern,Medium,2022,Q4,8,2022-Q4,132.6,27.46,17.43,14.69,15.78,57.38,0,Healthy
BANK_017,James Group Rural Bank,Northern,Medium,2023,Q1,9,2023-Q1,131.58,28.22,17.29,14.71,14.49,79.32,0,Healthy
BANK_017,James Group Rural Bank,Northern,Medium,2023,Q2,10,2023-Q2,132.17,27.55,17.41,14.06,19.75,75.12,0,Healthy
BANK_017,James Group Rural Bank,Northern,Medium,2023,Q3,11,2023-Q3,134.11,26.82,17.25,14.55,9.45,50.04,0,Healthy
BANK_017,James Group Rural Bank,Northern,Medium,2023,Q4,12,2023-Q4,139.31,26.05,17.33,14.77,28.14,57.81,0,Healthy
BANK_018,"Flowers, Martin and Kelly Rural Bank",Ashanti,Small,2021,Q1,1,2021-Q1,46.68,21.56,27.17,4.17,16.06,55.05,0,Healthy
BANK_018,"Flowers, Martin and Kelly Rural Bank",Ashanti,Small,2021,Q2,2,2021-Q2,47.52,21.01,27.02,4.3,14.79,91.9,0,Healthy
BANK_018,"Flowers, Martin and Kelly Rural Bank",Ashanti,Small,2021,Q3,3,2021-Q3,47.26,21.94,27.01,4.26,12.62,85.13,0,Healthy
BANK_018,"Flowers, Martin and Kelly Rural Bank",Ashanti,Small,2021,Q4,4,2021-Q4,47.02,21.65,26.9,4.23,16.46,56.85,0,Healthy
BANK_018,"Flowers, Martin and Kelly Rural Bank",Ashanti,Small,2022,Q1,5,2022-Q1,48.23,21.54,26.45,4.2,12.26,49.21,0,Healthy
BANK_018,"Flowers, Martin and Kelly Rural Bank",Ashanti,Small,2022,Q2,6,2022-Q2,51.59,22.65,26.56,4.13,7.88,42.53,0,Healthy
BANK_018,"Flowers, Martin and Kelly Rural Bank",Ashanti,Small,2022,Q3,7,2022-Q3,46.85,22.93,26.59,4.23,9.63,81.41,0,Healthy
BANK_018,"Flowers, Martin and Kelly Rural Bank",Ashanti,Small,2022,Q4,8,2022-Q4,44.5,21.97,26.49,4.36,19.51,55.1,0,Healthy
BANK_018,"Flowers, Martin and Kelly Rural Bank",Ashanti,Small,2023,Q1,9,2023-Q1,46.87,21.79,26.0,4.47,20.27,83.04,0,Healthy
BANK_018,"Flowers, Martin and Kelly Rural Bank",Ashanti,Small,2023,Q2,10,2023-Q2,46.41,20.72,26.04,4.33,17.63,43.38,0,Healthy
BANK_018,"Flowers, Martin and Kelly Rural Bank",Ashanti,Small,2023,Q3,11,2023-Q3,45.04,20.61,26.3,4.5,12.9,41.14,0,Healthy
BANK_018,"Flowers, Martin and Kelly Rural Bank",Ashanti,Small,2023,Q4,12,2023-Q4,45.69,19.77,26.95,4.74,11.99,92.39,0,Healthy
BANK_019,"Adams, Zuniga and Wong Rural Bank",Greater Accra,Small,2021,Q1,1,2021-Q1,14.92,37.49,12.09,7.76,12.81,51.54,0,Healthy
BANK_019,"Adams, Zuniga and Wong Rural Bank",Greater Accra,Small,2021,Q2,2,2021-Q2,15.41,37.9,12.25,7.98,41.63,64.77,0,Healthy
BANK_019,"Adams, Zuniga and Wong Rural Bank",Greater Accra,Small,2021,Q3,3,2021-Q3,15.06,38.45,12.06,8.13,37.84,76.18,0,Healthy
BANK_019,"Adams, Zuniga and Wong Rural Bank",Greater Accra,Small,2021,Q4,4,2021-Q4,14.32,37.8,12.04,8.19,17.11,86.95,0,Healthy
BANK_019,"Adams, Zuniga and Wong Rural Bank",Greater Accra,Small,2022,Q1,5,2022-Q1,14.76,37.32,11.92,7.94,38.58,79.31,1,High-Risk
BANK_019,"Adams, Zuniga and Wong Rural Bank",Greater Accra,Small,2022,Q2,6,2022-Q2,16.3,36.98,12.13,8.04,36.41,57.27,0,Healthy
BANK_019,"Adams, Zuniga and Wong Rural Bank",Greater Accra,Small,2022,Q3,7,2022-Q3,15.07,38.08,12.05,7.83,38.97,83.8,0,Healthy
BANK_019,"Adams, Zuniga and Wong Rural Bank",Greater Accra,Small,2022,Q4,8,2022-Q4,15.3,36.81,12.02,8.23,31.91,46.21,0,Healthy
BANK_019,"Adams, Zuniga and Wong Rural Bank",Greater Accra,Small,2023,Q1,9,2023-Q1,16.57,36.76,12.17,8.24,13.47,63.58,0,Healthy
BANK_019,"Adams, Zuniga and Wong Rural Bank",Greater Accra,Small,2023,Q2,10,2023-Q2,16.9,37.67,12.15,8.11,32.26,67.35,0,Healthy
BANK_019,"Adams, Zuniga and Wong Rural Bank",Greater Accra,Small,2023,Q3,11,2023-Q3,18.55,38.22,12.23,8.27,45.2,47.73,0,Healthy
BANK_019,"Adams, Zuniga and Wong Rural Bank",Greater Accra,Small,2023,Q4,12,2023-Q4,19.98,39.7,12.3,8.37,12.38,43.15,0,Healthy
BANK_020,"Reid, Ferguson and Sanchez Rural Bank",Greater Accra,Medium,2021,Q1,1,2021-Q1,111.18,29.64,14.15,2.06,37.3,80.04,0,Healthy
BANK_020,"Reid, Ferguson and Sanchez Rural Bank",Greater Accra,Medium,2021,Q2,2,2021-Q2,115.65,29.63,14.22,2.06,19.07,57.38,0,Healthy
BANK_020,"Reid, Ferguson and Sanchez Rural Bank",Greater Accra,Medium,2021,Q3,3,2021-Q3,119.66,30.62,14.14,2.07,32.72,93.96,0,Healthy
BANK_020,"Reid, Ferguson and Sanchez Rural Bank",Greater Accra,Medium,2021,Q4,4,2021-Q4,125.82,29.02,13.96,2.09,27.79,73.95,0,Healthy
BANK_020,"Reid, Ferguson and Sanchez Rural Bank",Greater Accra,Medium,2022,Q1,5,2022-Q1,123.91,27.93,13.89,2.11,18.52,63.05,0,Healthy
BANK_020,"Reid, Ferguson and Sanchez Rural Bank",Greater Accra,Medium,2022,Q2,6,2022-Q2,129.08,27.86,14.0,2.11,12.8,61.67,0,Healthy
BANK_020,"Reid, Ferguson and Sanchez Rural Bank",Greater Accra,Medium,2022,Q3,7,2022-Q3,124.72,27.36,14.24,2.07,42.0,74.4,0,Healthy
BANK_020,"Reid, Ferguson and Sanchez Rural Bank",Greater Accra,Medium,2022,Q4,8,2022-Q4,109.84,26.0,14.38,2.19,30.0,61.02,0,Healthy
BANK_020,"Reid, Ferguson and Sanchez Rural Bank",Greater Accra,Medium,2023,Q1,9,2023-Q1,123.29,25.21,14.23,2.16,14.03,74.51,0,Healthy
BANK_020,"Reid, Ferguson and Sanchez Rural Bank",Greater Accra,Medium,2023,Q2,10,2023-Q2,129.36,23.88,14.29,2.22,15.69,69.84,0,Healthy
BANK_020,"Reid, Ferguson and Sanchez Rural Bank",Greater Accra,Medium,2023,Q3,11,2023-Q3,148.25,23.85,14.4,2.18,38.79,58.64,0,Healthy
BANK_020,"Reid, Ferguson and Sanchez Rural Bank",Greater Accra,Medium,2023,Q4,12,2023-Q4,139.29,24.28,14.33,2.15,30.56,79.45,0,Healthy
BANK_021,Gray-Mayo Rural Bank,Northern,Small,2021,Q1,1,2021-Q1,14.93,31.79,11.49,7.82,34.87,85.25,1,High-Risk
BANK_021,Gray-Mayo Rural Bank,Northern,Small,2021,Q2,2,2021-Q2,16.21,31.26,11.44,7.81,39.09,65.12,1,High-Risk
BANK_021,Gray-Mayo Rural Bank,Northern,Small,2021,Q3,3,2021-Q3,15.02,29.23,11.42,8.39,53.8,55.96,1,High-Risk
BANK_021,Gray-Mayo Rural Bank,Northern,Small,2021,Q4,4,2021-Q4,16.89,31.16,11.43,8.31,26.98,65.97,1,High-Risk
BANK_021,Gray-Mayo Rural Bank,Northern,Small,2022,Q1,5,2022-Q1,16.62,31.34,11.61,8.44,34.5,59.1,1,High-Risk
BANK_021,Gray-Mayo Rural Bank,Northern,Small,2022,Q2,6,2022-Q2,17.38,31.23,11.57,8.45,12.13,43.06,1,High-Risk
BANK_021,Gray-Mayo Rural Bank,Northern,Small,2022,Q3,7,2022-Q3,18.15,30.69,11.33,8.53,16.36,58.59,1,High-Risk
BANK_021,Gray-Mayo Rural Bank,Northern,Small,2022,Q4,8,2022-Q4,16.54,29.27,11.15,8.9,15.82,76.3,1,High-Risk
BANK_021,Gray-Mayo Rural Bank,Northern,Small,2023,Q1,9,2023-Q1,15.67,28.25,11.11,9.27,41.59,46.57,1,High-Risk
BANK_021,Gray-Mayo Rural Bank,Northern,Small,2023,Q2,10,2023-Q2,16.12,27.71,11.23,9.49,21.81,40.43,1,High-Risk
BANK_021,Gray-Mayo Rural Bank,Northern,Small,2023,Q3,11,2023-Q3,15.91,27.87,11.33,9.24,26.57,79.73,1,High-Risk
BANK_021,Gray-Mayo Rural Bank,Northern,Small,2023,Q4,12,2023-Q4,15.29,28.42,11.39,9.18,27.96,74.96,1,High-Risk
BANK_022,"Watts, Robinson and Nguyen Rural Bank",Central,Large,2021,Q1,1,2021-Q1,262.65,5.04,20.52,15.33,17.1,65.19,1,High-Risk
BANK_022,"Watts, Robinson and Nguyen Rural Bank",Central,Large,2021,Q2,2,2021-Q2,273.05,4.75,20.48,16.01,8.49,75.89,1,High-Risk
BANK_022,"Watts, Robinson and Nguyen Rural Bank",Central,Large,2021,Q3,3,2021-Q3,297.2,4.89,20.48,16.18,15.15,84.37,1,High-Risk
BANK_022,"Watts, Robinson and Nguyen Rural Bank",Central,Large,2021,Q4,4,2021-Q4,300.22,5.0,20.43,16.06,15.69,47.1,1,High-Risk
BANK_022,"Watts, Robinson and Nguyen Rural Bank",Central,Large,2022,Q1,5,2022-Q1,325.46,5.02,20.45,16.38,28.61,49.38,1,High-Risk
BANK_022,"Watts, Robinson and Nguyen Rural Bank",Central,Large,2022,Q2,6,2022-Q2,377.95,5.45,20.66,15.49,4.67,54.03,1,High-Risk
BANK_022,"Watts, Robinson and Nguyen Rural Bank",Central,Large,2022,Q3,7,2022-Q3,408.58,5.58,20.63,15.68,11.64,90.26,1,High-Risk
BANK_022,"Watts, Robinson and Nguyen Rural Bank",Central,Large,2022,Q4,8,2022-Q4,416.23,5.15,20.63,15.97,11.17,67.56,1,High-Risk
BANK_022,"Watts, Robinson and Nguyen Rural Bank",Central,Large,2023,Q1,9,2023-Q1,479.74,5.03,20.79,15.56,7.0,80.01,1,High-Risk
BANK_022,"Watts, Robinson and Nguyen Rural Bank",Central,Large,2023,Q2,10,2023-Q2,488.99,5.08,20.89,15.83,20.99,86.11,1,High-Risk
BANK_022,"Watts, Robinson and Nguyen Rural Bank",Central,Large,2023,Q3,11,2023-Q3,449.9,5.21,21.09,16.23,11.64,43.89,1,High-Risk
BANK_022,"Watts, Robinson and Nguyen Rural Bank",Central,Large,2023,Q4,12,2023-Q4,472.59,5.11,20.82,16.07,25.89,66.6,1,High-Risk
BANK_023,Perez Inc Rural Bank,Ashanti,Medium,2021,Q1,1,2021-Q1,50.35,41.97,29.65,3.66,19.42,43.05,0,Healthy
BANK_023,Perez Inc Rural Bank,Ashanti,Medium,2021,Q2,2,2021-Q2,48.68,45.16,29.63,3.88,11.04,58.46,0,Healthy
BANK_023,Perez Inc Rural Bank,Ashanti,Medium,2021,Q3,3,2021-Q3,45.47,41.1,29.44,3.98,9.28,43.01,0,Healthy
BANK_023,Perez Inc Rural Bank,Ashanti,Medium,2021,Q4,4,2021-Q4,44.96,41.2,29.22,3.85,4.94,84.94,0,Healthy
BANK_023,Perez Inc Rural Bank,Ashanti,Medium,2022,Q1,5,2022-Q1,44.69,38.87,28.93,3.85,19.59,83.52,0,Healthy
BANK_023,Perez Inc Rural Bank,Ashanti,Medium,2022,Q2,6,2022-Q2,49.34,41.44,28.71,3.74,3.85,53.02,0,Healthy
BANK_023,Perez Inc Rural Bank,Ashanti,Medium,2022,Q3,7,2022-Q3,45.68,42.27,28.19,3.89,9.05,78.99,0,Healthy
BANK_023,Perez Inc Rural Bank,Ashanti,Medium,2022,Q4,8,2022-Q4,44.49,42.7,27.9,3.99,18.5,41.89,0,Healthy
BANK_023,Perez Inc Rural Bank,Ashanti,Medium,2023,Q1,9,2023-Q1,44.55,41.6,27.42,4.06,3.92,49.5,0,Healthy
BANK_023,Perez Inc Rural Bank,Ashanti,Medium,2023,Q2,10,2023-Q2,45.69,41.54,27.54,3.91,4.55,54.81,0,Healthy
BANK_023,Perez Inc Rural Bank,Ashanti,Medium,2023,Q3,11,2023-Q3,46.74,43.36,28.06,3.99,7.96,47.19,0,Healthy
BANK_023,Perez Inc Rural Bank,Ashanti,Medium,2023,Q4,12,2023-Q4,44.13,43.13,28.01,4.0,14.83,42.79,0,Healthy
BANK_024,Morales-Jones Rural Bank,Central,Medium,2021,Q1,1,2021-Q1,195.93,19.41,8.11,3.3,73.48,45.53,1,High-Risk
BANK_024,Morales-Jones Rural Bank,Central,Medium,2021,Q2,2,2021-Q2,202.75,20.03,8.06,3.3,58.25,54.79,1,High-Risk
BANK_024,Morales-Jones Rural Bank,Central,Medium,2021,Q3,3,2021-Q3,203.73,20.62,8.07,3.42,62.91,42.04,1,High-Risk
BANK_024,Morales-Jones Rural Bank,Central,Medium,2021,Q4,4,2021-Q4,205.43,22.43,8.06,3.51,13.84,61.98,1,High-Risk
BANK_024,Morales-Jones Rural Bank,Central,Medium,2022,Q1,5,2022-Q1,207.0,23.51,8.09,3.49,49.01,51.56,1,High-Risk
BANK_024,Morales-Jones Rural Bank,Central,Medium,2022,Q2,6,2022-Q2,246.35,24.67,8.1,3.41,27.01,80.43,1,High-Risk
BANK_024,Morales-Jones Rural Bank,Central,Medium,2022,Q3,7,2022-Q3,258.38,24.51,8.09,3.36,61.06,89.66,1,High-Risk
BANK_024,Morales-Jones Rural Bank,Central,Medium,2022,Q4,8,2022-Q4,252.29,23.1,8.18,3.38,62.11,50.54,1,High-Risk
BANK_024,Morales-Jones Rural Bank,Central,Medium,2023,Q1,9,2023-Q1,273.86,23.45,8.2,3.35,58.36,73.25,1,High-Risk
BANK_024,Morales-Jones Rural Bank,Central,Medium,2023,Q2,10,2023-Q2,294.17,23.45,8.1,3.24,53.07,55.3,1,High-Risk
BANK_024,Morales-Jones Rural Bank,Central,Medium,2023,Q3,11,2023-Q3,314.21,23.11,8.09,3.2,44.71,50.1,1,High-Risk
BANK_024,Morales-Jones Rural Bank,Central,Medium,2023,Q4,12,2023-Q4,273.52,23.01,8.06,3.2,65.85,80.08,1,High-Risk
BANK_025,"Walter, Edwards and Rios Rural Bank",Western,Large,2021,Q1,1,2021-Q1,317.0,33.32,14.9,0.9,40.03,75.11,0,Healthy
BANK_025,"Walter, Edwards and Rios Rural Bank",Western,Large,2021,Q2,2,2021-Q2,332.07,33.96,14.75,0.89,29.28,79.86,0,Healthy
BANK_025,"Walter, Edwards and Rios Rural Bank",Western,Large,2021,Q3,3,2021-Q3,334.82,32.25,14.55,0.89,7.56,56.64,0,Healthy
BANK_025,"Walter, Edwards and Rios Rural Bank",Western,Large,2021,Q4,4,2021-Q4,319.75,32.07,14.46,0.89,41.38,59.81,0,Healthy
BANK_025,"Walter, Edwards and Rios Rural Bank",Western,Large,2022,Q1,5,2022-Q1,302.03,31.53,14.48,0.91,30.64,90.97,0,Healthy
BANK_025,"Walter, Edwards and Rios Rural Bank",Western,Large,2022,Q2,6,2022-Q2,324.84,30.24,14.66,0.88,22.72,84.52,0,Healthy
BANK_025,"Walter, Edwards and Rios Rural Bank",Western,Large,2022,Q3,7,2022-Q3,316.57,29.73,14.56,0.88,26.13,67.52,0,Healthy
BANK_025,"Walter, Edwards and Rios Rural Bank",Western,Large,2022,Q4,8,2022-Q4,293.52,29.72,14.71,0.92,30.78,50.48,0,Healthy
BANK_025,"Walter, Edwards and Rios Rural Bank",Western,Large,2023,Q1,9,2023-Q1,293.59,27.61,14.88,0.92,25.04,67.99,0,Healthy
BANK_025,"Walter, Edwards and Rios Rural Bank",Western,Large,2023,Q2,10,2023-Q2,350.14,28.96,14.7,0.85,5.57,60.44,0,Healthy
BANK_025,"Walter, Edwards and Rios Rural Bank",Western,Large,2023,Q3,11,2023-Q3,331.81,29.69,14.62,0.88,21.64,57.3,0,Healthy
BANK_025,"Walter, Edwards and Rios Rural Bank",Western,Large,2023,Q4,12,2023-Q4,301.95,28.93,14.52,0.93,10.99,45.19,0,Healthy
BANK_026,Wilkerson-Day Rural Bank,Northern,Medium,2021,Q1,1,2021-Q1,90.24,31.19,29.99,6.21,18.46,40.56,0,Healthy
BANK_026,Wilkerson-Day Rural Bank,Northern,Medium,2021,Q2,2,2021-Q2,95.17,31.7,30.35,6.06,11.8,43.31,0,Healthy
BANK_026,Wilkerson-Day Rural Bank,Northern,Medium,2021,Q3,3,2021-Q3,88.72,29.99,30.44,6.57,15.96,67.96,0,Healthy
BANK_026,Wilkerson-Day Rural Bank,Northern,Medium,2021,Q4,4,2021-Q4,103.14,32.38,29.8,6.46,7.89,72.07,0,Healthy
BANK_026,Wilkerson-Day Rural Bank,Northern,Medium,2022,Q1,5,2022-Q1,109.27,31.56,30.06,6.43,15.35,54.82,0,Healthy
BANK_026,Wilkerson-Day Rural Bank,Northern,Medium,2022,Q2,6,2022-Q2,112.88,32.25,29.85,6.5,14.22,60.83,0,Healthy
BANK_026,Wilkerson-Day Rural Bank,Northern,Medium,2022,Q3,7,2022-Q3,116.87,31.36,29.69,6.58,18.02,43.44,0,Healthy
BANK_026,Wilkerson-Day Rural Bank,Northern,Medium,2022,Q4,8,2022-Q4,103.09,31.18,29.9,7.08,16.38,83.8,0,Healthy
BANK_026,Wilkerson-Day Rural Bank,Northern,Medium,2023,Q1,9,2023-Q1,105.89,31.4,29.89,7.17,18.51,55.23,0,Healthy
BANK_026,Wilkerson-Day Rural Bank,Northern,Medium,2023,Q2,10,2023-Q2,111.26,31.44,29.81,7.2,3.57,70.78,0,Healthy
BANK_026,Wilkerson-Day Rural Bank,Northern,Medium,2023,Q3,11,2023-Q3,112.57,32.45,30.48,7.31,17.13,77.19,0,Healthy
BANK_026,Wilkerson-Day Rural Bank,Northern,Medium,2023,Q4,12,2023-Q4,115.08,30.37,30.4,7.4,14.25,93.38,0,Healthy
BANK_027,Baker and Sons Rural Bank,Eastern,Medium,2021,Q1,1,2021-Q1,53.88,27.16,14.27,13.58,31.01,40.09,0,Healthy
BANK_027,Baker and Sons Rural Bank,Eastern,Medium,2021,Q2,2,2021-Q2,49.97,26.45,14.24,13.81,30.19,93.61,0,Healthy
BANK_027,Baker and Sons Rural Bank,Eastern,Medium,2021,Q3,3,2021-Q3,47.21,25.85,14.06,13.47,34.54,78.23,0,Healthy
BANK_027,Baker and Sons Rural Bank,Eastern,Medium,2021,Q4,4,2021-Q4,51.65,25.53,13.98,13.35,25.13,83.01,0,Healthy
BANK_027,Baker and Sons Rural Bank,Eastern,Medium,2022,Q1,5,2022-Q1,54.19,24.88,14.08,13.79,26.2,55.72,0,Healthy
BANK_027,Baker and Sons Rural Bank,Eastern,Medium,2022,Q2,6,2022-Q2,53.4,25.02,14.18,13.24,37.76,78.36,0,Healthy
BANK_027,Baker and Sons Rural Bank,Eastern,Medium,2022,Q3,7,2022-Q3,55.36,25.72,14.42,13.17,20.23,84.46,0,Healthy
BANK_027,Baker and Sons Rural Bank,Eastern,Medium,2022,Q4,8,2022-Q4,54.68,25.68,14.77,13.71,25.03,42.39,0,Healthy
BANK_027,Baker and Sons Rural Bank,Eastern,Medium,2023,Q1,9,2023-Q1,52.93,26.78,14.62,13.37,6.55,79.58,0,Healthy
BANK_027,Baker and Sons Rural Bank,Eastern,Medium,2023,Q2,10,2023-Q2,55.14,27.62,14.31,13.01,37.2,52.01,0,Healthy
BANK_027,Baker and Sons Rural Bank,Eastern,Medium,2023,Q3,11,2023-Q3,55.01,26.69,14.47,13.31,37.39,40.61,0,Healthy
BANK_027,Baker and Sons Rural Bank,Eastern,Medium,2023,Q4,12,2023-Q4,54.55,25.72,14.61,13.52,39.6,94.99,0,Healthy
BANK_028,"Hoffman, Baker and Richards Rural Bank",Ashanti,Medium,2021,Q1,1,2021-Q1,59.68,10.74,29.4,18.38,16.94,70.79,1,High-Risk
BANK_028,"Hoffman, Baker and Richards Rural Bank",Ashanti,Medium,2021,Q2,2,2021-Q2,59.36,10.54,29.08,19.11,12.91,72.94,1,High-Risk
BANK_028,"Hoffman, Baker and Richards Rural Bank",Ashanti,Medium,2021,Q3,3,2021-Q3,64.73,10.87,29.42,19.52,4.15,69.45,1,High-Risk
BANK_028,"Hoffman, Baker and Richards Rural Bank",Ashanti,Medium,2021,Q4,4,2021-Q4,68.67,10.93,29.58,19.06,17.38,82.36,1,High-Risk
BANK_028,"Hoffman, Baker and Richards Rural Bank",Ashanti,Medium,2022,Q1,5,2022-Q1,72.08,10.98,29.09,18.4,11.87,79.56,1,High-Risk
BANK_028,"Hoffman, Baker and Richards Rural Bank",Ashanti,Medium,2022,Q2,6,2022-Q2,86.39,11.17,29.11,17.81,5.95,74.6,1,High-Risk
BANK_028,"Hoffman, Baker and Richards Rural Bank",Ashanti,Medium,2022,Q3,7,2022-Q3,80.89,11.05,28.76,18.76,4.6,66.31,1,High-Risk
BANK_028,"Hoffman, Baker and Richards Rural Bank",Ashanti,Medium,2022,Q4,8,2022-Q4,78.46,10.85,29.37,19.01,12.48,85.92,1,High-Risk
BANK_028,"Hoffman, Baker and Richards Rural Bank",Ashanti,Medium,2023,Q1,9,2023-Q1,83.44,11.35,29.18,18.63,12.2,89.68,1,High-Risk
BANK_028,"Hoffman, Baker and Richards Rural Bank",Ashanti,Medium,2023,Q2,10,2023-Q2,83.34,12.21,29.63,18.44,10.33,79.71,1,High-Risk
BANK_028,"Hoffman, Baker and Richards Rural Bank",Ashanti,Medium,2023,Q3,11,2023-Q3,87.68,12.48,29.52,18.29,11.01,79.1,1,High-Risk
BANK_028,"Hoffman, Baker and Richards Rural Bank",Ashanti,Medium,2023,Q4,12,2023-Q4,87.61,12.37,29.82,18.13,13.89,89.66,1,High-Risk
BANK_029,"Ross, Robinson and Bright Rural Bank",Eastern,Small,2021,Q1,1,2021-Q1,27.89,21.1,23.86,22.92,22.08,57.91,1,High-Risk
BANK_029,"Ross, Robinson and Bright Rural Bank",Eastern,Small,2021,Q2,2,2021-Q2,28.84,20.28,23.99,24.04,21.33,76.37,1,High-Risk
BANK_029,"Ross, Robinson and Bright Rural Bank",Eastern,Small,2021,Q3,3,2021-Q3,27.97,21.03,24.07,24.24,16.78,57.04,1,High-Risk
BANK_029,"Ross, Robinson and Bright Rural Bank",Eastern,Small,2021,Q4,4,2021-Q4,30.39,20.93,23.7,24.03,6.26,40.99,1,High-Risk
BANK_029,"Ross, Robinson and Bright Rural Bank",Eastern,Small,2022,Q1,5,2022-Q1,34.12,19.82,23.29,23.98,11.08,65.31,1,High-Risk
BANK_029,"Ross, Robinson and Bright Rural Bank",Eastern,Small,2022,Q2,6,2022-Q2,36.59,19.96,23.15,23.77,13.57,90.66,1,High-Risk
BANK_029,"Ross, Robinson and Bright Rural Bank",Eastern,Small,2022,Q3,7,2022-Q3,40.12,19.64,23.12,24.38,24.77,42.37,1,High-Risk
BANK_029,"Ross, Robinson and Bright Rural Bank",Eastern,Small,2022,Q4,8,2022-Q4,39.58,19.58,23.13,24.79,11.36,51.66,1,High-Risk
BANK_029,"Ross, Robinson and Bright Rural Bank",Eastern,Small,2023,Q1,9,2023-Q1,40.49,19.68,23.09,25.1,20.35,66.33,1,High-Risk
BANK_029,"Ross, Robinson and Bright Rural Bank",Eastern,Small,2023,Q2,10,2023-Q2,47.38,20.4,22.86,24.94,17.97,74.32,1,High-Risk
BANK_029,"Ross, Robinson and Bright Rural Bank",Eastern,Small,2023,Q3,11,2023-Q3,49.84,19.59,22.65,26.31,20.68,87.55,1,High-Risk
BANK_029,"Ross, Robinson and Bright Rural Bank",Eastern,Small,2023,Q4,12,2023-Q4,50.11,18.31,22.72,26.62,7.86,61.88,1,High-Risk
BANK_030,"Snyder, Campos and Callahan Rural Bank",Eastern,Medium,2021,Q1,1,2021-Q1,182.99,41.87,13.79,5.87,41.04,65.6,0,Healthy
BANK_030,"Snyder, Campos and Callahan Rural Bank",Eastern,Medium,2021,Q2,2,2021-Q2,184.81,41.16,13.86,5.99,26.94,45.91,0,Healthy
BANK_030,"Snyder, Campos and Callahan Rural Bank",Eastern,Medium,2021,Q3,3,2021-Q3,187.05,39.87,13.81,6.19,8.38,47.86,0,Healthy
BANK_030,"Snyder, Campos and Callahan Rural Bank",Eastern,Medium,2021,Q4,4,2021-Q4,191.69,39.56,13.55,5.93,40.75,91.12,0,Healthy
BANK_030,"Snyder, Campos and Callahan Rural Bank",Eastern,Medium,2022,Q1,5,2022-Q1,193.71,41.73,13.47,5.88,31.76,89.26,0,Healthy
BANK_030,"Snyder, Campos and Callahan Rural Bank",Eastern,Medium,2022,Q2,6,2022-Q2,202.23,41.28,13.55,5.87,30.96,92.9,0,Healthy
BANK_030,"Snyder, Campos and Callahan Rural Bank",Eastern,Medium,2022,Q3,7,2022-Q3,204.0,39.78,13.52,5.89,7.45,66.4,0,Healthy
BANK_030,"Snyder, Campos and Callahan Rural Bank",Eastern,Medium,2022,Q4,8,2022-Q4,181.0,39.95,13.74,5.95,28.05,84.74,0,Healthy
BANK_030,"Snyder, Campos and Callahan Rural Bank",Eastern,Medium,2023,Q1,9,2023-Q1,195.86,38.82,13.74,6.02,27.34,63.37,0,Healthy
BANK_030,"Snyder, Campos and Callahan Rural Bank",Eastern,Medium,2023,Q2,10,2023-Q2,213.96,38.57,13.88,5.83,37.48,54.83,0,Healthy
BANK_030,"Snyder, Campos and Callahan Rural Bank",Eastern,Medium,2023,Q3,11,2023-Q3,206.62,40.67,13.81,5.91,28.28,53.8,0,Healthy
BANK_030,"Snyder, Campos and Callahan Rural Bank",Eastern,Medium,2023,Q4,12,2023-Q4,210.28,41.73,13.64,5.87,24.6,80.64,0,Healthy
BANK_031,Burton Ltd Rural Bank,Ashanti,Small,2021,Q1,1,2021-Q1,24.52,24.82,15.83,6.91,25.81,56.77,0,Healthy
BANK_031,Burton Ltd Rural Bank,Ashanti,Small,2021,Q2,2,2021-Q2,23.46,25.62,15.94,7.0,7.34,63.74,0,Healthy
BANK_031,Burton Ltd Rural Bank,Ashanti,Small,2021,Q3,3,2021-Q3,22.64,25.1,16.02,7.39,15.36,50.73,0,Healthy
BANK_031,Burton Ltd Rural Bank,Ashanti,Small,2021,Q4,4,2021-Q4,23.56,25.98,16.17,7.22,6.41,85.89,0,Healthy
BANK_031,Burton Ltd Rural Bank,Ashanti,Small,2022,Q1,5,2022-Q1,23.98,26.12,16.16,7.29,34.88,79.4,0,Healthy
BANK_031,Burton Ltd Rural Bank,Ashanti,Small,2022,Q2,6,2022-Q2,26.87,25.99,15.74,7.1,22.79,55.19,0,Healthy
BANK_031,Burton Ltd Rural Bank,Ashanti,Small,2022,Q3,7,2022-Q3,29.01,25.91,15.79,7.26,29.28,57.85,0,Healthy
BANK_031,Burton Ltd Rural Bank,Ashanti,Small,2022,Q4,8,2022-Q4,27.16,26.12,15.31,7.43,20.69,50.77,0,Healthy
BANK_031,Burton Ltd Rural Bank,Ashanti,Small,2023,Q1,9,2023-Q1,27.76,27.66,15.74,7.53,32.21,69.19,0,Healthy
BANK_031,Burton Ltd Rural Bank,Ashanti,Small,2023,Q2,10,2023-Q2,30.66,28.85,15.6,7.27,35.6,92.33,0,Healthy
BANK_031,Burton Ltd Rural Bank,Ashanti,Small,2023,Q3,11,2023-Q3,27.59,28.77,15.57,7.4,38.24,85.35,0,Healthy
BANK_031,Burton Ltd Rural Bank,Ashanti,Small,2023,Q4,12,2023-Q4,26.94,28.94,15.73,7.54,15.65,86.23,0,Healthy
BANK_032,Carlson-Cruz Rural Bank,Ashanti,Medium,2021,Q1,1,2021-Q1,194.24,29.32,12.17,2.78,25.1,45.07,0,Healthy
BANK_032,Carlson-Cruz Rural Bank,Ashanti,Medium,2021,Q2,2,2021-Q2,196.9,28.67,12.04,2.75,13.41,93.59,0,Healthy
BANK_032,Carlson-Cruz Rural Bank,Ashanti,Medium,2021,Q3,3,2021-Q3,191.3,29.09,12.1,2.82,21.6,79.67,0,Healthy
BANK_032,Carlson-Cruz Rural Bank,Ashanti,Medium,2021,Q4,4,2021-Q4,197.89,29.09,12.14,2.83,30.77,68.75,0,Healthy
BANK_032,Carlson-Cruz Rural Bank,Ashanti,Medium,2022,Q1,5,2022-Q1,194.74,28.94,12.19,2.92,37.31,72.03,0,Healthy
BANK_032,Carlson-Cruz Rural Bank,Ashanti,Medium,2022,Q2,6,2022-Q2,213.07,28.32,12.19,2.84,35.1,57.97,0,Healthy
BANK_032,Carlson-Cruz Rural Bank,Ashanti,Medium,2022,Q3,7,2022-Q3,230.78,28.52,12.11,2.88,31.76,84.36,0,Healthy
BANK_032,Carlson-Cruz Rural Bank,Ashanti,Medium,2022,Q4,8,2022-Q4,215.32,27.84,12.1,3.05,32.43,90.68,0,Healthy
BANK_032,Carlson-Cruz Rural Bank,Ashanti,Medium,2023,Q1,9,2023-Q1,220.03,26.11,12.14,3.04,46.13,86.22,0,Healthy
BANK_032,Carlson-Cruz Rural Bank,Ashanti,Medium,2023,Q2,10,2023-Q2,242.53,27.33,11.97,3.0,18.62,56.15,1,High-Risk
BANK_032,Carlson-Cruz Rural Bank,Ashanti,Medium,2023,Q3,11,2023-Q3,240.09,26.07,11.87,2.96,29.63,64.96,1,High-Risk
BANK_032,Carlson-Cruz Rural Bank,Ashanti,Medium,2023,Q4,12,2023-Q4,264.04,26.47,12.02,2.99,43.92,43.87,0,Healthy
BANK_033,"Ferrell, Rice and Maddox Rural Bank",Upper East,Small,2021,Q1,1,2021-Q1,6.61,23.22,19.62,13.06,23.68,51.41,0,Healthy
BANK_033,"Ferrell, Rice and Maddox Rural Bank",Upper East,Small,2021,Q2,2,2021-Q2,6.87,22.5,19.46,13.16,27.43,86.01,0,Healthy
BANK_033,"Ferrell, Rice and Maddox Rural Bank",Upper East,Small,2021,Q3,3,2021-Q3,6.0,22.2,19.45,14.08,6.84,72.98,0,Healthy
BANK_033,"Ferrell, Rice and Maddox Rural Bank",Upper East,Small,2021,Q4,4,2021-Q4,6.04,21.74,20.0,14.91,6.51,61.11,0,Healthy
BANK_033,"Ferrell, Rice and Maddox Rural Bank",Upper East,Small,2022,Q1,5,2022-Q1,6.61,21.21,19.86,14.5,24.74,66.33,0,Healthy
BANK_033,"Ferrell, Rice and Maddox Rural Bank",Upper East,Small,2022,Q2,6,2022-Q2,7.52,21.19,19.78,14.49,7.28,63.99,0,Healthy
BANK_033,"Ferrell, Rice and Maddox Rural Bank",Upper East,Small,2022,Q3,7,2022-Q3,7.43,20.92,19.75,14.46,8.19,94.9,0,Healthy
BANK_033,"Ferrell, Rice and Maddox Rural Bank",Upper East,Small,2022,Q4,8,2022-Q4,7.02,19.89,19.65,15.39,30.57,85.45,1,High-Risk
BANK_033,"Ferrell, Rice and Maddox Rural Bank",Upper East,Small,2023,Q1,9,2023-Q1,7.24,18.96,19.58,14.98,25.06,41.97,0,Healthy
BANK_033,"Ferrell, Rice and Maddox Rural Bank",Upper East,Small,2023,Q2,10,2023-Q2,7.95,20.29,19.33,15.19,11.21,77.78,1,High-Risk
BANK_033,"Ferrell, Rice and Maddox Rural Bank",Upper East,Small,2023,Q3,11,2023-Q3,8.22,20.32,19.3,14.97,17.84,45.08,0,Healthy
BANK_033,"Ferrell, Rice and Maddox Rural Bank",Upper East,Small,2023,Q4,12,2023-Q4,8.75,21.17,18.96,14.6,27.35,80.98,0,Healthy
BANK_034,Frazier Inc Rural Bank,Ashanti,Large,2021,Q1,1,2021-Q1,732.72,30.98,10.25,3.77,44.38,84.32,1,High-Risk
BANK_034,Frazier Inc Rural Bank,Ashanti,Large,2021,Q2,2,2021-Q2,663.85,30.33,10.12,3.87,16.4,48.42,1,High-Risk
BANK_034,Frazier Inc Rural Bank,Ashanti,Large,2021,Q3,3,2021-Q3,703.28,30.94,10.06,3.74,22.12,89.11,1,High-Risk
BANK_034,Frazier Inc Rural Bank,Ashanti,Large,2021,Q4,4,2021-Q4,709.97,30.95,10.09,3.77,30.65,84.4,1,High-Risk
BANK_034,Frazier Inc Rural Bank,Ashanti,Large,2022,Q1,5,2022-Q1,763.89,30.81,10.01,3.79,51.8,85.47,1,High-Risk
BANK_034,Frazier Inc Rural Bank,Ashanti,Large,2022,Q2,6,2022-Q2,885.18,30.25,9.86,3.5,44.06,62.23,1,High-Risk
BANK_034,Frazier Inc Rural Bank,Ashanti,Large,2022,Q3,7,2022-Q3,883.94,32.47,10.05,3.5,56.88,46.94,1,High-Risk
BANK_034,Frazier Inc Rural Bank,Ashanti,Large,2022,Q4,8,2022-Q4,823.42,31.63,9.98,3.59,25.76,90.03,1,High-Risk
BANK_034,Frazier Inc Rural Bank,Ashanti,Large,2023,Q1,9,2023-Q1,857.45,33.05,9.9,3.64,44.41,52.69,1,High-Risk
BANK_034,Frazier Inc Rural Bank,Ashanti,Large,2023,Q2,10,2023-Q2,951.95,33.91,9.89,3.61,43.99,93.95,1,High-Risk
BANK_034,Frazier Inc Rural Bank,Ashanti,Large,2023,Q3,11,2023-Q3,984.65,34.22,9.77,3.48,23.02,81.88,1,High-Risk
BANK_034,Frazier Inc Rural Bank,Ashanti,Large,2023,Q4,12,2023-Q4,1088.44,33.62,9.72,3.6,20.81,76.73,1,High-Risk
BANK_035,"Dyer, Potter and Mack Rural Bank",Greater Accra,Medium,2021,Q1,1,2021-Q1,124.65,24.6,18.47,10.16,6.88,41.91,0,Healthy
BANK_035,"Dyer, Potter and Mack Rural Bank",Greater Accra,Medium,2021,Q2,2,2021-Q2,126.83,24.91,18.28,10.47,30.09,52.42,0,Healthy
BANK_035,"Dyer, Potter and Mack Rural Bank",Greater Accra,Medium,2021,Q3,3,2021-Q3,128.84,24.45,18.34,10.63,8.79,78.4,0,Healthy
BANK_035,"Dyer, Potter and Mack Rural Bank",Greater Accra,Medium,2021,Q4,4,2021-Q4,133.26,23.44,18.41,10.75,11.23,91.14,0,Healthy
BANK_035,"Dyer, Potter and Mack Rural Bank",Greater Accra,Medium,2022,Q1,5,2022-Q1,137.44,22.32,18.22,11.02,8.59,55.65,0,Healthy
BANK_035,"Dyer, Potter and Mack Rural Bank",Greater Accra,Medium,2022,Q2,6,2022-Q2,143.83,23.0,18.21,10.97,19.68,66.93,0,Healthy
BANK_035,"Dyer, Potter and Mack Rural Bank",Greater Accra,Medium,2022,Q3,7,2022-Q3,140.81,24.59,18.19,10.63,19.01,77.91,0,Healthy
BANK_035,"Dyer, Potter and Mack Rural Bank",Greater Accra,Medium,2022,Q4,8,2022-Q4,136.71,24.18,18.38,11.11,16.07,65.87,0,Healthy
BANK_035,"Dyer, Potter and Mack Rural Bank",Greater Accra,Medium,2023,Q1,9,2023-Q1,142.05,24.45,18.43,10.66,25.73,43.66,0,Healthy
BANK_035,"Dyer, Potter and Mack Rural Bank",Greater Accra,Medium,2023,Q2,10,2023-Q2,147.38,23.02,18.47,10.82,14.37,83.08,0,Healthy
BANK_035,"Dyer, Potter and Mack Rural Bank",Greater Accra,Medium,2023,Q3,11,2023-Q3,144.29,23.06,18.57,10.8,29.41,57.04,0,Healthy
BANK_035,"Dyer, Potter and Mack Rural Bank",Greater Accra,Medium,2023,Q4,12,2023-Q4,152.69,22.17,18.87,10.9,5.31,92.43,0,Healthy
BANK_036,Rodriguez-Graham Rural Bank,Eastern,Small,2021,Q1,1,2021-Q1,12.0,17.73,16.62,6.8,7.02,46.07,0,Healthy
BANK_036,Rodriguez-Graham Rural Bank,Eastern,Small,2021,Q2,2,2021-Q2,11.4,18.14,16.31,7.22,27.45,41.22,0,Healthy
BANK_036,Rodriguez-Graham Rural Bank,Eastern,Small,2021,Q3,3,2021-Q3,11.04,17.25,16.13,7.39,9.79,54.49,0,Healthy
BANK_036,Rodriguez-Graham Rural Bank,Eastern,Small,2021,Q4,4,2021-Q4,10.87,18.08,15.86,7.42,32.71,48.37,0,Healthy
BANK_036,Rodriguez-Graham Rural Bank,Eastern,Small,2022,Q1,5,2022-Q1,10.96,18.52,15.92,7.19,26.99,49.19,0,Healthy
BANK_036,Rodriguez-Graham Rural Bank,Eastern,Small,2022,Q2,6,2022-Q2,10.85,18.15,15.82,7.06,16.23,64.42,0,Healthy
BANK_036,Rodriguez-Graham Rural Bank,Eastern,Small,2022,Q3,7,2022-Q3,10.82,17.88,15.87,7.0,26.8,83.86,0,Healthy
BANK_036,Rodriguez-Graham Rural Bank,Eastern,Small,2022,Q4,8,2022-Q4,10.79,17.12,15.96,7.24,17.09,66.82,0,Healthy
BANK_036,Rodriguez-Graham Rural Bank,Eastern,Small,2023,Q1,9,2023-Q1,10.57,17.33,16.0,7.44,14.16,72.03,0,Healthy
BANK_036,Rodriguez-Graham Rural Bank,Eastern,Small,2023,Q2,10,2023-Q2,11.36,16.49,16.01,7.21,21.23,88.79,0,Healthy
BANK_036,Rodriguez-Graham Rural Bank,Eastern,Small,2023,Q3,11,2023-Q3,10.81,16.34,16.01,7.39,6.5,66.34,0,Healthy
BANK_036,Rodriguez-Graham Rural Bank,Eastern,Small,2023,Q4,12,2023-Q4,12.41,16.39,16.14,7.34,37.16,49.37,0,Healthy
BANK_037,Smith-Bowen Rural Bank,Ashanti,Medium,2021,Q1,1,2021-Q1,140.93,29.41,19.52,2.35,28.65,83.49,0,Healthy
BANK_037,Smith-Bowen Rural Bank,Ashanti,Medium,2021,Q2,2,2021-Q2,134.08,29.91,19.65,2.4,5.98,67.83,0,Healthy
BANK_037,Smith-Bowen Rural Bank,Ashanti,Medium,2021,Q3,3,2021-Q3,136.5,29.49,19.87,2.38,29.8,51.76,0,Healthy
BANK_037,Smith-Bowen Rural Bank,Ashanti,Medium,2021,Q4,4,2021-Q4,134.69,31.04,19.72,2.37,23.84,41.69,0,Healthy
BANK_037,Smith-Bowen Rural Bank,Ashanti,Medium,2022,Q1,5,2022-Q1,147.46,29.62,19.61,2.41,11.73,84.33,0,Healthy
BANK_037,Smith-Bowen Rural Bank,Ashanti,Medium,2022,Q2,6,2022-Q2,158.29,31.32,19.55,2.28,15.69,82.44,0,Healthy
BANK_037,Smith-Bowen Rural Bank,Ashanti,Medium,2022,Q3,7,2022-Q3,146.52,31.07,19.8,2.26,13.77,41.27,0,Healthy
BANK_037,Smith-Bowen Rural Bank,Ashanti,Medium,2022,Q4,8,2022-Q4,148.62,30.3,20.12,2.31,16.9,42.01,0,Healthy
BANK_037,Smith-Bowen Rural Bank,Ashanti,Medium,2023,Q1,9,2023-Q1,156.8,31.33,19.66,2.35,25.32,72.09,0,Healthy
BANK_037,Smith-Bowen Rural Bank,Ashanti,Medium,2023,Q2,10,2023-Q2,166.16,34.89,19.39,2.3,16.08,75.89,0,Healthy
BANK_037,Smith-Bowen Rural Bank,Ashanti,Medium,2023,Q3,11,2023-Q3,174.24,34.4,19.49,2.4,10.83,85.8,0,Healthy
BANK_037,Smith-Bowen Rural Bank,Ashanti,Medium,2023,Q4,12,2023-Q4,157.86,33.89,19.62,2.37,26.77,43.35,0,Healthy
BANK_038,"Baker, Mason and White Rural Bank",Eastern,Small,2021,Q1,1,2021-Q1,12.12,17.23,15.45,13.46,20.62,60.0,0,Healthy
BANK_038,"Baker, Mason and White Rural Bank",Eastern,Small,2021,Q2,2,2021-Q2,12.91,18.2,15.55,13.74,25.42,87.42,0,Healthy
BANK_038,"Baker, Mason and White Rural Bank",Eastern,Small,2021,Q3,3,2021-Q3,12.91,17.6,15.48,13.98,13.45,77.76,0,Healthy
BANK_038,"Baker, Mason and White Rural Bank",Eastern,Small,2021,Q4,4,2021-Q4,13.92,17.46,15.53,14.11,26.59,70.91,0,Healthy
BANK_038,"Baker, Mason and White Rural Bank",Eastern,Small,2022,Q1,5,2022-Q1,14.79,18.14,15.78,14.51,14.27,54.59,0,Healthy
BANK_038,"Baker, Mason and White Rural Bank",Eastern,Small,2022,Q2,6,2022-Q2,15.48,18.78,16.09,15.03,30.07,75.33,1,High-Risk
BANK_038,"Baker, Mason and White Rural Bank",Eastern,Small,2022,Q3,7,2022-Q3,16.76,18.45,16.49,15.76,29.01,48.89,1,High-Risk
BANK_038,"Baker, Mason and White Rural Bank",Eastern,Small,2022,Q4,8,2022-Q4,17.29,17.68,16.5,16.0,22.06,46.88,1,High-Risk
BANK_038,"Baker, Mason and White Rural Bank",Eastern,Small,2023,Q1,9,2023-Q1,16.03,17.65,16.23,16.15,9.13,66.94,1,High-Risk
BANK_038,"Baker, Mason and White Rural Bank",Eastern,Small,2023,Q2,10,2023-Q2,17.22,17.55,16.25,16.18,16.59,80.8,1,High-Risk
BANK_038,"Baker, Mason and White Rural Bank",Eastern,Small,2023,Q3,11,2023-Q3,16.73,17.87,16.26,16.62,25.09,78.8,1,High-Risk
BANK_038,"Baker, Mason and White Rural Bank",Eastern,Small,2023,Q4,12,2023-Q4,17.46,17.81,16.24,16.46,16.7,68.58,1,High-Risk
BANK_039,Harrell LLC Rural Bank,Ashanti,Small,2021,Q1,1,2021-Q1,15.75,20.01,8.92,10.73,35.03,70.94,1,High-Risk
BANK_039,Harrell LLC Rural Bank,Ashanti,Small,2021,Q2,2,2021-Q2,16.02,20.16,8.77,11.15,31.6,77.36,1,High-Risk
BANK_039,Harrell LLC Rural Bank,Ashanti,Small,2021,Q3,3,2021-Q3,15.39,20.31,8.77,11.58,48.65,83.15,1,High-Risk
BANK_039,Harrell LLC Rural Bank,Ashanti,Small,2021,Q4,4,2021-Q4,15.9,20.02,8.64,11.46,55.2,69.42,1,High-Risk
BANK_039,Harrell LLC Rural Bank,Ashanti,Small,2022,Q1,5,2022-Q1,15.8,20.76,8.6,11.51,38.99,76.96,1,High-Risk
BANK_039,Harrell LLC Rural Bank,Ashanti,Small,2022,Q2,6,2022-Q2,15.56,20.93,8.63,10.73,9.06,78.54,1,High-Risk
BANK_039,Harrell LLC Rural Bank,Ashanti,Small,2022,Q3,7,2022-Q3,13.72,20.95,8.69,11.66,18.25,85.25,1,High-Risk
BANK_039,Harrell LLC Rural Bank,Ashanti,Small,2022,Q4,8,2022-Q4,12.64,20.62,8.66,11.79,23.1,40.81,1,High-Risk
BANK_039,Harrell LLC Rural Bank,Ashanti,Small,2023,Q1,9,2023-Q1,13.28,20.16,8.72,12.04,21.0,94.42,1,High-Risk
BANK_039,Harrell LLC Rural Bank,Ashanti,Small,2023,Q2,10,2023-Q2,13.52,20.91,8.78,11.56,39.11,84.58,1,High-Risk
BANK_039,Harrell LLC Rural Bank,Ashanti,Small,2023,Q3,11,2023-Q3,14.61,20.51,8.83,12.07,41.31,65.7,1,High-Risk
BANK_039,Harrell LLC Rural Bank,Ashanti,Small,2023,Q4,12,2023-Q4,14.73,19.87,8.97,12.51,44.24,61.85,1,High-Risk
BANK_040,"Romero, Gonzalez and Brooks Rural Bank",Ashanti,Small,2021,Q1,1,2021-Q1,49.51,28.52,18.17,1.43,30.61,93.76,0,Healthy
BANK_040,"Romero, Gonzalez and Brooks Rural Bank",Ashanti,Small,2021,Q2,2,2021-Q2,53.01,27.16,17.98,1.46,16.7,65.97,0,Healthy
BANK_040,"Romero, Gonzalez and Brooks Rural Bank",Ashanti,Small,2021,Q3,3,2021-Q3,49.6,27.3,18.04,1.54,28.0,50.37,0,Healthy
BANK_040,"Romero, Gonzalez and Brooks Rural Bank",Ashanti,Small,2021,Q4,4,2021-Q4,51.19,28.64,18.32,1.56,27.45,75.97,0,Healthy
BANK_040,"Romero, Gonzalez and Brooks Rural Bank",Ashanti,Small,2022,Q1,5,2022-Q1,54.5,28.27,18.18,1.53,14.09,47.1,0,Healthy
BANK_040,"Romero, Gonzalez and Brooks Rural Bank",Ashanti,Small,2022,Q2,6,2022-Q2,62.31,27.96,18.12,1.48,5.3,82.36,0,Healthy
BANK_040,"Romero, Gonzalez and Brooks Rural Bank",Ashanti,Small,2022,Q3,7,2022-Q3,63.83,27.07,17.83,1.44,33.06,49.05,0,Healthy
BANK_040,"Romero, Gonzalez and Brooks Rural Bank",Ashanti,Small,2022,Q4,8,2022-Q4,59.89,27.34,17.52,1.47,25.2,43.99,0,Healthy
BANK_040,"Romero, Gonzalez and Brooks Rural Bank",Ashanti,Small,2023,Q1,9,2023-Q1,59.65,25.97,17.68,1.5,7.81,46.65,0,Healthy
BANK_040,"Romero, Gonzalez and Brooks Rural Bank",Ashanti,Small,2023,Q2,10,2023-Q2,63.46,25.98,17.18,1.49,11.45,56.28,0,Healthy
BANK_040,"Romero, Gonzalez and Brooks Rural Bank",Ashanti,Small,2023,Q3,11,2023-Q3,62.62,26.44,17.2,1.48,13.8,47.81,0,Healthy
BANK_040,"Romero, Gonzalez and Brooks Rural Bank",Ashanti,Small,2023,Q4,12,2023-Q4,64.51,25.79,17.19,1.47,25.39,59.66,0,Healthy
BANK_041,Ryan PLC Rural Bank,Western,Large,2021,Q1,1,2021-Q1,226.46,28.45,16.67,0.78,34.32,64.8,0,Healthy
BANK_041,Ryan PLC Rural Bank,Western,Large,2021,Q2,2,2021-Q2,214.17,28.28,16.75,0.8,31.95,79.04,0,Healthy
BANK_041,Ryan PLC Rural Bank,Western,Large,2021,Q3,3,2021-Q3,194.31,27.4,16.58,0.82,26.23,48.44,0,Healthy
BANK_041,Ryan PLC Rural Bank,Western,Large,2021,Q4,4,2021-Q4,199.53,27.06,16.73,0.84,10.46,52.53,0,Healthy
BANK_041,Ryan PLC Rural Bank,Western,Large,2022,Q1,5,2022-Q1,197.36,27.1,16.64,0.85,29.98,63.27,0,Healthy
BANK_041,Ryan PLC Rural Bank,Western,Large,2022,Q2,6,2022-Q2,215.91,28.28,16.71,0.83,7.73,90.5,0,Healthy
BANK_041,Ryan PLC Rural Bank,Western,Large,2022,Q3,7,2022-Q3,224.28,27.97,16.71,0.85,14.19,78.45,0,Healthy
BANK_041,Ryan PLC Rural Bank,Western,Large,2022,Q4,8,2022-Q4,187.98,28.79,16.94,0.88,22.08,68.33,0,Healthy
BANK_041,Ryan PLC Rural Bank,Western,Large,2023,Q1,9,2023-Q1,186.3,28.28,17.03,0.89,28.68,54.1,0,Healthy
BANK_041,Ryan PLC Rural Bank,Western,Large,2023,Q2,10,2023-Q2,232.0,29.32,17.04,0.82,16.78,67.62,0,Healthy
BANK_041,Ryan PLC Rural Bank,Western,Large,2023,Q3,11,2023-Q3,233.12,27.44,16.85,0.84,19.7,54.33,0,Healthy
BANK_041,Ryan PLC Rural Bank,Western,Large,2023,Q4,12,2023-Q4,212.96,27.19,17.12,0.88,25.82,63.39,0,Healthy
BANK_042,George Group Rural Bank,Central,Medium,2021,Q1,1,2021-Q1,197.79,29.52,13.45,14.27,34.09,43.84,0,Healthy
BANK_042,George Group Rural Bank,Central,Medium,2021,Q2,2,2021-Q2,193.59,29.33,13.37,14.09,23.1,69.34,0,Healthy
BANK_042,George Group Rural Bank,Central,Medium,2021,Q3,3,2021-Q3,199.84,28.88,13.57,14.0,42.83,66.85,0,Healthy
BANK_042,George Group Rural Bank,Central,Medium,2021,Q4,4,2021-Q4,205.93,29.02,13.4,14.38,17.63,44.58,0,Healthy
BANK_042,George Group Rural Bank,Central,Medium,2022,Q1,5,2022-Q1,196.42,30.61,13.59,14.46,12.13,40.67,0,Healthy
BANK_042,George Group Rural Bank,Central,Medium,2022,Q2,6,2022-Q2,238.0,32.73,13.68,13.54,39.49,44.66,0,Healthy
BANK_042,George Group Rural Bank,Central,Medium,2022,Q3,7,2022-Q3,259.21,33.63,13.86,13.23,12.54,41.9,0,Healthy
BANK_042,George Group Rural Bank,Central,Medium,2022,Q4,8,2022-Q4,256.34,32.49,13.87,13.45,14.76,79.28,0,Healthy
BANK_042,George Group Rural Bank,Central,Medium,2023,Q1,9,2023-Q1,278.44,33.48,13.96,13.16,28.63,66.05,0,Healthy
BANK_042,George Group Rural Bank,Central,Medium,2023,Q2,10,2023-Q2,295.05,33.86,13.93,13.8,29.89,69.88,0,Healthy
BANK_042,George Group Rural Bank,Central,Medium,2023,Q3,11,2023-Q3,314.66,34.29,13.86,13.71,9.83,44.55,0,Healthy
BANK_042,George Group Rural Bank,Central,Medium,2023,Q4,12,2023-Q4,288.01,34.98,13.92,13.99,34.89,64.36,0,Healthy
BANK_043,Rodriguez LLC Rural Bank,Central,Small,2021,Q1,1,2021-Q1,18.67,24.4,15.41,12.0,18.8,85.74,0,Healthy
BANK_043,Rodriguez LLC Rural Bank,Central,Small,2021,Q2,2,2021-Q2,18.93,24.48,15.18,12.21,33.71,57.8,0,Healthy
BANK_043,Rodriguez LLC Rural Bank,Central,Small,2021,Q3,3,2021-Q3,19.27,24.29,15.23,12.21,25.95,57.44,0,Healthy
BANK_043,Rodriguez LLC Rural Bank,Central,Small,2021,Q4,4,2021-Q4,20.46,22.87,15.32,12.6,22.98,72.54,0,Healthy
BANK_043,Rodriguez LLC Rural Bank,Central,Small,2022,Q1,5,2022-Q1,21.51,24.62,15.49,12.34,6.51,40.64,0,Healthy
BANK_043,Rodriguez LLC Rural Bank,Central,Small,2022,Q2,6,2022-Q2,23.79,25.92,15.41,11.39,19.01,90.31,0,Healthy
BANK_043,Rodriguez LLC Rural Bank,Central,Small,2022,Q3,7,2022-Q3,24.62,26.53,15.31,10.93,17.18,68.77,0,Healthy
BANK_043,Rodriguez LLC Rural Bank,Central,Small,2022,Q4,8,2022-Q4,22.08,26.45,15.47,11.27,15.51,66.77,0,Healthy
BANK_043,Rodriguez LLC Rural Bank,Central,Small,2023,Q1,9,2023-Q1,25.7,27.36,15.54,10.76,34.97,65.44,0,Healthy
BANK_043,Rodriguez LLC Rural Bank,Central,Small,2023,Q2,10,2023-Q2,26.54,27.27,15.51,10.76,21.76,75.53,0,Healthy
BANK_043,Rodriguez LLC Rural Bank,Central,Small,2023,Q3,11,2023-Q3,26.15,27.24,15.66,10.94,21.52,89.18,0,Healthy
BANK_043,Rodriguez LLC Rural Bank,Central,Small,2023,Q4,12,2023-Q4,28.52,27.16,15.63,10.99,33.96,62.64,0,Healthy
BANK_044,Allen-Allen Rural Bank,Ashanti,Medium,2021,Q1,1,2021-Q1,153.45,32.82,18.33,9.46,9.43,64.55,0,Healthy
BANK_044,Allen-Allen Rural Bank,Ashanti,Medium,2021,Q2,2,2021-Q2,153.69,31.73,18.17,9.73,28.81,94.22,0,Healthy
BANK_044,Allen-Allen Rural Bank,Ashanti,Medium,2021,Q3,3,2021-Q3,156.74,33.34,18.33,9.89,13.39,89.0,0,Healthy
BANK_044,Allen-Allen Rural Bank,Ashanti,Medium,2021,Q4,4,2021-Q4,151.03,35.54,18.66,9.74,14.25,61.05,0,Healthy
BANK_044,Allen-Allen Rural Bank,Ashanti,Medium,2022,Q1,5,2022-Q1,145.22,36.02,18.67,9.77,29.85,45.46,0,Healthy
BANK_044,Allen-Allen Rural Bank,Ashanti,Medium,2022,Q2,6,2022-Q2,174.8,36.47,18.69,9.59,23.34,44.86,0,Healthy
BANK_044,Allen-Allen Rural Bank,Ashanti,Medium,2022,Q3,7,2022-Q3,174.52,36.8,18.71,9.58,6.9,76.7,0,Healthy
BANK_044,Allen-Allen Rural Bank,Ashanti,Medium,2022,Q4,8,2022-Q4,163.95,35.94,18.59,9.77,6.98,84.33,0,Healthy
BANK_044,Allen-Allen Rural Bank,Ashanti,Medium,2023,Q1,9,2023-Q1,166.46,35.58,18.71,10.08,26.08,44.42,0,Healthy
BANK_044,Allen-Allen Rural Bank,Ashanti,Medium,2023,Q2,10,2023-Q2,164.68,34.29,18.49,9.8,17.06,48.08,0,Healthy
BANK_044,Allen-Allen Rural Bank,Ashanti,Medium,2023,Q3,11,2023-Q3,162.58,35.53,18.32,10.15,25.42,65.87,0,Healthy
BANK_044,Allen-Allen Rural Bank,Ashanti,Medium,2023,Q4,12,2023-Q4,172.89,35.19,18.22,10.2,6.77,93.38,0,Healthy
BANK_045,"Arroyo, Miller and Tucker Rural Bank",Volta,Small,2021,Q1,1,2021-Q1,5.87,31.19,26.15,5.95,21.78,57.02,0,Healthy
BANK_045,"Arroyo, Miller and Tucker Rural Bank",Volta,Small,2021,Q2,2,2021-Q2,5.68,31.47,26.57,5.85,14.08,61.75,0,Healthy
BANK_045,"Arroyo, Miller and Tucker Rural Bank",Volta,Small,2021,Q3,3,2021-Q3,6.2,31.01,27.14,5.67,18.85,66.39,0,Healthy
BANK_045,"Arroyo, Miller and Tucker Rural Bank",Volta,Small,2021,Q4,4,2021-Q4,6.3,31.9,27.54,5.63,8.11,47.93,0,Healthy
BANK_045,"Arroyo, Miller and Tucker Rural Bank",Volta,Small,2022,Q1,5,2022-Q1,6.28,32.13,27.75,5.54,3.91,54.82,0,Healthy
BANK_045,"Arroyo, Miller and Tucker Rural Bank",Volta,Small,2022,Q2,6,2022-Q2,7.25,32.38,27.46,5.57,20.74,77.55,0,Healthy
BANK_045,"Arroyo, Miller and Tucker Rural Bank",Volta,Small,2022,Q3,7,2022-Q3,7.59,33.7,27.58,5.63,12.71,47.76,0,Healthy
BANK_045,"Arroyo, Miller and Tucker Rural Bank",Volta,Small,2022,Q4,8,2022-Q4,7.51,33.51,27.68,5.78,9.91,43.7,0,Healthy
BANK_045,"Arroyo, Miller and Tucker Rural Bank",Volta,Small,2023,Q1,9,2023-Q1,7.87,33.13,27.73,5.77,8.83,79.27,0,Healthy
BANK_045,"Arroyo, Miller and Tucker Rural Bank",Volta,Small,2023,Q2,10,2023-Q2,7.59,31.86,27.41,5.74,5.87,74.27,0,Healthy
BANK_045,"Arroyo, Miller and Tucker Rural Bank",Volta,Small,2023,Q3,11,2023-Q3,7.74,30.98,27.6,5.59,11.87,68.86,0,Healthy
BANK_045,"Arroyo, Miller and Tucker Rural Bank",Volta,Small,2023,Q4,12,2023-Q4,7.85,31.06,27.28,5.43,19.54,40.54,0,Healthy
BANK_046,Spence PLC Rural Bank,Greater Accra,Small,2021,Q1,1,2021-Q1,13.27,28.13,22.96,7.59,13.31,71.01,0,Healthy
BANK_046,Spence PLC Rural Bank,Greater Accra,Small,2021,Q2,2,2021-Q2,14.15,28.62,23.05,7.7,16.76,51.67,0,Healthy
BANK_046,Spence PLC Rural Bank,Greater Accra,Small,2021,Q3,3,2021-Q3,13.16,28.6,23.44,7.89,7.86,77.54,0,Healthy
BANK_046,Spence PLC Rural Bank,Greater Accra,Small,2021,Q4,4,2021-Q4,13.21,29.15,23.43,8.06,15.92,59.93,0,Healthy
BANK_046,Spence PLC Rural Bank,Greater Accra,Small,2022,Q1,5,2022-Q1,14.73,28.94,23.21,7.82,8.92,43.84,0,Healthy
BANK_046,Spence PLC Rural Bank,Greater Accra,Small,2022,Q2,6,2022-Q2,14.34,28.57,23.12,7.94,4.98,45.72,0,Healthy
BANK_046,Spence PLC Rural Bank,Greater Accra,Small,2022,Q3,7,2022-Q3,14.42,28.75,23.1,7.93,20.44,85.8,0,Healthy
BANK_046,Spence PLC Rural Bank,Greater Accra,Small,2022,Q4,8,2022-Q4,13.02,28.02,23.19,8.37,26.24,94.83,0,Healthy
BANK_046,Spence PLC Rural Bank,Greater Accra,Small,2023,Q1,9,2023-Q1,13.04,27.55,23.28,8.43,7.82,61.67,0,Healthy
BANK_046,Spence PLC Rural Bank,Greater Accra,Small,2023,Q2,10,2023-Q2,12.64,28.09,23.28,8.41,6.81,91.4,0,Healthy
BANK_046,Spence PLC Rural Bank,Greater Accra,Small,2023,Q3,11,2023-Q3,13.91,28.34,23.0,7.97,11.7,49.03,0,Healthy
BANK_046,Spence PLC Rural Bank,Greater Accra,Small,2023,Q4,12,2023-Q4,15.6,29.74,22.8,8.06,24.73,50.79,0,Healthy
BANK_047,Anderson Group Rural Bank,Ashanti,Small,2021,Q1,1,2021-Q1,19.46,29.44,15.84,10.63,27.25,54.0,0,Healthy
BANK_047,Anderson Group Rural Bank,Ashanti,Small,2021,Q2,2,2021-Q2,20.94,28.94,15.88,11.03,9.19,71.18,0,Healthy
BANK_047,Anderson Group Rural Bank,Ashanti,Small,2021,Q3,3,2021-Q3,20.76,29.22,15.73,11.85,9.95,45.76,0,Healthy
BANK_047,Anderson Group Rural Bank,Ashanti,Small,2021,Q4,4,2021-Q4,23.29,30.07,15.7,11.62,36.47,94.46,0,Healthy
BANK_047,Anderson Group Rural Bank,Ashanti,Small,2022,Q1,5,2022-Q1,22.22,30.47,15.81,11.9,15.57,54.13,0,Healthy
BANK_047,Anderson Group Rural Bank,Ashanti,Small,2022,Q2,6,2022-Q2,22.58,30.98,15.8,11.34,14.11,75.62,0,Healthy
BANK_047,Anderson Group Rural Bank,Ashanti,Small,2022,Q3,7,2022-Q3,22.54,31.41,15.76,11.38,15.67,45.87,0,Healthy
BANK_047,Anderson Group Rural Bank,Ashanti,Small,2022,Q4,8,2022-Q4,21.83,30.62,15.75,11.93,14.97,92.2,0,Healthy
BANK_047,Anderson Group Rural Bank,Ashanti,Small,2023,Q1,9,2023-Q1,22.81,31.24,15.91,11.94,8.81,80.93,0,Healthy
BANK_047,Anderson Group Rural Bank,Ashanti,Small,2023,Q2,10,2023-Q2,25.43,30.08,15.75,11.59,9.66,81.73,0,Healthy
BANK_047,Anderson Group Rural Bank,Ashanti,Small,2023,Q3,11,2023-Q3,26.56,30.22,15.85,11.83,12.95,68.48,0,Healthy
BANK_047,Anderson Group Rural Bank,Ashanti,Small,2023,Q4,12,2023-Q4,26.48,30.05,16.0,11.97,7.58,87.34,0,Healthy
BANK_048,"Martin, Rose and Obrien Rural Bank",Greater Accra,Small,2021,Q1,1,2021-Q1,36.81,10.35,18.76,9.46,19.24,40.86,1,High-Risk
BANK_048,"Martin, Rose and Obrien Rural Bank",Greater Accra,Small,2021,Q2,2,2021-Q2,36.69,10.8,18.39,9.64,21.56,49.26,1,High-Risk
BANK_048,"Martin, Rose and Obrien Rural Bank",Greater Accra,Small,2021,Q3,3,2021-Q3,34.47,10.97,18.51,9.39,17.37,56.54,1,High-Risk
BANK_048,"Martin, Rose and Obrien Rural Bank",Greater Accra,Small,2021,Q4,4,2021-Q4,34.57,10.94,17.97,9.53,26.3,64.2,1,High-Risk
BANK_048,"Martin, Rose and Obrien Rural Bank",Greater Accra,Small,2022,Q1,5,2022-Q1,35.76,11.48,17.96,9.04,17.08,62.54,1,High-Risk
BANK_048,"Martin, Rose and Obrien Rural Bank",Greater Accra,Small,2022,Q2,6,2022-Q2,39.06,11.57,17.73,9.22,29.8,88.89,1,High-Risk
BANK_048,"Martin, Rose and Obrien Rural Bank",Greater Accra,Small,2022,Q3,7,2022-Q3,42.01,11.3,17.63,9.33,5.87,46.4,1,High-Risk
BANK_048,"Martin, Rose and Obrien Rural Bank",Greater Accra,Small,2022,Q4,8,2022-Q4,39.39,10.99,17.51,10.05,16.68,92.75,1,High-Risk
BANK_048,"Martin, Rose and Obrien Rural Bank",Greater Accra,Small,2023,Q1,9,2023-Q1,41.85,10.83,17.17,9.91,23.92,60.48,1,High-Risk
BANK_048,"Martin, Rose and Obrien Rural Bank",Greater Accra,Small,2023,Q2,10,2023-Q2,43.32,10.34,17.26,10.12,14.48,43.46,1,High-Risk
BANK_048,"Martin, Rose and Obrien Rural Bank",Greater Accra,Small,2023,Q3,11,2023-Q3,44.59,10.71,17.2,9.88,17.53,94.89,1,High-Risk
BANK_048,"Martin, Rose and Obrien Rural Bank",Greater Accra,Small,2023,Q4,12,2023-Q4,48.57,10.39,17.12,9.99,6.13,75.01,1,High-Risk
BANK_049,Hickman Ltd Rural Bank,Upper West,Small,2021,Q1,1,2021-Q1,20.45,34.89,22.7,2.78,25.81,57.46,0,Healthy
BANK_049,Hickman Ltd Rural Bank,Upper West,Small,2021,Q2,2,2021-Q2,18.26,33.12,22.83,2.89,21.18,72.66,0,Healthy
BANK_049,Hickman Ltd Rural Bank,Upper West,Small,2021,Q3,3,2021-Q3,16.69,31.3,22.64,3.1,10.46,74.86,0,Healthy
BANK_049,Hickman Ltd Rural Bank,Upper West,Small,2021,Q4,4,2021-Q4,16.26,32.49,22.26,3.18,25.7,46.4,0,Healthy
BANK_049,Hickman Ltd Rural Bank,Upper West,Small,2022,Q1,5,2022-Q1,16.47,32.55,22.42,3.28,5.1,47.19,0,Healthy
BANK_049,Hickman Ltd Rural Bank,Upper West,Small,2022,Q2,6,2022-Q2,17.62,31.68,22.47,3.28,23.09,67.66,0,Healthy
BANK_049,Hickman Ltd Rural Bank,Upper West,Small,2022,Q3,7,2022-Q3,19.53,31.39,22.62,3.3,5.08,93.04,0,Healthy
BANK_049,Hickman Ltd Rural Bank,Upper West,Small,2022,Q4,8,2022-Q4,17.63,30.39,22.53,3.39,24.74,71.78,0,Healthy
BANK_049,Hickman Ltd Rural Bank,Upper West,Small,2023,Q1,9,2023-Q1,16.33,28.71,22.29,3.54,14.64,63.99,0,Healthy
BANK_049,Hickman Ltd Rural Bank,Upper West,Small,2023,Q2,10,2023-Q2,17.58,28.66,22.23,3.63,22.25,86.62,0,Healthy
BANK_049,Hickman Ltd Rural Bank,Upper West,Small,2023,Q3,11,2023-Q3,17.45,29.06,22.03,3.57,19.77,54.12,0,Healthy
BANK_049,Hickman Ltd Rural Bank,Upper West,Small,2023,Q4,12,2023-Q4,17.9,28.6,22.24,3.54,16.74,89.54,0,Healthy
BANK_050,"Harris, Collins and Carney Rural Bank",Upper West,Small,2021,Q1,1,2021-Q1,28.51,7.85,17.48,15.99,14.16,60.04,1,High-Risk
BANK_050,"Harris, Collins and Carney Rural Bank",Upper West,Small,2021,Q2,2,2021-Q2,29.98,7.46,17.42,16.14,22.09,85.25,1,High-Risk
BANK_050,"Harris, Collins and Carney Rural Bank",Upper West,Small,2021,Q3,3,2021-Q3,27.42,6.97,17.15,17.13,10.08,79.76,1,High-Risk
BANK_050,"Harris, Collins and Carney Rural Bank",Upper West,Small,2021,Q4,4,2021-Q4,29.05,6.61,16.51,16.85,29.98,40.19,1,High-Risk
BANK_050,"Harris, Collins and Carney Rural Bank",Upper West,Small,2022,Q1,5,2022-Q1,26.58,6.47,16.32,17.3,16.81,71.71,1,High-Risk
BANK_050,"Harris, Collins and Carney Rural Bank",Upper West,Small,2022,Q2,6,2022-Q2,25.29,6.73,16.26,17.24,19.57,42.37,1,High-Risk
BANK_050,"Harris, Collins and Carney Rural Bank",Upper West,Small,2022,Q3,7,2022-Q3,25.03,6.4,16.2,17.59,30.44,42.56,1,High-Risk
BANK_050,"Harris, Collins and Carney Rural Bank",Upper West,Small,2022,Q4,8,2022-Q4,21.15,6.08,16.31,18.9,16.9,67.59,1,High-Risk
BANK_050,"Harris, Collins and Carney Rural Bank",Upper West,Small,2023,Q1,9,2023-Q1,20.15,6.0,16.45,19.11,25.15,78.54,1,High-Risk
BANK_050,"Harris, Collins and Carney Rural Bank",Upper West,Small,2023,Q2,10,2023-Q2,19.26,6.18,16.35,18.82,29.77,56.89,1,High-Risk
BANK_050,"Harris, Collins and Carney Rural Bank",Upper West,Small,2023,Q3,11,2023-Q3,19.72,6.37,16.32,18.86,9.02,78.45,1,High-Risk
BANK_050,"Harris, Collins and Carney Rural Bank",Upper West,Small,2023,Q4,12,2023-Q4,19.25,6.38,16.48,18.57,30.01,60.97,1,High-Risk
BANK_051,"Brooks, Lam and Hayes Rural Bank",Greater Accra,Small,2021,Q1,1,2021-Q1,36.31,12.94,28.92,20.72,6.11,41.57,1,High-Risk
BANK_051,"Brooks, Lam and Hayes Rural Bank",Greater Accra,Small,2021,Q2,2,2021-Q2,37.93,12.72,28.75,21.7,18.27,81.58,1,High-Risk
BANK_051,"Brooks, Lam and Hayes Rural Bank",Greater Accra,Small,2021,Q3,3,2021-Q3,38.53,11.99,28.74,22.63,6.66,76.36,1,High-Risk
BANK_051,"Brooks, Lam and Hayes Rural Bank",Greater Accra,Small,2021,Q4,4,2021-Q4,41.06,12.33,28.77,23.23,11.93,81.43,1,High-Risk
BANK_051,"Brooks, Lam and Hayes Rural Bank",Greater Accra,Small,2022,Q1,5,2022-Q1,41.82,12.18,28.99,24.04,17.98,72.54,1,High-Risk
BANK_051,"Brooks, Lam and Hayes Rural Bank",Greater Accra,Small,2022,Q2,6,2022-Q2,41.06,12.4,29.59,24.16,5.52,78.87,1,High-Risk
BANK_051,"Brooks, Lam and Hayes Rural Bank",Greater Accra,Small,2022,Q3,7,2022-Q3,43.81,12.64,29.89,23.78,14.2,80.27,1,High-Risk
BANK_051,"Brooks, Lam and Hayes Rural Bank",Greater Accra,Small,2022,Q4,8,2022-Q4,38.3,13.18,30.18,25.63,15.25,76.7,1,High-Risk
BANK_051,"Brooks, Lam and Hayes Rural Bank",Greater Accra,Small,2023,Q1,9,2023-Q1,41.54,13.27,29.98,26.11,5.04,45.08,1,High-Risk
BANK_051,"Brooks, Lam and Hayes Rural Bank",Greater Accra,Small,2023,Q2,10,2023-Q2,42.57,13.09,30.19,26.27,10.07,74.87,1,High-Risk
BANK_051,"Brooks, Lam and Hayes Rural Bank",Greater Accra,Small,2023,Q3,11,2023-Q3,46.07,12.44,29.52,26.66,13.3,89.63,1,High-Risk
BANK_051,"Brooks, Lam and Hayes Rural Bank",Greater Accra,Small,2023,Q4,12,2023-Q4,50.45,12.53,29.83,26.14,17.58,64.99,1,High-Risk
BANK_052,Walker LLC Rural Bank,Ashanti,Medium,2021,Q1,1,2021-Q1,177.45,31.1,29.09,4.8,17.16,64.31,0,Healthy
BANK_052,Walker LLC Rural Bank,Ashanti,Medium,2021,Q2,2,2021-Q2,170.31,31.67,29.11,4.77,18.17,92.65,0,Healthy
BANK_052,Walker LLC Rural Bank,Ashanti,Medium,2021,Q3,3,2021-Q3,176.81,31.01,28.85,4.87,18.38,57.5,0,Healthy
BANK_052,Walker LLC Rural Bank,Ashanti,Medium,2021,Q4,4,2021-Q4,183.73,30.58,29.3,4.78,9.55,88.97,0,Healthy
BANK_052,Walker LLC Rural Bank,Ashanti,Medium,2022,Q1,5,2022-Q1,182.55,29.58,29.57,4.84,12.57,78.77,0,Healthy
BANK_052,Walker LLC Rural Bank,Ashanti,Medium,2022,Q2,6,2022-Q2,200.79,31.34,29.92,4.7,12.22,41.56,0,Healthy
BANK_052,Walker LLC Rural Bank,Ashanti,Medium,2022,Q3,7,2022-Q3,209.55,31.22,30.07,4.7,14.7,62.32,0,Healthy
BANK_052,Walker LLC Rural Bank,Ashanti,Medium,2022,Q4,8,2022-Q4,196.18,30.46,30.26,4.9,15.26,54.49,0,Healthy
BANK_052,Walker LLC Rural Bank,Ashanti,Medium,2023,Q1,9,2023-Q1,189.83,29.84,30.51,5.02,6.41,41.66,0,Healthy
BANK_052,Walker LLC Rural Bank,Ashanti,Medium,2023,Q2,10,2023-Q2,190.2,30.63,30.73,4.98,9.51,75.25,0,Healthy
BANK_052,Walker LLC Rural Bank,Ashanti,Medium,2023,Q3,11,2023-Q3,194.12,30.18,30.71,4.86,14.97,70.88,0,Healthy
BANK_052,Walker LLC Rural Bank,Ashanti,Medium,2023,Q4,12,2023-Q4,201.55,29.32,30.54,4.99,8.57,43.83,0,Healthy
BANK_053,Chapman and Sons Rural Bank,Upper East,Medium,2021,Q1,1,2021-Q1,67.8,30.94,8.64,2.31,67.38,63.72,1,High-Risk
BANK_053,Chapman and Sons Rural Bank,Upper East,Medium,2021,Q2,2,2021-Q2,73.41,30.11,8.62,2.3,45.0,56.49,1,High-Risk
BANK_053,Chapman and Sons Rural Bank,Upper East,Medium,2021,Q3,3,2021-Q3,61.25,27.86,8.67,2.51,27.17,84.25,1,High-Risk
BANK_053,Chapman and Sons Rural Bank,Upper East,Medium,2021,Q4,4,2021-Q4,60.65,28.83,8.72,2.54,25.45,68.57,1,High-Risk
BANK_053,Chapman and Sons Rural Bank,Upper East,Medium,2022,Q1,5,2022-Q1,62.45,27.86,8.67,2.43,42.86,86.06,1,High-Risk
BANK_053,Chapman and Sons Rural Bank,Upper East,Medium,2022,Q2,6,2022-Q2,66.77,28.71,8.67,2.47,41.28,67.64,1,High-Risk
BANK_053,Chapman and Sons Rural Bank,Upper East,Medium,2022,Q3,7,2022-Q3,68.84,26.97,8.56,2.36,31.91,58.49,1,High-Risk
BANK_053,Chapman and Sons Rural Bank,Upper East,Medium,2022,Q4,8,2022-Q4,69.68,26.58,8.58,2.44,18.35,91.48,1,High-Risk
BANK_053,Chapman and Sons Rural Bank,Upper East,Medium,2023,Q1,9,2023-Q1,68.77,25.52,8.68,2.41,14.84,92.62,1,High-Risk
BANK_053,Chapman and Sons Rural Bank,Upper East,Medium,2023,Q2,10,2023-Q2,72.32,25.06,8.69,2.42,23.05,91.97,1,High-Risk
BANK_053,Chapman and Sons Rural Bank,Upper East,Medium,2023,Q3,11,2023-Q3,76.35,25.34,8.71,2.4,27.94,78.61,1,High-Risk
BANK_053,Chapman and Sons Rural Bank,Upper East,Medium,2023,Q4,12,2023-Q4,75.11,25.11,8.52,2.41,50.09,61.97,1,High-Risk
BANK_054,"Robinson, Jones and Welch Rural Bank",Northern,Small,2021,Q1,1,2021-Q1,23.4,22.29,23.24,22.38,17.68,93.53,1,High-Risk
BANK_054,"Robinson, Jones and Welch Rural Bank",Northern,Small,2021,Q2,2,2021-Q2,24.06,22.27,23.38,23.07,10.69,66.58,1,High-Risk
BANK_054,"Robinson, Jones and Welch Rural Bank",Northern,Small,2021,Q3,3,2021-Q3,20.02,22.41,23.44,25.1,6.77,87.77,1,High-Risk
BANK_054,"Robinson, Jones and Welch Rural Bank",Northern,Small,2021,Q4,4,2021-Q4,22.1,21.58,23.45,25.18,8.81,80.59,1,High-Risk
BANK_054,"Robinson, Jones and Welch Rural Bank",Northern,Small,2022,Q1,5,2022-Q1,24.55,20.63,23.62,24.92,3.71,46.75,1,High-Risk
BANK_054,"Robinson, Jones and Welch Rural Bank",Northern,Small,2022,Q2,6,2022-Q2,25.72,21.22,23.24,25.2,12.86,70.6,1,High-Risk
BANK_054,"Robinson, Jones and Welch Rural Bank",Northern,Small,2022,Q3,7,2022-Q3,26.67,21.5,22.99,25.75,13.69,73.9,1,High-Risk
BANK_054,"Robinson, Jones and Welch Rural Bank",Northern,Small,2022,Q4,8,2022-Q4,25.55,21.29,23.08,27.7,12.1,90.96,1,High-Risk
BANK_054,"Robinson, Jones and Welch Rural Bank",Northern,Small,2023,Q1,9,2023-Q1,21.78,21.74,23.32,28.34,13.97,43.16,1,High-Risk
BANK_054,"Robinson, Jones and Welch Rural Bank",Northern,Small,2023,Q2,10,2023-Q2,22.17,22.2,23.39,28.75,10.09,90.41,1,High-Risk
BANK_054,"Robinson, Jones and Welch Rural Bank",Northern,Small,2023,Q3,11,2023-Q3,22.8,22.92,23.21,28.84,13.55,54.87,1,High-Risk
BANK_054,"Robinson, Jones and Welch Rural Bank",Northern,Small,2023,Q4,12,2023-Q4,23.53,22.6,23.18,28.33,4.81,71.09,1,High-Risk
BANK_055,Jones Inc Rural Bank,Upper East,Medium,2021,Q1,1,2021-Q1,95.96,24.83,18.34,16.93,22.64,80.35,1,High-Risk
BANK_055,Jones Inc Rural Bank,Upper East,Medium,2021,Q2,2,2021-Q2,101.35,24.22,18.54,17.11,13.28,55.68,1,High-Risk
BANK_055,Jones Inc Rural Bank,Upper East,Medium,2021,Q3,3,2021-Q3,85.94,23.81,18.4,19.07,13.02,89.88,1,High-Risk
BANK_055,Jones Inc Rural Bank,Upper East,Medium,2021,Q4,4,2021-Q4,90.48,23.6,18.51,18.81,21.07,65.73,1,High-Risk
BANK_055,Jones Inc Rural Bank,Upper East,Medium,2022,Q1,5,2022-Q1,94.21,24.7,18.57,19.04,15.95,71.7,1,High-Risk
BANK_055,Jones Inc Rural Bank,Upper East,Medium,2022,Q2,6,2022-Q2,88.94,25.34,18.66,18.87,30.94,49.07,1,High-Risk
BANK_055,Jones Inc Rural Bank,Upper East,Medium,2022,Q3,7,2022-Q3,93.4,25.5,18.86,18.18,27.85,42.62,1,High-Risk
BANK_055,Jones Inc Rural Bank,Upper East,Medium,2022,Q4,8,2022-Q4,89.42,25.53,18.61,19.52,10.28,60.9,1,High-Risk
BANK_055,Jones Inc Rural Bank,Upper East,Medium,2023,Q1,9,2023-Q1,99.3,25.9,18.73,19.42,11.29,79.41,1,High-Risk
BANK_055,Jones Inc Rural Bank,Upper East,Medium,2023,Q2,10,2023-Q2,106.94,27.43,18.62,18.69,16.3,66.2,1,High-Risk
BANK_055,Jones Inc Rural Bank,Upper East,Medium,2023,Q3,11,2023-Q3,107.88,28.1,18.69,18.14,10.21,41.74,1,High-Risk
BANK_055,Jones Inc Rural Bank,Upper East,Medium,2023,Q4,12,2023-Q4,117.99,27.54,18.76,18.15,26.51,69.99,1,High-Risk
BANK_056,Jones-Young Rural Bank,Upper East,Small,2021,Q1,1,2021-Q1,28.13,34.49,15.99,8.2,16.05,56.43,0,Healthy
BANK_056,Jones-Young Rural Bank,Upper East,Small,2021,Q2,2,2021-Q2,29.69,33.6,15.86,8.28,18.28,51.35,0,Healthy
BANK_056,Jones-Young Rural Bank,Upper East,Small,2021,Q3,3,2021-Q3,25.16,30.54,16.26,8.74,22.42,81.25,0,Healthy
BANK_056,Jones-Young Rural Bank,Upper East,Small,2021,Q4,4,2021-Q4,26.45,30.65,16.49,8.78,24.42,61.81,0,Healthy
BANK_056,Jones-Young Rural Bank,Upper East,Small,2022,Q1,5,2022-Q1,26.39,28.94,16.53,9.0,34.57,44.29,0,Healthy
BANK_056,Jones-Young Rural Bank,Upper East,Small,2022,Q2,6,2022-Q2,30.73,28.27,16.27,8.94,14.72,84.13,0,Healthy
BANK_056,Jones-Young Rural Bank,Upper East,Small,2022,Q3,7,2022-Q3,31.41,28.32,16.44,8.79,34.96,69.22,0,Healthy
BANK_056,Jones-Young Rural Bank,Upper East,Small,2022,Q4,8,2022-Q4,29.79,27.36,16.5,9.24,23.85,43.95,0,Healthy
BANK_056,Jones-Young Rural Bank,Upper East,Small,2023,Q1,9,2023-Q1,29.2,27.94,16.29,9.14,23.46,87.34,0,Healthy
BANK_056,Jones-Young Rural Bank,Upper East,Small,2023,Q2,10,2023-Q2,30.0,28.94,16.46,9.31,24.08,91.81,0,Healthy
BANK_056,Jones-Young Rural Bank,Upper East,Small,2023,Q3,11,2023-Q3,30.82,28.7,16.48,9.15,29.42,60.17,0,Healthy
BANK_056,Jones-Young Rural Bank,Upper East,Small,2023,Q4,12,2023-Q4,30.75,30.1,16.49,9.3,35.41,57.15,0,Healthy
BANK_057,"Washington, Ryan and Cummings Rural Bank",Upper West,Small,2021,Q1,1,2021-Q1,44.75,8.22,28.8,18.76,3.91,87.75,1,High-Risk
BANK_057,"Washington, Ryan and Cummings Rural Bank",Upper West,Small,2021,Q2,2,2021-Q2,46.14,8.19,28.72,19.58,19.6,57.09,1,High-Risk
BANK_057,"Washington, Ryan and Cummings Rural Bank",Upper West,Small,2021,Q3,3,2021-Q3,39.96,8.05,28.87,20.6,4.62,88.23,1,High-Risk
BANK_057,"Washington, Ryan and Cummings Rural Bank",Upper West,Small,2021,Q4,4,2021-Q4,41.3,7.96,29.33,20.98,7.53,53.32,1,High-Risk
BANK_057,"Washington, Ryan and Cummings Rural Bank",Upper West,Small,2022,Q1,5,2022-Q1,45.11,7.79,28.76,21.58,5.95,93.67,1,High-Risk
BANK_057,"Washington, Ryan and Cummings Rural Bank",Upper West,Small,2022,Q2,6,2022-Q2,48.19,7.68,28.32,21.74,11.92,49.12,1,High-Risk
BANK_057,"Washington, Ryan and Cummings Rural Bank",Upper West,Small,2022,Q3,7,2022-Q3,51.88,7.58,28.01,22.12,16.63,59.6,1,High-Risk
BANK_057,"Washington, Ryan and Cummings Rural Bank",Upper West,Small,2022,Q4,8,2022-Q4,46.4,7.32,28.2,23.75,13.77,42.86,1,High-Risk
BANK_057,"Washington, Ryan and Cummings Rural Bank",Upper West,Small,2023,Q1,9,2023-Q1,45.96,7.5,27.95,24.81,15.71,71.18,1,High-Risk
BANK_057,"Washington, Ryan and Cummings Rural Bank",Upper West,Small,2023,Q2,10,2023-Q2,45.89,7.76,28.24,25.47,7.29,41.49,1,High-Risk
BANK_057,"Washington, Ryan and Cummings Rural Bank",Upper West,Small,2023,Q3,11,2023-Q3,46.99,7.4,27.94,25.0,11.38,90.85,1,High-Risk
BANK_057,"Washington, Ryan and Cummings Rural Bank",Upper West,Small,2023,Q4,12,2023-Q4,51.88,7.88,28.0,25.65,15.97,89.94,1,High-Risk
BANK_058,"Johnston, Sanchez and Kennedy Rural Bank",Eastern,Small,2021,Q1,1,2021-Q1,20.81,22.89,20.6,3.81,15.76,91.11,0,Healthy
BANK_058,"Johnston, Sanchez and Kennedy Rural Bank",Eastern,Small,2021,Q2,2,2021-Q2,21.09,21.35,20.46,3.89,10.45,72.0,0,Healthy
BANK_058,"Johnston, Sanchez and Kennedy Rural Bank",Eastern,Small,2021,Q3,3,2021-Q3,19.15,21.61,20.45,3.9,5.31,91.74,0,Healthy
BANK_058,"Johnston, Sanchez and Kennedy Rural Bank",Eastern,Small,2021,Q4,4,2021-Q4,20.66,20.9,20.31,3.79,17.5,63.82,0,Healthy
BANK_058,"Johnston, Sanchez and Kennedy Rural Bank",Eastern,Small,2022,Q1,5,2022-Q1,21.01,20.57,19.95,3.81,12.19,94.51,0,Healthy
BANK_058,"Johnston, Sanchez and Kennedy Rural Bank",Eastern,Small,2022,Q2,6,2022-Q2,23.03,19.77,19.9,3.69,24.89,73.07,0,Healthy
BANK_058,"Johnston, Sanchez and Kennedy Rural Bank",Eastern,Small,2022,Q3,7,2022-Q3,22.73,20.27,19.94,3.68,21.98,90.14,0,Healthy
BANK_058,"Johnston, Sanchez and Kennedy Rural Bank",Eastern,Small,2022,Q4,8,2022-Q4,22.34,19.37,19.77,3.79,24.06,46.34,0,Healthy
BANK_058,"Johnston, Sanchez and Kennedy Rural Bank",Eastern,Small,2023,Q1,9,2023-Q1,23.56,19.42,19.52,3.79,29.09,65.26,0,Healthy
BANK_058,"Johnston, Sanchez and Kennedy Rural Bank",Eastern,Small,2023,Q2,10,2023-Q2,22.47,19.5,19.61,3.82,8.12,60.02,0,Healthy
BANK_058,"Johnston, Sanchez and Kennedy Rural Bank",Eastern,Small,2023,Q3,11,2023-Q3,22.84,20.78,19.76,3.95,26.83,40.14,0,Healthy
BANK_058,"Johnston, Sanchez and Kennedy Rural Bank",Eastern,Small,2023,Q4,12,2023-Q4,22.15,21.09,19.81,4.04,14.39,59.83,0,Healthy
BANK_059,Lee-Davis Rural Bank,Greater Accra,Large,2021,Q1,1,2021-Q1,638.28,37.35,17.03,3.67,32.1,73.53,0,Healthy
BANK_059,Lee-Davis Rural Bank,Greater Accra,Large,2021,Q2,2,2021-Q2,642.26,36.11,17.33,3.79,16.95,66.23,0,Healthy
BANK_059,Lee-Davis Rural Bank,Greater Accra,Large,2021,Q3,3,2021-Q3,623.08,35.06,17.05,3.92,12.07,61.34,0,Healthy
BANK_059,Lee-Davis Rural Bank,Greater Accra,Large,2021,Q4,4,2021-Q4,613.68,37.45,16.76,4.13,7.06,43.61,0,Healthy
BANK_059,Lee-Davis Rural Bank,Greater Accra,Large,2022,Q1,5,2022-Q1,635.18,34.74,16.44,4.15,23.33,94.98,0,Healthy
BANK_059,Lee-Davis Rural Bank,Greater Accra,Large,2022,Q2,6,2022-Q2,625.92,34.04,16.29,4.33,7.04,67.36,0,Healthy
BANK_059,Lee-Davis Rural Bank,Greater Accra,Large,2022,Q3,7,2022-Q3,637.64,35.18,16.25,4.27,12.07,76.68,0,Healthy
BANK_059,Lee-Davis Rural Bank,Greater Accra,Large,2022,Q4,8,2022-Q4,619.09,33.79,16.42,4.44,12.99,88.09,0,Healthy
BANK_059,Lee-Davis Rural Bank,Greater Accra,Large,2023,Q1,9,2023-Q1,641.84,33.53,16.52,4.38,33.01,79.45,0,Healthy
BANK_059,Lee-Davis Rural Bank,Greater Accra,Large,2023,Q2,10,2023-Q2,613.85,32.5,16.71,4.38,27.59,84.77,0,Healthy
BANK_059,Lee-Davis Rural Bank,Greater Accra,Large,2023,Q3,11,2023-Q3,700.03,33.08,16.51,4.32,10.32,63.28,0,Healthy
BANK_059,Lee-Davis Rural Bank,Greater Accra,Large,2023,Q4,12,2023-Q4,766.16,33.53,16.77,4.2,27.66,43.16,0,Healthy
BANK_060,Gomez-Jenkins Rural Bank,Northern,Small,2021,Q1,1,2021-Q1,49.56,17.28,30.0,7.5,17.33,85.46,0,Healthy
BANK_060,Gomez-Jenkins Rural Bank,Northern,Small,2021,Q2,2,2021-Q2,54.66,17.99,29.39,7.85,6.99,91.48,0,Healthy
BANK_060,Gomez-Jenkins Rural Bank,Northern,Small,2021,Q3,3,2021-Q3,48.76,17.66,28.77,8.33,13.9,93.25,0,Healthy
BANK_060,Gomez-Jenkins Rural Bank,Northern,Small,2021,Q4,4,2021-Q4,52.69,18.38,28.35,8.28,19.32,53.99,0,Healthy
BANK_060,Gomez-Jenkins Rural Bank,Northern,Small,2022,Q1,5,2022-Q1,53.17,16.73,28.38,8.11,9.77,56.57,0,Healthy
BANK_060,Gomez-Jenkins Rural Bank,Northern,Small,2022,Q2,6,2022-Q2,54.12,17.2,28.4,8.0,12.06,63.66,0,Healthy
BANK_060,Gomez-Jenkins Rural Bank,Northern,Small,2022,Q3,7,2022-Q3,56.39,17.81,28.37,7.93,10.62,45.62,0,Healthy
BANK_060,Gomez-Jenkins Rural Bank,Northern,Small,2022,Q4,8,2022-Q4,51.12,16.81,28.28,8.41,16.07,47.45,0,Healthy
BANK_060,Gomez-Jenkins Rural Bank,Northern,Small,2023,Q1,9,2023-Q1,53.87,16.06,28.5,8.68,20.2,57.5,0,Healthy
BANK_060,Gomez-Jenkins Rural Bank,Northern,Small,2023,Q2,10,2023-Q2,58.12,15.59,27.84,8.46,6.98,54.12,0,Healthy
BANK_060,Gomez-Jenkins Rural Bank,Northern,Small,2023,Q3,11,2023-Q3,56.65,15.81,27.97,8.62,13.97,81.01,0,Healthy
BANK_060,Gomez-Jenkins Rural Bank,Northern,Small,2023,Q4,12,2023-Q4,50.67,15.7,27.65,8.66,10.51,57.16,0,Healthy
BANK_061,"Brown, Valdez and Lucas Rural Bank",Ashanti,Medium,2021,Q1,1,2021-Q1,183.73,17.31,8.16,11.06,58.25,68.43,1,High-Risk
BANK_061,"Brown, Valdez and Lucas Rural Bank",Ashanti,Medium,2021,Q2,2,2021-Q2,186.77,16.45,8.14,11.58,29.3,83.49,1,High-Risk
BANK_061,"Brown, Valdez and Lucas Rural Bank",Ashanti,Medium,2021,Q3,3,2021-Q3,186.37,15.44,7.97,11.93,45.45,89.71,1,High-Risk
BANK_061,"Brown, Valdez and Lucas Rural Bank",Ashanti,Medium,2021,Q4,4,2021-Q4,212.3,15.48,7.98,11.78,27.3,79.13,1,High-Risk
BANK_061,"Brown, Valdez and Lucas Rural Bank",Ashanti,Medium,2022,Q1,5,2022-Q1,204.15,16.31,7.95,11.76,55.42,68.65,1,High-Risk
BANK_061,"Brown, Valdez and Lucas Rural Bank",Ashanti,Medium,2022,Q2,6,2022-Q2,219.28,16.4,8.04,11.21,35.3,91.38,1,High-Risk
BANK_061,"Brown, Valdez and Lucas Rural Bank",Ashanti,Medium,2022,Q3,7,2022-Q3,207.17,16.18,8.13,11.49,70.47,58.53,1,High-Risk
BANK_061,"Brown, Valdez and Lucas Rural Bank",Ashanti,Medium,2022,Q4,8,2022-Q4,204.22,16.49,8.19,11.69,34.91,46.44,1,High-Risk
BANK_061,"Brown, Valdez and Lucas Rural Bank",Ashanti,Medium,2023,Q1,9,2023-Q1,205.5,15.74,8.25,12.11,17.41,81.79,1,High-Risk
BANK_061,"Brown, Valdez and Lucas Rural Bank",Ashanti,Medium,2023,Q2,10,2023-Q2,221.09,15.84,8.18,11.88,44.41,41.7,1,High-Risk
BANK_061,"Brown, Valdez and Lucas Rural Bank",Ashanti,Medium,2023,Q3,11,2023-Q3,226.74,16.66,8.2,12.37,53.59,58.53,1,High-Risk
BANK_061,"Brown, Valdez and Lucas Rural Bank",Ashanti,Medium,2023,Q4,12,2023-Q4,255.26,16.11,8.13,12.35,64.85,66.88,1,High-Risk
BANK_062,Powell LLC Rural Bank,Ashanti,Medium,2021,Q1,1,2021-Q1,65.01,21.61,28.55,11.16,6.94,74.9,0,Healthy
BANK_062,Powell LLC Rural Bank,Ashanti,Medium,2021,Q2,2,2021-Q2,64.97,20.67,28.83,11.25,8.15,89.31,0,Healthy
BANK_062,Powell LLC Rural Bank,Ashanti,Medium,2021,Q3,3,2021-Q3,61.86,21.05,29.42,11.23,5.22,48.07,0,Healthy
BANK_062,Powell LLC Rural Bank,Ashanti,Medium,2021,Q4,4,2021-Q4,69.78,20.86,29.49,11.45,15.39,63.92,0,Healthy
BANK_062,Powell LLC Rural Bank,Ashanti,Medium,2022,Q1,5,2022-Q1,70.71,19.03,29.26,11.75,7.65,47.76,0,Healthy
BANK_062,Powell LLC Rural Bank,Ashanti,Medium,2022,Q2,6,2022-Q2,76.95,20.5,29.35,11.37,11.46,48.33,0,Healthy
BANK_062,Powell LLC Rural Bank,Ashanti,Medium,2022,Q3,7,2022-Q3,77.75,21.13,29.25,11.82,9.98,86.23,0,Healthy
BANK_062,Powell LLC Rural Bank,Ashanti,Medium,2022,Q4,8,2022-Q4,75.61,20.53,29.18,12.11,4.29,82.78,0,Healthy
BANK_062,Powell LLC Rural Bank,Ashanti,Medium,2023,Q1,9,2023-Q1,77.14,21.49,28.86,12.47,7.09,78.96,0,Healthy
BANK_062,Powell LLC Rural Bank,Ashanti,Medium,2023,Q2,10,2023-Q2,87.8,21.78,28.64,12.02,18.0,92.64,0,Healthy
BANK_062,Powell LLC Rural Bank,Ashanti,Medium,2023,Q3,11,2023-Q3,94.41,22.33,28.96,11.68,13.31,57.66,0,Healthy
BANK_062,Powell LLC Rural Bank,Ashanti,Medium,2023,Q4,12,2023-Q4,93.69,22.58,28.89,11.16,12.57,77.2,0,Healthy
BANK_063,Wright and Sons Rural Bank,Upper East,Small,2021,Q1,1,2021-Q1,10.01,22.17,27.83,5.0,4.23,79.53,0,Healthy
BANK_063,Wright and Sons Rural Bank,Upper East,Small,2021,Q2,2,2021-Q2,9.81,21.47,28.06,5.04,9.78,92.25,0,Healthy
BANK_063,Wright and Sons Rural Bank,Upper East,Small,2021,Q3,3,2021-Q3,9.35,19.78,28.15,5.45,20.46,42.36,0,Healthy
BANK_063,Wright and Sons Rural Bank,Upper East,Small,2021,Q4,4,2021-Q4,9.73,19.54,28.2,5.59,18.44,42.02,0,Healthy
BANK_063,Wright and Sons Rural Bank,Upper East,Small,2022,Q1,5,2022-Q1,10.4,20.35,28.37,5.67,10.72,42.07,0,Healthy
BANK_063,Wright and Sons Rural Bank,Upper East,Small,2022,Q2,6,2022-Q2,10.98,21.11,27.93,5.72,6.51,41.21,0,Healthy
BANK_063,Wright and Sons Rural Bank,Upper East,Small,2022,Q3,7,2022-Q3,11.62,19.29,27.81,5.64,13.28,45.25,0,Healthy
BANK_063,Wright and Sons Rural Bank,Upper East,Small,2022,Q4,8,2022-Q4,11.22,18.81,27.97,5.94,9.52,40.58,0,Healthy
BANK_063,Wright and Sons Rural Bank,Upper East,Small,2023,Q1,9,2023-Q1,11.19,18.88,28.44,5.83,17.82,46.05,0,Healthy
BANK_063,Wright and Sons Rural Bank,Upper East,Small,2023,Q2,10,2023-Q2,10.96,18.2,28.42,5.92,10.84,58.62,0,Healthy
BANK_063,Wright and Sons Rural Bank,Upper East,Small,2023,Q3,11,2023-Q3,11.55,19.07,28.36,5.83,14.3,75.13,0,Healthy
BANK_063,Wright and Sons Rural Bank,Upper East,Small,2023,Q4,12,2023-Q4,11.96,19.13,28.65,5.82,15.48,41.97,0,Healthy
BANK_064,"West, Henderson and Ramirez Rural Bank",Central,Small,2021,Q1,1,2021-Q1,7.17,18.74,22.79,4.26,9.43,90.15,0,Healthy
BANK_064,"West, Henderson and Ramirez Rural Bank",Central,Small,2021,Q2,2,2021-Q2,7.03,18.89,23.06,4.33,25.72,43.03,0,Healthy
BANK_064,"West, Henderson and Ramirez Rural Bank",Central,Small,2021,Q3,3,2021-Q3,6.76,19.1,23.32,4.6,19.7,65.8,0,Healthy
BANK_064,"West, Henderson and Ramirez Rural Bank",Central,Small,2021,Q4,4,2021-Q4,6.23,18.87,23.6,4.8,18.8,75.95,0,Healthy
BANK_064,"West, Henderson and Ramirez Rural Bank",Central,Small,2022,Q1,5,2022-Q1,6.02,18.95,24.08,4.87,11.03,46.36,0,Healthy
BANK_064,"West, Henderson and Ramirez Rural Bank",Central,Small,2022,Q2,6,2022-Q2,7.08,19.55,24.24,4.52,7.06,63.82,0,Healthy
BANK_064,"West, Henderson and Ramirez Rural Bank",Central,Small,2022,Q3,7,2022-Q3,7.66,19.56,24.28,4.45,5.91,77.24,0,Healthy
BANK_064,"West, Henderson and Ramirez Rural Bank",Central,Small,2022,Q4,8,2022-Q4,7.41,19.56,24.4,4.56,24.49,40.49,0,Healthy
BANK_064,"West, Henderson and Ramirez Rural Bank",Central,Small,2023,Q1,9,2023-Q1,7.74,19.48,24.36,4.39,10.11,42.48,0,Healthy
BANK_064,"West, Henderson and Ramirez Rural Bank",Central,Small,2023,Q2,10,2023-Q2,7.62,19.42,24.02,4.6,23.84,92.27,0,Healthy
BANK_064,"West, Henderson and Ramirez Rural Bank",Central,Small,2023,Q3,11,2023-Q3,6.56,19.16,23.83,4.43,23.52,94.27,0,Healthy
BANK_064,"West, Henderson and Ramirez Rural Bank",Central,Small,2023,Q4,12,2023-Q4,6.74,19.05,23.68,4.45,23.8,46.43,0,Healthy
BANK_065,Baxter Inc Rural Bank,Northern,Small,2021,Q1,1,2021-Q1,42.99,24.32,25.75,0.99,15.09,54.82,0,Healthy
BANK_065,Baxter Inc Rural Bank,Northern,Small,2021,Q2,2,2021-Q2,44.42,24.57,25.83,0.99,19.13,69.31,0,Healthy
BANK_065,Baxter Inc Rural Bank,Northern,Small,2021,Q3,3,2021-Q3,45.01,23.01,26.22,1.05,8.35,93.03,0,Healthy
BANK_065,Baxter Inc Rural Bank,Northern,Small,2021,Q4,4,2021-Q4,44.8,23.3,26.66,1.02,12.65,87.99,0,Healthy
BANK_065,Baxter Inc Rural Bank,Northern,Small,2022,Q1,5,2022-Q1,49.76,23.75,26.78,1.02,19.19,52.35,0,Healthy
BANK_065,Baxter Inc Rural Bank,Northern,Small,2022,Q2,6,2022-Q2,50.17,24.04,26.52,0.98,11.31,88.94,0,Healthy
BANK_065,Baxter Inc Rural Bank,Northern,Small,2022,Q3,7,2022-Q3,53.08,23.85,26.2,0.98,16.58,71.17,0,Healthy
BANK_065,Baxter Inc Rural Bank,Northern,Small,2022,Q4,8,2022-Q4,47.1,23.53,26.39,1.04,13.67,85.35,0,Healthy
BANK_065,Baxter Inc Rural Bank,Northern,Small,2023,Q1,9,2023-Q1,45.68,23.68,26.88,1.08,11.46,80.54,0,Healthy
BANK_065,Baxter Inc Rural Bank,Northern,Small,2023,Q2,10,2023-Q2,45.58,22.9,27.24,1.06,10.63,67.62,0,Healthy
BANK_065,Baxter Inc Rural Bank,Northern,Small,2023,Q3,11,2023-Q3,43.5,23.86,27.29,1.05,14.45,88.61,0,Healthy
BANK_065,Baxter Inc Rural Bank,Northern,Small,2023,Q4,12,2023-Q4,42.26,23.8,27.11,1.08,11.01,71.05,0,Healthy
BANK_066,Morton-Chase Rural Bank,Greater Accra,Medium,2021,Q1,1,2021-Q1,54.39,10.82,14.42,9.95,17.94,55.25,1,High-Risk
BANK_066,Morton-Chase Rural Bank,Greater Accra,Medium,2021,Q2,2,2021-Q2,52.59,10.52,14.44,9.93,26.99,71.45,1,High-Risk
BANK_066,Morton-Chase Rural Bank,Greater Accra,Medium,2021,Q3,3,2021-Q3,49.2,10.56,14.34,10.2,28.85,92.37,1,High-Risk
BANK_066,Morton-Chase Rural Bank,Greater Accra,Medium,2021,Q4,4,2021-Q4,46.49,10.73,14.28,9.94,12.66,77.07,1,High-Risk
BANK_066,Morton-Chase Rural Bank,Greater Accra,Medium,2022,Q1,5,2022-Q1,45.52,10.61,14.46,9.79,24.99,75.09,1,High-Risk
BANK_066,Morton-Chase Rural Bank,Greater Accra,Medium,2022,Q2,6,2022-Q2,44.92,10.51,14.83,9.62,37.45,50.89,1,High-Risk
BANK_066,Morton-Chase Rural Bank,Greater Accra,Medium,2022,Q3,7,2022-Q3,45.24,10.57,14.82,9.84,12.61,79.09,1,High-Risk
BANK_066,Morton-Chase Rural Bank,Greater Accra,Medium,2022,Q4,8,2022-Q4,40.77,10.31,14.94,10.39,37.21,80.03,1,High-Risk
BANK_066,Morton-Chase Rural Bank,Greater Accra,Medium,2023,Q1,9,2023-Q1,46.03,10.35,14.88,10.28,7.37,64.96,1,High-Risk
BANK_066,Morton-Chase Rural Bank,Greater Accra,Medium,2023,Q2,10,2023-Q2,47.28,9.83,14.8,10.15,29.74,78.27,1,High-Risk
BANK_066,Morton-Chase Rural Bank,Greater Accra,Medium,2023,Q3,11,2023-Q3,52.43,9.98,14.83,9.8,26.34,91.02,1,High-Risk
BANK_066,Morton-Chase Rural Bank,Greater Accra,Medium,2023,Q4,12,2023-Q4,55.3,9.94,14.85,9.79,10.34,94.64,1,High-Risk
BANK_067,Williams PLC Rural Bank,Ashanti,Large,2021,Q1,1,2021-Q1,752.96,22.79,17.19,1.41,16.29,46.03,0,Healthy
BANK_067,Williams PLC Rural Bank,Ashanti,Large,2021,Q2,2,2021-Q2,809.79,23.19,16.97,1.4,17.03,62.2,0,Healthy
BANK_067,Williams PLC Rural Bank,Ashanti,Large,2021,Q3,3,2021-Q3,749.54,23.87,16.64,1.4,28.8,77.48,0,Healthy
BANK_067,Williams PLC Rural Bank,Ashanti,Large,2021,Q4,4,2021-Q4,766.66,23.4,16.57,1.38,12.17,70.94,0,Healthy
BANK_067,Williams PLC Rural Bank,Ashanti,Large,2022,Q1,5,2022-Q1,816.25,22.23,16.48,1.42,6.59,89.04,0,Healthy
BANK_067,Williams PLC Rural Bank,Ashanti,Large,2022,Q2,6,2022-Q2,934.88,22.43,16.42,1.34,24.39,84.33,0,Healthy
BANK_067,Williams PLC Rural Bank,Ashanti,Large,2022,Q3,7,2022-Q3,828.02,22.9,16.64,1.36,27.64,70.44,0,Healthy
BANK_067,Williams PLC Rural Bank,Ashanti,Large,2022,Q4,8,2022-Q4,725.14,22.38,16.77,1.42,21.48,93.18,0,Healthy
BANK_067,Williams PLC Rural Bank,Ashanti,Large,2023,Q1,9,2023-Q1,725.45,21.92,16.99,1.45,16.33,92.48,0,Healthy
BANK_067,Williams PLC Rural Bank,Ashanti,Large,2023,Q2,10,2023-Q2,744.43,23.23,17.25,1.4,12.33,93.59,0,Healthy
BANK_067,Williams PLC Rural Bank,Ashanti,Large,2023,Q3,11,2023-Q3,765.35,21.82,17.04,1.42,14.02,63.89,0,Healthy
BANK_067,Williams PLC Rural Bank,Ashanti,Large,2023,Q4,12,2023-Q4,725.73,22.14,16.94,1.38,24.83,93.96,0,Healthy
BANK_068,Novak and Sons Rural Bank,Eastern,Small,2021,Q1,1,2021-Q1,20.99,15.44,15.44,4.7,38.59,41.72,0,Healthy
BANK_068,Novak and Sons Rural Bank,Eastern,Small,2021,Q2,2,2021-Q2,19.24,15.18,15.47,4.98,33.39,68.21,0,Healthy
BANK_068,Novak and Sons Rural Bank,Eastern,Small,2021,Q3,3,2021-Q3,19.64,15.47,15.39,5.21,25.81,61.86,0,Healthy
BANK_068,Novak and Sons Rural Bank,Eastern,Small,2021,Q4,4,2021-Q4,19.92,15.42,15.32,5.28,9.69,55.73,0,Healthy
BANK_068,Novak and Sons Rural Bank,Eastern,Small,2022,Q1,5,2022-Q1,18.05,15.34,15.39,5.28,17.77,42.74,0,Healthy
BANK_068,Novak and Sons Rural Bank,Eastern,Small,2022,Q2,6,2022-Q2,19.36,14.84,15.43,5.08,35.18,42.25,1,High-Risk
BANK_068,Novak and Sons Rural Bank,Eastern,Small,2022,Q3,7,2022-Q3,19.65,14.56,15.46,5.05,29.09,49.15,1,High-Risk
BANK_068,Novak and Sons Rural Bank,Eastern,Small,2022,Q4,8,2022-Q4,19.67,15.24,15.49,5.26,18.11,70.99,0,Healthy
BANK_068,Novak and Sons Rural Bank,Eastern,Small,2023,Q1,9,2023-Q1,20.46,14.9,15.18,5.43,12.82,69.72,1,High-Risk
BANK_068,Novak and Sons Rural Bank,Eastern,Small,2023,Q2,10,2023-Q2,21.04,15.15,15.31,5.44,26.95,52.73,0,Healthy
BANK_068,Novak and Sons Rural Bank,Eastern,Small,2023,Q3,11,2023-Q3,21.69,14.45,15.44,5.46,34.19,89.74,1,High-Risk
BANK_068,Novak and Sons Rural Bank,Eastern,Small,2023,Q4,12,2023-Q4,22.78,14.3,15.27,5.6,14.56,66.89,1,High-Risk
BANK_069,Russell Group Rural Bank,Ashanti,Small,2021,Q1,1,2021-Q1,18.29,43.22,24.26,3.96,6.69,51.16,0,Healthy
BANK_069,Russell Group Rural Bank,Ashanti,Small,2021,Q2,2,2021-Q2,18.68,43.03,24.29,3.88,17.21,66.53,0,Healthy
BANK_069,Russell Group Rural Bank,Ashanti,Small,2021,Q3,3,2021-Q3,18.48,41.83,24.14,3.91,13.82,73.84,0,Healthy
BANK_069,Russell Group Rural Bank,Ashanti,Small,2021,Q4,4,2021-Q4,18.77,42.49,24.68,3.9,12.54,79.46,0,Healthy
BANK_069,Russell Group Rural Bank,Ashanti,Small,2022,Q1,5,2022-Q1,20.15,41.16,24.31,3.92,9.28,60.19,0,Healthy
BANK_069,Russell Group Rural Bank,Ashanti,Small,2022,Q2,6,2022-Q2,23.54,40.4,23.74,3.71,20.99,73.14,0,Healthy
BANK_069,Russell Group Rural Bank,Ashanti,Small,2022,Q3,7,2022-Q3,24.39,40.21,23.36,3.68,24.41,64.61,0,Healthy
BANK_069,Russell Group Rural Bank,Ashanti,Small,2022,Q4,8,2022-Q4,24.31,38.48,23.26,3.98,17.92,51.07,0,Healthy
BANK_069,Russell Group Rural Bank,Ashanti,Small,2023,Q1,9,2023-Q1,24.98,38.41,23.02,4.05,6.62,67.57,0,Healthy
BANK_069,Russell Group Rural Bank,Ashanti,Small,2023,Q2,10,2023-Q2,26.52,39.72,22.96,3.92,22.61,91.22,0,Healthy
BANK_069,Russell Group Rural Bank,Ashanti,Small,2023,Q3,11,2023-Q3,26.37,39.12,22.42,3.86,19.52,71.4,0,Healthy
BANK_069,Russell Group Rural Bank,Ashanti,Small,2023,Q4,12,2023-Q4,28.67,41.4,22.67,3.85,12.11,48.42,0,Healthy
BANK_070,Hancock Inc Rural Bank,Greater Accra,Small,2021,Q1,1,2021-Q1,25.43,17.04,9.84,13.93,38.13,42.63,1,High-Risk
BANK_070,Hancock Inc Rural Bank,Greater Accra,Small,2021,Q2,2,2021-Q2,26.84,17.15,9.78,13.63,21.19,54.09,1,High-Risk
BANK_070,Hancock Inc Rural Bank,Greater Accra,Small,2021,Q3,3,2021-Q3,27.55,16.57,9.69,13.7,27.81,78.29,1,High-Risk
BANK_070,Hancock Inc Rural Bank,Greater Accra,Small,2021,Q4,4,2021-Q4,26.43,16.65,9.57,14.13,19.89,87.39,1,High-Risk
BANK_070,Hancock Inc Rural Bank,Greater Accra,Small,2022,Q1,5,2022-Q1,26.7,16.25,9.36,14.84,12.05,43.71,1,High-Risk
BANK_070,Hancock Inc Rural Bank,Greater Accra,Small,2022,Q2,6,2022-Q2,25.86,16.16,9.33,15.05,52.6,56.5,1,High-Risk
BANK_070,Hancock Inc Rural Bank,Greater Accra,Small,2022,Q3,7,2022-Q3,26.08,15.76,9.43,15.69,56.83,85.67,1,High-Risk
BANK_070,Hancock Inc Rural Bank,Greater Accra,Small,2022,Q4,8,2022-Q4,23.62,15.19,9.42,17.17,18.64,70.91,1,High-Risk
BANK_070,Hancock Inc Rural Bank,Greater Accra,Small,2023,Q1,9,2023-Q1,22.63,15.15,9.48,17.19,10.93,92.63,1,High-Risk
BANK_070,Hancock Inc Rural Bank,Greater Accra,Small,2023,Q2,10,2023-Q2,20.58,14.22,9.52,17.43,23.47,94.07,1,High-Risk
BANK_070,Hancock Inc Rural Bank,Greater Accra,Small,2023,Q3,11,2023-Q3,21.39,14.07,9.46,17.05,13.35,47.5,1,High-Risk
BANK_070,Hancock Inc Rural Bank,Greater Accra,Small,2023,Q4,12,2023-Q4,22.1,14.42,9.32,16.41,11.09,54.56,1,High-Risk
BANK_071,Gray Group Rural Bank,Eastern,Medium,2021,Q1,1,2021-Q1,102.94,37.89,13.29,2.44,27.87,80.98,0,Healthy
BANK_071,Gray Group Rural Bank,Eastern,Medium,2021,Q2,2,2021-Q2,103.46,39.55,13.35,2.5,10.88,92.8,0,Healthy
BANK_071,Gray Group Rural Bank,Eastern,Medium,2021,Q3,3,2021-Q3,94.06,36.82,13.29,2.63,32.83,74.21,0,Healthy
BANK_071,Gray Group Rural Bank,Eastern,Medium,2021,Q4,4,2021-Q4,100.99,35.95,13.35,2.61,8.24,93.48,0,Healthy
BANK_071,Gray Group Rural Bank,Eastern,Medium,2022,Q1,5,2022-Q1,107.96,33.79,13.29,2.72,17.17,86.2,0,Healthy
BANK_071,Gray Group Rural Bank,Eastern,Medium,2022,Q2,6,2022-Q2,123.36,33.55,13.39,2.67,29.93,89.68,0,Healthy
BANK_071,Gray Group Rural Bank,Eastern,Medium,2022,Q3,7,2022-Q3,120.43,32.51,13.33,2.7,23.59,72.68,0,Healthy
BANK_071,Gray Group Rural Bank,Eastern,Medium,2022,Q4,8,2022-Q4,103.17,31.9,13.03,2.8,43.25,91.1,0,Healthy
BANK_071,Gray Group Rural Bank,Eastern,Medium,2023,Q1,9,2023-Q1,98.21,32.92,13.15,2.75,44.18,64.83,0,Healthy
BANK_071,Gray Group Rural Bank,Eastern,Medium,2023,Q2,10,2023-Q2,103.05,33.56,12.99,2.74,9.4,48.61,0,Healthy
BANK_071,Gray Group Rural Bank,Eastern,Medium,2023,Q3,11,2023-Q3,105.65,33.74,13.13,2.68,39.15,63.01,0,Healthy
BANK_071,Gray Group Rural Bank,Eastern,Medium,2023,Q4,12,2023-Q4,107.51,34.57,13.22,2.7,45.19,46.77,0,Healthy
BANK_072,House-Glover Rural Bank,Greater Accra,Large,2021,Q1,1,2021-Q1,722.38,19.62,13.91,10.32,28.2,70.74,0,Healthy
BANK_072,House-Glover Rural Bank,Greater Accra,Large,2021,Q2,2,2021-Q2,746.75,18.76,13.91,10.41,15.78,73.96,0,Healthy
BANK_072,House-Glover Rural Bank,Greater Accra,Large,2021,Q3,3,2021-Q3,715.04,18.38,13.84,10.61,20.69,75.14,0,Healthy
BANK_072,House-Glover Rural Bank,Greater Accra,Large,2021,Q4,4,2021-Q4,755.85,18.81,13.7,10.66,31.42,57.86,0,Healthy
BANK_072,House-Glover Rural Bank,Greater Accra,Large,2022,Q1,5,2022-Q1,804.16,18.35,13.44,10.71,29.94,54.94,0,Healthy
BANK_072,House-Glover Rural Bank,Greater Accra,Large,2022,Q2,6,2022-Q2,847.04,18.76,13.57,10.6,16.32,84.94,0,Healthy
BANK_072,House-Glover Rural Bank,Greater Accra,Large,2022,Q3,7,2022-Q3,847.51,18.91,13.62,10.77,25.58,77.52,0,Healthy
BANK_072,House-Glover Rural Bank,Greater Accra,Large,2022,Q4,8,2022-Q4,745.32,18.2,13.5,11.65,19.51,60.55,0,Healthy
BANK_072,House-Glover Rural Bank,Greater Accra,Large,2023,Q1,9,2023-Q1,724.27,18.11,13.44,12.06,22.44,74.16,0,Healthy
BANK_072,House-Glover Rural Bank,Greater Accra,Large,2023,Q2,10,2023-Q2,706.99,17.6,13.4,12.55,39.82,85.38,0,Healthy
BANK_072,House-Glover Rural Bank,Greater Accra,Large,2023,Q3,11,2023-Q3,736.6,17.69,13.39,12.13,26.02,90.33,0,Healthy
BANK_072,House-Glover Rural Bank,Greater Accra,Large,2023,Q4,12,2023-Q4,768.82,17.7,13.55,12.14,32.38,46.76,0,Healthy
BANK_073,Henderson-Bernard Rural Bank,Volta,Small,2021,Q1,1,2021-Q1,31.57,36.26,11.34,2.99,42.26,56.15,1,High-Risk
BANK_073,Henderson-Bernard Rural Bank,Volta,Small,2021,Q2,2,2021-Q2,34.79,35.27,11.35,3.11,40.23,83.07,1,High-Risk
BANK_073,Henderson-Bernard Rural Bank,Volta,Small,2021,Q3,3,2021-Q3,34.92,38.35,11.33,3.06,48.52,85.1,1,High-Risk
BANK_073,Henderson-Bernard Rural Bank,Volta,Small,2021,Q4,4,2021-Q4,38.28,39.56,11.28,3.06,42.22,71.97,1,High-Risk
BANK_073,Henderson-Bernard Rural Bank,Volta,Small,2022,Q1,5,2022-Q1,41.39,40.04,11.18,3.04,12.23,40.06,1,High-Risk
BANK_073,Henderson-Bernard Rural Bank,Volta,Small,2022,Q2,6,2022-Q2,43.57,40.37,11.03,2.96,50.21,65.9,1,High-Risk
BANK_073,Henderson-Bernard Rural Bank,Volta,Small,2022,Q3,7,2022-Q3,41.68,39.33,11.11,2.9,32.26,53.25,1,High-Risk
BANK_073,Henderson-Bernard Rural Bank,Volta,Small,2022,Q4,8,2022-Q4,40.55,36.77,11.24,2.91,24.41,93.55,1,High-Risk
BANK_073,Henderson-Bernard Rural Bank,Volta,Small,2023,Q1,9,2023-Q1,43.12,36.81,11.27,2.9,13.07,44.1,1,High-Risk
BANK_073,Henderson-Bernard Rural Bank,Volta,Small,2023,Q2,10,2023-Q2,42.81,37.01,11.22,2.81,18.73,79.84,1,High-Risk
BANK_073,Henderson-Bernard Rural Bank,Volta,Small,2023,Q3,11,2023-Q3,44.24,38.13,11.46,2.77,17.58,61.03,1,High-Risk
BANK_073,Henderson-Bernard Rural Bank,Volta,Small,2023,Q4,12,2023-Q4,45.68,37.63,11.57,2.7,37.34,71.8,1,High-Risk
BANK_074,"Stanley, Tucker and Lee Rural Bank",Ashanti,Small,2021,Q1,1,2021-Q1,34.16,24.08,26.99,14.14,18.2,64.76,0,Healthy
BANK_074,"Stanley, Tucker and Lee Rural Bank",Ashanti,Small,2021,Q2,2,2021-Q2,36.67,23.76,27.45,14.45,12.62,51.86,0,Healthy
BANK_074,"Stanley, Tucker and Lee Rural Bank",Ashanti,Small,2021,Q3,3,2021-Q3,37.72,24.74,27.58,14.27,15.86,81.18,0,Healthy
BANK_074,"Stanley, Tucker and Lee Rural Bank",Ashanti,Small,2021,Q4,4,2021-Q4,37.71,25.02,27.73,14.12,18.38,70.34,0,Healthy
BANK_074,"Stanley, Tucker and Lee Rural Bank",Ashanti,Small,2022,Q1,5,2022-Q1,37.55,24.49,27.63,13.95,7.16,88.02,0,Healthy
BANK_074,"Stanley, Tucker and Lee Rural Bank",Ashanti,Small,2022,Q2,6,2022-Q2,42.8,24.03,27.94,13.21,9.07,90.97,0,Healthy
BANK_074,"Stanley, Tucker and Lee Rural Bank",Ashanti,Small,2022,Q3,7,2022-Q3,37.68,23.72,27.97,13.01,7.08,89.53,0,Healthy
BANK_074,"Stanley, Tucker and Lee Rural Bank",Ashanti,Small,2022,Q4,8,2022-Q4,35.13,22.87,28.18,13.33,16.6,80.97,0,Healthy
BANK_074,"Stanley, Tucker and Lee Rural Bank",Ashanti,Small,2023,Q1,9,2023-Q1,37.02,23.06,28.48,13.25,5.56,60.28,0,Healthy
BANK_074,"Stanley, Tucker and Lee Rural Bank",Ashanti,Small,2023,Q2,10,2023-Q2,36.55,24.12,28.22,13.08,11.0,48.95,0,Healthy
BANK_074,"Stanley, Tucker and Lee Rural Bank",Ashanti,Small,2023,Q3,11,2023-Q3,36.0,24.84,28.26,13.02,20.03,66.89,0,Healthy
BANK_074,"Stanley, Tucker and Lee Rural Bank",Ashanti,Small,2023,Q4,12,2023-Q4,39.72,24.86,28.28,13.23,5.52,45.49,0,Healthy
BANK_075,Novak PLC Rural Bank,Central,Small,2021,Q1,1,2021-Q1,14.63,42.58,21.11,5.93,13.49,51.13,0,Healthy
BANK_075,Novak PLC Rural Bank,Central,Small,2021,Q2,2,2021-Q2,16.28,41.74,21.02,6.0,13.82,63.17,0,Healthy
BANK_075,Novak PLC Rural Bank,Central,Small,2021,Q3,3,2021-Q3,15.81,41.72,21.04,6.15,13.96,71.17,0,Healthy
BANK_075,Novak PLC Rural Bank,Central,Small,2021,Q4,4,2021-Q4,16.37,41.8,20.77,6.33,19.86,93.34,0,Healthy
BANK_075,Novak PLC Rural Bank,Central,Small,2022,Q1,5,2022-Q1,16.98,42.24,20.42,6.21,17.09,44.4,0,Healthy
BANK_075,Novak PLC Rural Bank,Central,Small,2022,Q2,6,2022-Q2,19.62,42.73,20.62,5.75,21.37,67.93,0,Healthy
BANK_075,Novak PLC Rural Bank,Central,Small,2022,Q3,7,2022-Q3,20.5,43.63,20.71,5.83,19.56,47.41,0,Healthy
BANK_075,Novak PLC Rural Bank,Central,Small,2022,Q4,8,2022-Q4,19.04,42.53,20.75,5.85,10.62,78.4,0,Healthy
BANK_075,Novak PLC Rural Bank,Central,Small,2023,Q1,9,2023-Q1,18.22,42.44,20.73,5.69,12.23,87.38,0,Healthy
BANK_075,Novak PLC Rural Bank,Central,Small,2023,Q2,10,2023-Q2,18.96,43.72,20.75,5.98,5.49,51.7,0,Healthy
BANK_075,Novak PLC Rural Bank,Central,Small,2023,Q3,11,2023-Q3,19.01,43.98,20.84,6.13,22.99,76.89,0,Healthy
BANK_075,Novak PLC Rural Bank,Central,Small,2023,Q4,12,2023-Q4,20.62,44.48,20.88,6.37,13.72,85.8,0,Healthy
BANK_076,"Daniels, Adkins and Brown Rural Bank",Volta,Medium,2021,Q1,1,2021-Q1,92.74,26.33,22.24,8.89,26.47,91.17,0,Healthy
BANK_076,"Daniels, Adkins and Brown Rural Bank",Volta,Medium,2021,Q2,2,2021-Q2,98.98,26.79,22.26,8.9,22.54,53.98,0,Healthy
BANK_076,"Daniels, Adkins and Brown Rural Bank",Volta,Medium,2021,Q3,3,2021-Q3,111.21,26.66,22.53,8.44,14.38,68.9,0,Healthy
BANK_076,"Daniels, Adkins and Brown Rural Bank",Volta,Medium,2021,Q4,4,2021-Q4,120.64,26.35,22.21,8.31,12.15,42.13,0,Healthy
BANK_076,"Daniels, Adkins and Brown Rural Bank",Volta,Medium,2022,Q1,5,2022-Q1,117.61,27.24,22.37,8.2,23.38,49.23,0,Healthy
BANK_076,"Daniels, Adkins and Brown Rural Bank",Volta,Medium,2022,Q2,6,2022-Q2,122.94,27.44,22.35,8.22,10.79,89.85,0,Healthy
BANK_076,"Daniels, Adkins and Brown Rural Bank",Volta,Medium,2022,Q3,7,2022-Q3,118.4,26.9,22.21,8.21,18.38,80.09,0,Healthy
BANK_076,"Daniels, Adkins and Brown Rural Bank",Volta,Medium,2022,Q4,8,2022-Q4,112.94,27.16,22.31,8.74,9.25,76.62,0,Healthy
BANK_076,"Daniels, Adkins and Brown Rural Bank",Volta,Medium,2023,Q1,9,2023-Q1,115.43,27.01,21.85,8.59,4.82,42.9,0,Healthy
BANK_076,"Daniels, Adkins and Brown Rural Bank",Volta,Medium,2023,Q2,10,2023-Q2,126.03,26.74,21.52,8.47,9.99,64.75,0,Healthy
BANK_076,"Daniels, Adkins and Brown Rural Bank",Volta,Medium,2023,Q3,11,2023-Q3,126.29,26.89,21.59,8.66,24.22,44.25,0,Healthy
BANK_076,"Daniels, Adkins and Brown Rural Bank",Volta,Medium,2023,Q4,12,2023-Q4,120.4,27.71,21.63,8.48,24.75,51.36,0,Healthy
BANK_077,"Woods, Calhoun and Schmidt Rural Bank",Upper East,Medium,2021,Q1,1,2021-Q1,82.71,28.14,21.89,8.99,19.21,66.52,0,Healthy
BANK_077,"Woods, Calhoun and Schmidt Rural Bank",Upper East,Medium,2021,Q2,2,2021-Q2,81.79,28.88,21.84,9.2,10.44,50.01,0,Healthy
BANK_077,"Woods, Calhoun and Schmidt Rural Bank",Upper East,Medium,2021,Q3,3,2021-Q3,64.61,27.66,21.97,9.94,15.64,51.0,0,Healthy
BANK_077,"Woods, Calhoun and Schmidt Rural Bank",Upper East,Medium,2021,Q4,4,2021-Q4,70.84,29.54,21.81,10.28,20.37,75.81,0,Healthy
BANK_077,"Woods, Calhoun and Schmidt Rural Bank",Upper East,Medium,2022,Q1,5,2022-Q1,72.9,28.92,22.27,10.49,20.9,67.0,0,Healthy
BANK_077,"Woods, Calhoun and Schmidt Rural Bank",Upper East,Medium,2022,Q2,6,2022-Q2,78.1,28.9,22.64,10.97,14.04,64.08,0,Healthy
BANK_077,"Woods, Calhoun and Schmidt Rural Bank",Upper East,Medium,2022,Q3,7,2022-Q3,80.65,27.89,23.02,10.78,22.11,47.69,0,Healthy
BANK_077,"Woods, Calhoun and Schmidt Rural Bank",Upper East,Medium,2022,Q4,8,2022-Q4,75.73,27.61,22.89,11.18,17.63,81.62,0,Healthy
BANK_077,"Woods, Calhoun and Schmidt Rural Bank",Upper East,Medium,2023,Q1,9,2023-Q1,80.61,30.42,22.58,11.09,23.55,64.71,0,Healthy
BANK_077,"Woods, Calhoun and Schmidt Rural Bank",Upper East,Medium,2023,Q2,10,2023-Q2,80.37,31.24,22.1,11.08,7.1,59.33,0,Healthy
BANK_077,"Woods, Calhoun and Schmidt Rural Bank",Upper East,Medium,2023,Q3,11,2023-Q3,88.76,31.52,21.96,11.33,14.84,81.1,0,Healthy
BANK_077,"Woods, Calhoun and Schmidt Rural Bank",Upper East,Medium,2023,Q4,12,2023-Q4,79.25,30.2,22.15,11.62,7.42,69.85,0,Healthy
BANK_078,Yu Inc Rural Bank,Eastern,Small,2021,Q1,1,2021-Q1,9.63,34.75,14.88,1.62,32.52,68.7,0,Healthy
BANK_078,Yu Inc Rural Bank,Eastern,Small,2021,Q2,2,2021-Q2,9.17,33.96,14.85,1.69,24.56,40.26,0,Healthy
BANK_078,Yu Inc Rural Bank,Eastern,Small,2021,Q3,3,2021-Q3,8.15,34.34,15.25,1.68,20.34,45.62,0,Healthy
BANK_078,Yu Inc Rural Bank,Eastern,Small,2021,Q4,4,2021-Q4,9.01,34.78,15.35,1.66,26.63,80.23,0,Healthy
BANK_078,Yu Inc Rural Bank,Eastern,Small,2022,Q1,5,2022-Q1,8.69,34.91,15.39,1.65,18.49,44.89,0,Healthy
BANK_078,Yu Inc Rural Bank,Eastern,Small,2022,Q2,6,2022-Q2,9.11,35.83,15.59,1.64,7.41,78.75,0,Healthy
BANK_078,Yu Inc Rural Bank,Eastern,Small,2022,Q3,7,2022-Q3,9.2,36.2,15.46,1.6,30.17,80.03,0,Healthy
BANK_078,Yu Inc Rural Bank,Eastern,Small,2022,Q4,8,2022-Q4,8.85,35.04,15.64,1.69,12.49,86.23,0,Healthy
BANK_078,Yu Inc Rural Bank,Eastern,Small,2023,Q1,9,2023-Q1,9.83,34.79,15.81,1.7,13.29,80.4,0,Healthy
BANK_078,Yu Inc Rural Bank,Eastern,Small,2023,Q2,10,2023-Q2,10.35,34.16,15.82,1.77,10.09,64.47,0,Healthy
BANK_078,Yu Inc Rural Bank,Eastern,Small,2023,Q3,11,2023-Q3,9.97,34.87,15.61,1.77,14.18,42.53,0,Healthy
BANK_078,Yu Inc Rural Bank,Eastern,Small,2023,Q4,12,2023-Q4,10.1,35.82,15.57,1.82,27.43,88.3,0,Healthy
BANK_079,Jones Inc Rural Bank,Bono,Small,2021,Q1,1,2021-Q1,26.31,15.19,13.56,24.15,11.23,88.68,1,High-Risk
BANK_079,Jones Inc Rural Bank,Bono,Small,2021,Q2,2,2021-Q2,26.29,15.14,13.84,24.53,27.33,68.36,1,High-Risk
BANK_079,Jones Inc Rural Bank,Bono,Small,2021,Q3,3,2021-Q3,24.31,15.74,13.76,24.6,25.17,88.44,1,High-Risk
BANK_079,Jones Inc Rural Bank,Bono,Small,2021,Q4,4,2021-Q4,22.4,16.23,13.61,25.15,13.72,78.99,1,High-Risk
BANK_079,Jones Inc Rural Bank,Bono,Small,2022,Q1,5,2022-Q1,21.78,16.68,13.46,25.58,27.41,62.25,1,High-Risk
BANK_079,Jones Inc Rural Bank,Bono,Small,2022,Q2,6,2022-Q2,24.63,15.94,13.31,25.86,31.46,70.57,1,High-Risk
BANK_079,Jones Inc Rural Bank,Bono,Small,2022,Q3,7,2022-Q3,25.17,15.89,13.11,25.85,41.57,50.87,1,High-Risk
BANK_079,Jones Inc Rural Bank,Bono,Small,2022,Q4,8,2022-Q4,22.43,15.71,13.14,26.91,24.84,76.93,1,High-Risk
BANK_079,Jones Inc Rural Bank,Bono,Small,2023,Q1,9,2023-Q1,22.08,15.33,13.2,27.92,41.5,92.39,1,High-Risk
BANK_079,Jones Inc Rural Bank,Bono,Small,2023,Q2,10,2023-Q2,22.37,14.56,13.13,28.15,15.77,88.3,1,High-Risk
BANK_079,Jones Inc Rural Bank,Bono,Small,2023,Q3,11,2023-Q3,23.69,15.29,13.17,27.67,6.76,75.18,1,High-Risk
BANK_079,Jones Inc Rural Bank,Bono,Small,2023,Q4,12,2023-Q4,25.61,15.74,13.14,26.61,27.94,57.83,1,High-Risk
BANK_080,"Hensley, Powell and David Rural Bank",Greater Accra,Small,2021,Q1,1,2021-Q1,44.69,17.38,9.94,14.47,24.29,61.87,1,High-Risk
BANK_080,"Hensley, Powell and David Rural Bank",Greater Accra,Small,2021,Q2,2,2021-Q2,45.7,17.38,9.99,14.52,50.66,57.83,1,High-Risk
BANK_080,"Hensley, Powell and David Rural Bank",Greater Accra,Small,2021,Q3,3,2021-Q3,44.53,17.42,10.02,14.87,59.12,50.0,1,High-Risk
BANK_080,"Hensley, Powell and David Rural Bank",Greater Accra,Small,2021,Q4,4,2021-Q4,45.12,16.87,10.0,14.93,33.35,57.49,1,High-Risk
BANK_080,"Hensley, Powell and David Rural Bank",Greater Accra,Small,2022,Q1,5,2022-Q1,43.97,17.17,10.14,14.77,41.48,48.63,1,High-Risk
BANK_080,"Hensley, Powell and David Rural Bank",Greater Accra,Small,2022,Q2,6,2022-Q2,48.19,17.26,9.97,14.95,39.83,78.78,1,High-Risk
BANK_080,"Hensley, Powell and David Rural Bank",Greater Accra,Small,2022,Q3,7,2022-Q3,46.63,17.45,9.93,16.02,25.01,67.2,1,High-Risk
BANK_080,"Hensley, Powell and David Rural Bank",Greater Accra,Small,2022,Q4,8,2022-Q4,46.59,16.02,10.01,17.51,54.26,76.64,1,High-Risk
BANK_080,"Hensley, Powell and David Rural Bank",Greater Accra,Small,2023,Q1,9,2023-Q1,48.77,16.02,9.99,17.21,11.98,90.12,1,High-Risk
BANK_080,"Hensley, Powell and David Rural Bank",Greater Accra,Small,2023,Q2,10,2023-Q2,49.3,16.74,10.03,17.22,15.93,83.67,1,High-Risk
BANK_080,"Hensley, Powell and David Rural Bank",Greater Accra,Small,2023,Q3,11,2023-Q3,54.1,16.75,10.01,17.37,30.05,82.24,1,High-Risk
BANK_080,"Hensley, Powell and David Rural Bank",Greater Accra,Small,2023,Q4,12,2023-Q4,56.88,16.8,9.81,17.69,50.77,50.63,1,High-Risk
BANK_081,"Sanchez, Wheeler and Harvey Rural Bank",Eastern,Small,2021,Q1,1,2021-Q1,13.77,23.72,21.44,11.77,5.89,72.22,0,Healthy
BANK_081,"Sanchez, Wheeler and Harvey Rural Bank",Eastern,Small,2021,Q2,2,2021-Q2,15.27,23.43,21.42,12.21,26.27,79.06,0,Healthy
BANK_081,"Sanchez, Wheeler and Harvey Rural Bank",Eastern,Small,2021,Q3,3,2021-Q3,15.06,21.92,21.37,12.82,14.86,93.01,0,Healthy
BANK_081,"Sanchez, Wheeler and Harvey Rural Bank",Eastern,Small,2021,Q4,4,2021-Q4,15.8,21.33,21.24,12.72,15.0,72.96,0,Healthy
BANK_081,"Sanchez, Wheeler and Harvey Rural Bank",Eastern,Small,2022,Q1,5,2022-Q1,15.94,22.0,21.03,12.7,9.61,59.52,0,Healthy
BANK_081,"Sanchez, Wheeler and Harvey Rural Bank",Eastern,Small,2022,Q2,6,2022-Q2,16.78,21.44,20.8,12.8,12.71,45.15,0,Healthy
BANK_081,"Sanchez, Wheeler and Harvey Rural Bank",Eastern,Small,2022,Q3,7,2022-Q3,15.92,22.18,20.75,12.69,15.33,90.96,0,Healthy
BANK_081,"Sanchez, Wheeler and Harvey Rural Bank",Eastern,Small,2022,Q4,8,2022-Q4,16.65,20.92,20.64,13.09,8.14,94.62,0,Healthy
BANK_081,"Sanchez, Wheeler and Harvey Rural Bank",Eastern,Small,2023,Q1,9,2023-Q1,17.0,20.92,20.5,12.99,14.44,53.44,0,Healthy
BANK_081,"Sanchez, Wheeler and Harvey Rural Bank",Eastern,Small,2023,Q2,10,2023-Q2,18.52,22.38,20.5,13.12,12.93,76.77,0,Healthy
BANK_081,"Sanchez, Wheeler and Harvey Rural Bank",Eastern,Small,2023,Q3,11,2023-Q3,16.77,21.49,20.38,13.74,24.31,62.93,0,Healthy
BANK_081,"Sanchez, Wheeler and Harvey Rural Bank",Eastern,Small,2023,Q4,12,2023-Q4,16.56,22.34,20.27,13.79,28.93,60.27,0,Healthy
BANK_082,Sandoval-Cunningham Rural Bank,Western,Large,2021,Q1,1,2021-Q1,271.69,6.19,8.67,15.42,37.91,83.85,1,High-Risk
BANK_082,Sandoval-Cunningham Rural Bank,Western,Large,2021,Q2,2,2021-Q2,289.45,6.37,8.67,15.74,43.97,42.18,1,High-Risk
BANK_082,Sandoval-Cunningham Rural Bank,Western,Large,2021,Q3,3,2021-Q3,282.99,6.32,8.67,15.96,27.14,45.47,1,High-Risk
BANK_082,Sandoval-Cunningham Rural Bank,Western,Large,2021,Q4,4,2021-Q4,277.71,6.42,8.58,15.68,43.52,71.3,1,High-Risk
BANK_082,Sandoval-Cunningham Rural Bank,Western,Large,2022,Q1,5,2022-Q1,282.65,6.33,8.7,15.53,45.79,40.69,1,High-Risk
BANK_082,Sandoval-Cunningham Rural Bank,Western,Large,2022,Q2,6,2022-Q2,328.09,6.35,8.65,14.86,57.46,69.67,1,High-Risk
BANK_082,Sandoval-Cunningham Rural Bank,Western,Large,2022,Q3,7,2022-Q3,297.83,6.41,8.66,15.41,65.84,41.76,1,High-Risk
BANK_082,Sandoval-Cunningham Rural Bank,Western,Large,2022,Q4,8,2022-Q4,264.03,6.13,8.56,16.29,49.86,93.33,1,High-Risk
BANK_082,Sandoval-Cunningham Rural Bank,Western,Large,2023,Q1,9,2023-Q1,276.99,6.24,8.61,16.19,15.07,84.57,1,High-Risk
BANK_082,Sandoval-Cunningham Rural Bank,Western,Large,2023,Q2,10,2023-Q2,311.32,6.61,8.65,14.91,36.12,93.99,1,High-Risk
BANK_082,Sandoval-Cunningham Rural Bank,Western,Large,2023,Q3,11,2023-Q3,309.83,6.68,8.75,15.43,13.31,86.47,1,High-Risk
BANK_082,Sandoval-Cunningham Rural Bank,Western,Large,2023,Q4,12,2023-Q4,314.31,6.59,8.72,15.85,19.18,70.13,1,High-Risk
BANK_083,Donovan-Harris Rural Bank,Central,Medium,2021,Q1,1,2021-Q1,89.82,32.66,29.06,5.92,17.71,89.78,0,Healthy
BANK_083,Donovan-Harris Rural Bank,Central,Medium,2021,Q2,2,2021-Q2,103.41,33.43,29.08,5.9,11.6,79.39,0,Healthy
BANK_083,Donovan-Harris Rural Bank,Central,Medium,2021,Q3,3,2021-Q3,106.06,34.23,29.57,5.88,13.24,44.93,0,Healthy
BANK_083,Donovan-Harris Rural Bank,Central,Medium,2021,Q4,4,2021-Q4,113.2,33.64,29.7,6.2,12.61,55.22,0,Healthy
BANK_083,Donovan-Harris Rural Bank,Central,Medium,2022,Q1,5,2022-Q1,116.08,32.03,29.82,6.06,15.59,45.52,0,Healthy
BANK_083,Donovan-Harris Rural Bank,Central,Medium,2022,Q2,6,2022-Q2,136.43,33.7,29.88,5.71,14.56,60.24,0,Healthy
BANK_083,Donovan-Harris Rural Bank,Central,Medium,2022,Q3,7,2022-Q3,143.48,32.13,30.24,5.75,17.26,41.63,0,Healthy
BANK_083,Donovan-Harris Rural Bank,Central,Medium,2022,Q4,8,2022-Q4,146.36,31.75,30.18,5.97,7.83,60.71,0,Healthy
BANK_083,Donovan-Harris Rural Bank,Central,Medium,2023,Q1,9,2023-Q1,169.88,33.02,30.01,5.77,16.85,69.47,0,Healthy
BANK_083,Donovan-Harris Rural Bank,Central,Medium,2023,Q2,10,2023-Q2,162.24,34.57,29.65,5.85,5.99,64.42,0,Healthy
BANK_083,Donovan-Harris Rural Bank,Central,Medium,2023,Q3,11,2023-Q3,165.35,34.18,29.61,6.12,8.62,75.25,0,Healthy
BANK_083,Donovan-Harris Rural Bank,Central,Medium,2023,Q4,12,2023-Q4,170.2,34.55,29.76,6.09,15.64,87.16,0,Healthy
BANK_084,"Edwards, Baker and Anderson Rural Bank",Eastern,Large,2021,Q1,1,2021-Q1,318.61,31.6,15.45,14.0,34.76,83.45,0,Healthy
BANK_084,"Edwards, Baker and Anderson Rural Bank",Eastern,Large,2021,Q2,2,2021-Q2,324.2,31.4,15.55,14.04,8.95,48.34,0,Healthy
BANK_084,"Edwards, Baker and Anderson Rural Bank",Eastern,Large,2021,Q3,3,2021-Q3,323.48,30.51,15.69,14.37,34.5,60.37,0,Healthy
BANK_084,"Edwards, Baker and Anderson Rural Bank",Eastern,Large,2021,Q4,4,2021-Q4,291.51,30.15,15.74,13.78,15.39,76.38,0,Healthy
BANK_084,"Edwards, Baker and Anderson Rural Bank",Eastern,Large,2022,Q1,5,2022-Q1,289.02,31.49,15.64,13.99,14.7,43.65,0,Healthy
BANK_084,"Edwards, Baker and Anderson Rural Bank",Eastern,Large,2022,Q2,6,2022-Q2,293.25,30.05,15.65,14.1,11.4,93.15,0,Healthy
BANK_084,"Edwards, Baker and Anderson Rural Bank",Eastern,Large,2022,Q3,7,2022-Q3,320.95,30.66,15.82,14.13,11.53,52.12,0,Healthy
BANK_084,"Edwards, Baker and Anderson Rural Bank",Eastern,Large,2022,Q4,8,2022-Q4,280.1,31.04,16.01,14.76,21.94,63.75,0,Healthy
BANK_084,"Edwards, Baker and Anderson Rural Bank",Eastern,Large,2023,Q1,9,2023-Q1,271.33,31.16,16.08,14.58,15.37,77.95,0,Healthy
BANK_084,"Edwards, Baker and Anderson Rural Bank",Eastern,Large,2023,Q2,10,2023-Q2,286.53,30.62,16.03,14.03,29.3,40.24,0,Healthy
BANK_084,"Edwards, Baker and Anderson Rural Bank",Eastern,Large,2023,Q3,11,2023-Q3,306.7,29.28,16.24,14.33,10.08,53.12,0,Healthy
BANK_084,"Edwards, Baker and Anderson Rural Bank",Eastern,Large,2023,Q4,12,2023-Q4,290.39,29.21,16.12,14.49,13.56,41.33,0,Healthy
BANK_085,"Evans, Stewart and Walton Rural Bank",Western,Small,2021,Q1,1,2021-Q1,19.45,24.6,13.43,14.59,8.21,76.3,0,Healthy
BANK_085,"Evans, Stewart and Walton Rural Bank",Western,Small,2021,Q2,2,2021-Q2,20.88,23.72,13.14,14.33,13.68,44.66,0,Healthy
BANK_085,"Evans, Stewart and Walton Rural Bank",Western,Small,2021,Q3,3,2021-Q3,20.04,23.28,13.07,14.6,32.86,90.4,0,Healthy
BANK_085,"Evans, Stewart and Walton Rural Bank",Western,Small,2021,Q4,4,2021-Q4,19.28,22.96,12.99,14.84,43.48,82.54,0,Healthy
BANK_085,"Evans, Stewart and Walton Rural Bank",Western,Small,2022,Q1,5,2022-Q1,19.94,24.51,12.92,14.86,32.39,53.93,0,Healthy
BANK_085,"Evans, Stewart and Walton Rural Bank",Western,Small,2022,Q2,6,2022-Q2,22.02,26.09,13.04,14.56,23.58,92.55,0,Healthy
BANK_085,"Evans, Stewart and Walton Rural Bank",Western,Small,2022,Q3,7,2022-Q3,21.5,26.25,12.91,14.69,24.11,56.75,0,Healthy
BANK_085,"Evans, Stewart and Walton Rural Bank",Western,Small,2022,Q4,8,2022-Q4,21.3,26.87,12.87,15.42,39.21,57.46,1,High-Risk
BANK_085,"Evans, Stewart and Walton Rural Bank",Western,Small,2023,Q1,9,2023-Q1,19.18,27.22,12.83,15.71,18.06,90.18,1,High-Risk
BANK_085,"Evans, Stewart and Walton Rural Bank",Western,Small,2023,Q2,10,2023-Q2,22.6,27.35,12.83,15.2,37.88,73.3,1,High-Risk
BANK_085,"Evans, Stewart and Walton Rural Bank",Western,Small,2023,Q3,11,2023-Q3,21.85,27.32,12.7,15.56,35.07,53.68,1,High-Risk
BANK_085,"Evans, Stewart and Walton Rural Bank",Western,Small,2023,Q4,12,2023-Q4,22.52,27.75,12.69,16.18,25.58,62.2,1,High-Risk
BANK_086,Smith PLC Rural Bank,Greater Accra,Small,2021,Q1,1,2021-Q1,11.2,30.94,29.09,3.82,3.78,71.14,0,Healthy
BANK_086,Smith PLC Rural Bank,Greater Accra,Small,2021,Q2,2,2021-Q2,11.3,29.74,29.49,3.7,17.86,58.26,0,Healthy
BANK_086,Smith PLC Rural Bank,Greater Accra,Small,2021,Q3,3,2021-Q3,11.67,30.41,29.6,3.74,16.85,41.78,0,Healthy
BANK_086,Smith PLC Rural Bank,Greater Accra,Small,2021,Q4,4,2021-Q4,10.98,29.46,29.95,3.85,8.7,79.54,0,Healthy
BANK_086,Smith PLC Rural Bank,Greater Accra,Small,2022,Q1,5,2022-Q1,11.15,28.81,29.82,3.79,10.34,45.46,0,Healthy
BANK_086,Smith PLC Rural Bank,Greater Accra,Small,2022,Q2,6,2022-Q2,10.33,29.44,30.08,3.76,6.07,84.36,0,Healthy
BANK_086,Smith PLC Rural Bank,Greater Accra,Small,2022,Q3,7,2022-Q3,9.7,29.14,29.55,3.79,16.61,74.34,0,Healthy
BANK_086,Smith PLC Rural Bank,Greater Accra,Small,2022,Q4,8,2022-Q4,8.68,28.98,29.27,3.99,8.81,75.09,0,Healthy
BANK_086,Smith PLC Rural Bank,Greater Accra,Small,2023,Q1,9,2023-Q1,9.76,29.51,28.88,3.99,8.3,59.17,0,Healthy
BANK_086,Smith PLC Rural Bank,Greater Accra,Small,2023,Q2,10,2023-Q2,9.98,27.85,28.82,4.1,10.74,49.27,0,Healthy
BANK_086,Smith PLC Rural Bank,Greater Accra,Small,2023,Q3,11,2023-Q3,9.73,28.53,28.75,3.99,17.62,61.17,0,Healthy
BANK_086,Smith PLC Rural Bank,Greater Accra,Small,2023,Q4,12,2023-Q4,10.23,28.19,28.77,3.97,7.23,71.5,0,Healthy
BANK_087,"Ferrell, Jones and Lewis Rural Bank",Greater Accra,Medium,2021,Q1,1,2021-Q1,180.02,42.42,13.78,1.18,41.3,40.99,0,Healthy
BANK_087,"Ferrell, Jones and Lewis Rural Bank",Greater Accra,Medium,2021,Q2,2,2021-Q2,185.29,42.55,13.84,1.17,38.98,65.63,0,Healthy
BANK_087,"Ferrell, Jones and Lewis Rural Bank",Greater Accra,Medium,2021,Q3,3,2021-Q3,179.82,41.61,13.75,1.21,20.29,89.14,0,Healthy
BANK_087,"Ferrell, Jones and Lewis Rural Bank",Greater Accra,Medium,2021,Q4,4,2021-Q4,186.39,41.93,13.96,1.23,42.2,86.91,0,Healthy
BANK_087,"Ferrell, Jones and Lewis Rural Bank",Greater Accra,Medium,2022,Q1,5,2022-Q1,183.99,41.53,14.1,1.23,11.82,76.97,0,Healthy
BANK_087,"Ferrell, Jones and Lewis Rural Bank",Greater Accra,Medium,2022,Q2,6,2022-Q2,191.44,43.37,13.8,1.21,38.76,73.69,0,Healthy
BANK_087,"Ferrell, Jones and Lewis Rural Bank",Greater Accra,Medium,2022,Q3,7,2022-Q3,186.42,43.21,13.7,1.21,14.69,74.7,0,Healthy
BANK_087,"Ferrell, Jones and Lewis Rural Bank",Greater Accra,Medium,2022,Q4,8,2022-Q4,182.17,41.55,13.82,1.26,8.79,43.84,0,Healthy
BANK_087,"Ferrell, Jones and Lewis Rural Bank",Greater Accra,Medium,2023,Q1,9,2023-Q1,190.47,40.72,13.74,1.31,21.55,75.83,0,Healthy
BANK_087,"Ferrell, Jones and Lewis Rural Bank",Greater Accra,Medium,2023,Q2,10,2023-Q2,187.34,41.57,13.8,1.3,9.32,55.9,0,Healthy
BANK_087,"Ferrell, Jones and Lewis Rural Bank",Greater Accra,Medium,2023,Q3,11,2023-Q3,188.74,43.18,13.96,1.29,36.51,80.64,0,Healthy
BANK_087,"Ferrell, Jones and Lewis Rural Bank",Greater Accra,Medium,2023,Q4,12,2023-Q4,182.08,41.42,13.97,1.29,17.65,94.02,0,Healthy
BANK_088,Anderson-Bailey Rural Bank,Greater Accra,Small,2021,Q1,1,2021-Q1,18.11,38.23,19.28,7.37,30.93,64.78,0,Healthy
BANK_088,Anderson-Bailey Rural Bank,Greater Accra,Small,2021,Q2,2,2021-Q2,17.1,38.21,19.07,7.61,16.52,88.24,0,Healthy
BANK_088,Anderson-Bailey Rural Bank,Greater Accra,Small,2021,Q3,3,2021-Q3,18.04,37.93,18.98,7.88,20.25,60.53,0,Healthy
BANK_088,Anderson-Bailey Rural Bank,Greater Accra,Small,2021,Q4,4,2021-Q4,16.86,39.82,18.85,8.02,14.6,48.48,0,Healthy
BANK_088,Anderson-Bailey Rural Bank,Greater Accra,Small,2022,Q1,5,2022-Q1,17.3,38.61,18.85,8.09,19.39,76.34,0,Healthy
BANK_088,Anderson-Bailey Rural Bank,Greater Accra,Small,2022,Q2,6,2022-Q2,16.92,34.98,18.43,8.12,23.82,81.23,0,Healthy
BANK_088,Anderson-Bailey Rural Bank,Greater Accra,Small,2022,Q3,7,2022-Q3,18.37,35.58,18.4,7.91,21.43,49.6,0,Healthy
BANK_088,Anderson-Bailey Rural Bank,Greater Accra,Small,2022,Q4,8,2022-Q4,16.13,32.86,18.35,8.23,15.74,72.22,0,Healthy
BANK_088,Anderson-Bailey Rural Bank,Greater Accra,Small,2023,Q1,9,2023-Q1,15.94,31.47,18.02,8.33,22.12,49.17,0,Healthy
BANK_088,Anderson-Bailey Rural Bank,Greater Accra,Small,2023,Q2,10,2023-Q2,15.85,31.88,18.19,8.86,13.58,49.21,0,Healthy
BANK_088,Anderson-Bailey Rural Bank,Greater Accra,Small,2023,Q3,11,2023-Q3,15.15,33.94,18.33,8.64,8.26,69.05,0,Healthy
BANK_088,Anderson-Bailey Rural Bank,Greater Accra,Small,2023,Q4,12,2023-Q4,15.14,34.42,18.62,8.29,26.36,91.51,0,Healthy
BANK_089,Suarez LLC Rural Bank,Upper West,Small,2021,Q1,1,2021-Q1,20.74,33.98,18.42,10.07,25.55,52.39,0,Healthy
BANK_089,Suarez LLC Rural Bank,Upper West,Small,2021,Q2,2,2021-Q2,22.14,34.73,18.74,10.41,27.78,73.01,0,Healthy
BANK_089,Suarez LLC Rural Bank,Upper West,Small,2021,Q3,3,2021-Q3,19.6,32.09,19.09,11.13,27.92,79.27,0,Healthy
BANK_089,Suarez LLC Rural Bank,Upper West,Small,2021,Q4,4,2021-Q4,19.65,32.08,19.05,10.96,30.29,54.94,0,Healthy
BANK_089,Suarez LLC Rural Bank,Upper West,Small,2022,Q1,5,2022-Q1,19.05,31.54,19.01,10.92,15.5,45.08,0,Healthy
BANK_089,Suarez LLC Rural Bank,Upper West,Small,2022,Q2,6,2022-Q2,20.71,32.56,18.89,11.41,13.61,77.63,0,Healthy
BANK_089,Suarez LLC Rural Bank,Upper West,Small,2022,Q3,7,2022-Q3,23.19,35.15,18.79,11.48,9.73,72.88,0,Healthy
BANK_089,Suarez LLC Rural Bank,Upper West,Small,2022,Q4,8,2022-Q4,20.0,34.09,18.6,12.21,13.2,73.24,0,Healthy
BANK_089,Suarez LLC Rural Bank,Upper West,Small,2023,Q1,9,2023-Q1,19.75,33.44,18.71,12.54,9.53,77.61,0,Healthy
BANK_089,Suarez LLC Rural Bank,Upper West,Small,2023,Q2,10,2023-Q2,20.12,34.15,18.53,12.43,6.98,75.08,0,Healthy
BANK_089,Suarez LLC Rural Bank,Upper West,Small,2023,Q3,11,2023-Q3,21.23,34.39,18.55,12.23,22.75,58.73,0,Healthy
BANK_089,Suarez LLC Rural Bank,Upper West,Small,2023,Q4,12,2023-Q4,22.05,33.57,19.01,12.2,11.64,55.3,0,Healthy
BANK_090,Moore-Bass Rural Bank,Western,Medium,2021,Q1,1,2021-Q1,148.55,21.88,27.7,1.56,5.9,93.52,0,Healthy
BANK_090,Moore-Bass Rural Bank,Western,Medium,2021,Q2,2,2021-Q2,159.5,22.52,27.39,1.53,18.09,51.2,0,Healthy
BANK_090,Moore-Bass Rural Bank,Western,Medium,2021,Q3,3,2021-Q3,159.74,23.88,27.21,1.56,20.1,75.64,0,Healthy
BANK_090,Moore-Bass Rural Bank,Western,Medium,2021,Q4,4,2021-Q4,158.2,23.78,27.18,1.59,10.83,92.18,0,Healthy
BANK_090,Moore-Bass Rural Bank,Western,Medium,2022,Q1,5,2022-Q1,161.78,24.01,26.61,1.59,19.62,68.65,0,Healthy
BANK_090,Moore-Bass Rural Bank,Western,Medium,2022,Q2,6,2022-Q2,168.48,23.93,26.8,1.58,19.58,93.53,0,Healthy
BANK_090,Moore-Bass Rural Bank,Western,Medium,2022,Q3,7,2022-Q3,173.83,23.39,26.45,1.6,8.09,63.64,0,Healthy
BANK_090,Moore-Bass Rural Bank,Western,Medium,2022,Q4,8,2022-Q4,164.56,22.78,25.94,1.66,12.48,85.38,0,Healthy
BANK_090,Moore-Bass Rural Bank,Western,Medium,2023,Q1,9,2023-Q1,165.61,23.31,26.14,1.69,9.92,81.2,0,Healthy
BANK_090,Moore-Bass Rural Bank,Western,Medium,2023,Q2,10,2023-Q2,187.34,23.34,26.37,1.58,19.11,50.21,0,Healthy
BANK_090,Moore-Bass Rural Bank,Western,Medium,2023,Q3,11,2023-Q3,184.73,21.92,26.28,1.61,21.36,62.41,0,Healthy
BANK_090,Moore-Bass Rural Bank,Western,Medium,2023,Q4,12,2023-Q4,159.54,22.13,26.34,1.65,10.31,78.53,0,Healthy
BANK_091,"Turner, Riggs and Roman Rural Bank",Greater Accra,Small,2021,Q1,1,2021-Q1,11.39,23.08,26.83,8.67,17.79,75.98,0,Healthy
BANK_091,"Turner, Riggs and Roman Rural Bank",Greater Accra,Small,2021,Q2,2,2021-Q2,10.49,22.56,27.18,8.48,13.23,76.72,0,Healthy
BANK_091,"Turner, Riggs and Roman Rural Bank",Greater Accra,Small,2021,Q3,3,2021-Q3,10.55,21.79,27.24,8.55,8.77,67.67,0,Healthy
BANK_091,"Turner, Riggs and Roman Rural Bank",Greater Accra,Small,2021,Q4,4,2021-Q4,9.25,21.93,27.33,8.79,3.77,58.05,0,Healthy
BANK_091,"Turner, Riggs and Roman Rural Bank",Greater Accra,Small,2022,Q1,5,2022-Q1,9.66,21.46,27.14,8.85,19.61,72.92,0,Healthy
BANK_091,"Turner, Riggs and Roman Rural Bank",Greater Accra,Small,2022,Q2,6,2022-Q2,9.8,22.05,27.21,8.68,11.84,46.95,0,Healthy
BANK_091,"Turner, Riggs and Roman Rural Bank",Greater Accra,Small,2022,Q3,7,2022-Q3,9.56,22.37,27.06,9.03,7.81,86.58,0,Healthy
BANK_091,"Turner, Riggs and Roman Rural Bank",Greater Accra,Small,2022,Q4,8,2022-Q4,8.4,22.43,27.22,9.34,17.56,46.22,0,Healthy
BANK_091,"Turner, Riggs and Roman Rural Bank",Greater Accra,Small,2023,Q1,9,2023-Q1,8.72,21.69,27.21,9.7,19.34,82.28,0,Healthy
BANK_091,"Turner, Riggs and Roman Rural Bank",Greater Accra,Small,2023,Q2,10,2023-Q2,9.13,21.96,26.8,9.98,8.16,57.78,0,Healthy
BANK_091,"Turner, Riggs and Roman Rural Bank",Greater Accra,Small,2023,Q3,11,2023-Q3,9.8,22.85,26.92,9.59,20.05,57.68,0,Healthy
BANK_091,"Turner, Riggs and Roman Rural Bank",Greater Accra,Small,2023,Q4,12,2023-Q4,10.49,23.75,27.17,9.38,5.45,86.37,0,Healthy
BANK_092,"Smith, Montoya and Evans Rural Bank",Ashanti,Small,2021,Q1,1,2021-Q1,43.43,14.05,26.26,10.23,17.0,83.46,1,High-Risk
BANK_092,"Smith, Montoya and Evans Rural Bank",Ashanti,Small,2021,Q2,2,2021-Q2,42.93,13.83,26.4,10.51,6.76,68.67,1,High-Risk
BANK_092,"Smith, Montoya and Evans Rural Bank",Ashanti,Small,2021,Q3,3,2021-Q3,43.75,13.44,26.16,10.6,7.21,69.26,1,High-Risk
BANK_092,"Smith, Montoya and Evans Rural Bank",Ashanti,Small,2021,Q4,4,2021-Q4,40.37,13.96,26.28,10.77,21.63,71.87,1,High-Risk
BANK_092,"Smith, Montoya and Evans Rural Bank",Ashanti,Small,2022,Q1,5,2022-Q1,39.0,13.74,26.18,10.46,14.37,56.22,1,High-Risk
BANK_092,"Smith, Montoya and Evans Rural Bank",Ashanti,Small,2022,Q2,6,2022-Q2,40.16,13.08,25.58,10.1,17.92,47.66,1,High-Risk
BANK_092,"Smith, Montoya and Evans Rural Bank",Ashanti,Small,2022,Q3,7,2022-Q3,44.04,13.02,25.5,10.25,17.11,62.46,1,High-Risk
BANK_092,"Smith, Montoya and Evans Rural Bank",Ashanti,Small,2022,Q4,8,2022-Q4,41.81,12.95,25.64,10.84,8.14,57.68,1,High-Risk
BANK_092,"Smith, Montoya and Evans Rural Bank",Ashanti,Small,2023,Q1,9,2023-Q1,42.41,12.54,25.4,10.7,20.07,81.67,1,High-Risk
BANK_092,"Smith, Montoya and Evans Rural Bank",Ashanti,Small,2023,Q2,10,2023-Q2,47.38,12.93,25.17,10.71,6.88,62.94,1,High-Risk
BANK_092,"Smith, Montoya and Evans Rural Bank",Ashanti,Small,2023,Q3,11,2023-Q3,49.36,13.11,25.18,10.54,5.05,68.75,1,High-Risk
BANK_092,"Smith, Montoya and Evans Rural Bank",Ashanti,Small,2023,Q4,12,2023-Q4,50.16,12.71,25.27,10.54,23.36,86.62,1,High-Risk
BANK_093,"Garcia, Humphrey and Baker Rural Bank",Greater Accra,Medium,2021,Q1,1,2021-Q1,102.58,18.9,25.43,8.23,12.2,73.02,0,Healthy
BANK_093,"Garcia, Humphrey and Baker Rural Bank",Greater Accra,Medium,2021,Q2,2,2021-Q2,102.29,20.02,25.43,8.17,7.39,94.85,0,Healthy
BANK_093,"Garcia, Humphrey and Baker Rural Bank",Greater Accra,Medium,2021,Q3,3,2021-Q3,92.69,20.67,25.48,8.45,14.84,40.83,0,Healthy
BANK_093,"Garcia, Humphrey and Baker Rural Bank",Greater Accra,Medium,2021,Q4,4,2021-Q4,89.17,19.82,25.2,8.47,12.93,59.58,0,Healthy
BANK_093,"Garcia, Humphrey and Baker Rural Bank",Greater Accra,Medium,2022,Q1,5,2022-Q1,89.56,19.84,25.17,8.46,9.7,94.12,0,Healthy
BANK_093,"Garcia, Humphrey and Baker Rural Bank",Greater Accra,Medium,2022,Q2,6,2022-Q2,89.97,20.04,25.23,8.3,5.98,54.55,0,Healthy
BANK_093,"Garcia, Humphrey and Baker Rural Bank",Greater Accra,Medium,2022,Q3,7,2022-Q3,91.2,19.94,24.96,8.35,9.72,59.25,0,Healthy
BANK_093,"Garcia, Humphrey and Baker Rural Bank",Greater Accra,Medium,2022,Q4,8,2022-Q4,81.54,19.84,24.84,8.74,5.46,65.59,0,Healthy
BANK_093,"Garcia, Humphrey and Baker Rural Bank",Greater Accra,Medium,2023,Q1,9,2023-Q1,92.21,20.02,24.96,8.9,6.69,90.2,0,Healthy
BANK_093,"Garcia, Humphrey and Baker Rural Bank",Greater Accra,Medium,2023,Q2,10,2023-Q2,95.55,20.57,24.93,9.28,21.77,91.05,0,Healthy
BANK_093,"Garcia, Humphrey and Baker Rural Bank",Greater Accra,Medium,2023,Q3,11,2023-Q3,101.94,20.54,25.02,8.89,4.9,56.48,0,Healthy
BANK_093,"Garcia, Humphrey and Baker Rural Bank",Greater Accra,Medium,2023,Q4,12,2023-Q4,107.28,20.27,24.97,8.74,15.98,88.81,0,Healthy
BANK_094,Newton and Sons Rural Bank,Western,Small,2021,Q1,1,2021-Q1,38.75,24.27,19.76,7.62,5.49,64.05,0,Healthy
BANK_094,Newton and Sons Rural Bank,Western,Small,2021,Q2,2,2021-Q2,39.76,24.3,20.18,7.67,14.4,85.98,0,Healthy
BANK_094,Newton and Sons Rural Bank,Western,Small,2021,Q3,3,2021-Q3,39.97,23.94,20.05,7.68,29.27,76.16,0,Healthy
BANK_094,Newton and Sons Rural Bank,Western,Small,2021,Q4,4,2021-Q4,39.29,25.17,20.41,7.6,12.39,79.78,0,Healthy
BANK_094,Newton and Sons Rural Bank,Western,Small,2022,Q1,5,2022-Q1,41.13,24.37,20.85,7.36,13.52,60.34,0,Healthy
BANK_094,Newton and Sons Rural Bank,Western,Small,2022,Q2,6,2022-Q2,47.65,25.36,20.51,6.96,11.3,54.06,0,Healthy
BANK_094,Newton and Sons Rural Bank,Western,Small,2022,Q3,7,2022-Q3,50.49,26.16,20.42,6.94,29.14,54.71,0,Healthy
BANK_094,Newton and Sons Rural Bank,Western,Small,2022,Q4,8,2022-Q4,47.74,25.42,20.23,7.34,7.74,87.84,0,Healthy
BANK_094,Newton and Sons Rural Bank,Western,Small,2023,Q1,9,2023-Q1,49.5,25.74,20.52,7.64,28.71,88.69,0,Healthy
BANK_094,Newton and Sons Rural Bank,Western,Small,2023,Q2,10,2023-Q2,56.92,27.29,20.69,7.32,21.33,71.89,0,Healthy
BANK_094,Newton and Sons Rural Bank,Western,Small,2023,Q3,11,2023-Q3,62.82,26.45,20.99,7.34,5.65,80.53,0,Healthy
BANK_094,Newton and Sons Rural Bank,Western,Small,2023,Q4,12,2023-Q4,59.25,25.21,20.87,7.33,14.6,93.07,0,Healthy
BANK_095,Campbell-Clark Rural Bank,Upper East,Large,2021,Q1,1,2021-Q1,505.1,21.09,17.9,2.66,17.79,42.8,0,Healthy
BANK_095,Campbell-Clark Rural Bank,Upper East,Large,2021,Q2,2,2021-Q2,503.46,21.05,17.67,2.56,10.93,61.09,0,Healthy
BANK_095,Campbell-Clark Rural Bank,Upper East,Large,2021,Q3,3,2021-Q3,440.91,19.88,17.79,2.8,34.97,68.53,0,Healthy
BANK_095,Campbell-Clark Rural Bank,Upper East,Large,2021,Q4,4,2021-Q4,446.14,19.69,17.76,2.79,10.35,43.12,0,Healthy
BANK_095,Campbell-Clark Rural Bank,Upper East,Large,2022,Q1,5,2022-Q1,477.94,20.14,17.73,2.77,12.46,60.09,0,Healthy
BANK_095,Campbell-Clark Rural Bank,Upper East,Large,2022,Q2,6,2022-Q2,465.08,20.99,17.57,2.76,10.43,82.16,0,Healthy
BANK_095,Campbell-Clark Rural Bank,Upper East,Large,2022,Q3,7,2022-Q3,477.88,22.04,17.3,2.85,34.13,88.62,0,Healthy
BANK_095,Campbell-Clark Rural Bank,Upper East,Large,2022,Q4,8,2022-Q4,447.63,21.01,17.69,3.01,9.11,81.35,0,Healthy
BANK_095,Campbell-Clark Rural Bank,Upper East,Large,2023,Q1,9,2023-Q1,494.96,20.35,17.78,2.93,21.78,82.88,0,Healthy
BANK_095,Campbell-Clark Rural Bank,Upper East,Large,2023,Q2,10,2023-Q2,527.46,20.59,17.68,2.89,19.03,48.28,0,Healthy
BANK_095,Campbell-Clark Rural Bank,Upper East,Large,2023,Q3,11,2023-Q3,566.86,21.62,17.67,2.81,32.12,65.39,0,Healthy
BANK_095,Campbell-Clark Rural Bank,Upper East,Large,2023,Q4,12,2023-Q4,549.04,20.28,17.48,2.79,7.44,83.58,0,Healthy
BANK_096,Harris-Walters Rural Bank,Eastern,Medium,2021,Q1,1,2021-Q1,134.75,17.52,11.28,24.51,23.09,55.5,1,High-Risk
BANK_096,Harris-Walters Rural Bank,Eastern,Medium,2021,Q2,2,2021-Q2,140.58,17.79,11.25,24.36,13.2,90.34,1,High-Risk
BANK_096,Harris-Walters Rural Bank,Eastern,Medium,2021,Q3,3,2021-Q3,131.95,17.61,11.24,25.37,22.09,46.03,1,High-Risk
BANK_096,Harris-Walters Rural Bank,Eastern,Medium,2021,Q4,4,2021-Q4,142.92,17.0,11.25,25.25,39.43,47.07,1,High-Risk
BANK_096,Harris-Walters Rural Bank,Eastern,Medium,2022,Q1,5,2022-Q1,147.38,17.06,11.22,25.84,26.41,87.83,1,High-Risk
BANK_096,Harris-Walters Rural Bank,Eastern,Medium,2022,Q2,6,2022-Q2,148.64,17.25,11.08,25.0,39.74,52.8,1,High-Risk
BANK_096,Harris-Walters Rural Bank,Eastern,Medium,2022,Q3,7,2022-Q3,159.73,16.81,11.08,25.53,48.93,49.64,1,High-Risk
BANK_096,Harris-Walters Rural Bank,Eastern,Medium,2022,Q4,8,2022-Q4,155.08,15.74,10.96,26.62,40.38,91.54,1,High-Risk
BANK_096,Harris-Walters Rural Bank,Eastern,Medium,2023,Q1,9,2023-Q1,145.64,15.25,10.9,26.78,44.69,86.12,1,High-Risk
BANK_096,Harris-Walters Rural Bank,Eastern,Medium,2023,Q2,10,2023-Q2,153.16,16.34,10.96,27.04,35.63,93.44,1,High-Risk
BANK_096,Harris-Walters Rural Bank,Eastern,Medium,2023,Q3,11,2023-Q3,173.78,16.42,10.98,28.09,48.62,72.32,1,High-Risk
BANK_096,Harris-Walters Rural Bank,Eastern,Medium,2023,Q4,12,2023-Q4,176.98,16.26,10.95,28.66,16.31,79.04,1,High-Risk
BANK_097,Wagner-King Rural Bank,Central,Medium,2021,Q1,1,2021-Q1,117.04,24.96,28.72,21.24,20.19,63.88,1,High-Risk
BANK_097,Wagner-King Rural Bank,Central,Medium,2021,Q2,2,2021-Q2,121.82,25.65,29.06,20.81,10.33,89.24,1,High-Risk
BANK_097,Wagner-King Rural Bank,Central,Medium,2021,Q3,3,2021-Q3,118.97,25.05,29.48,20.64,18.59,68.8,1,High-Risk
BANK_097,Wagner-King Rural Bank,Central,Medium,2021,Q4,4,2021-Q4,120.68,26.21,29.76,20.43,13.98,74.53,1,High-Risk
BANK_097,Wagner-King Rural Bank,Central,Medium,2022,Q1,5,2022-Q1,120.73,24.34,29.29,19.79,9.27,73.87,1,High-Risk
BANK_097,Wagner-King Rural Bank,Central,Medium,2022,Q2,6,2022-Q2,144.51,26.25,28.69,18.56,14.6,94.26,1,High-Risk
BANK_097,Wagner-King Rural Bank,Central,Medium,2022,Q3,7,2022-Q3,157.09,25.63,28.27,18.56,6.16,55.87,1,High-Risk
BANK_097,Wagner-King Rural Bank,Central,Medium,2022,Q4,8,2022-Q4,148.65,25.62,28.0,19.32,11.69,73.06,1,High-Risk
BANK_097,Wagner-King Rural Bank,Central,Medium,2023,Q1,9,2023-Q1,162.67,25.63,27.77,19.73,8.12,40.48,1,High-Risk
BANK_097,Wagner-King Rural Bank,Central,Medium,2023,Q2,10,2023-Q2,170.7,25.32,28.24,19.78,10.42,78.0,1,High-Risk
BANK_097,Wagner-King Rural Bank,Central,Medium,2023,Q3,11,2023-Q3,181.77,24.37,27.82,19.75,17.41,50.96,1,High-Risk
BANK_097,Wagner-King Rural Bank,Central,Medium,2023,Q4,12,2023-Q4,174.05,24.3,28.21,19.8,7.66,51.91,1,High-Risk
BANK_098,Davis Group Rural Bank,Eastern,Small,2021,Q1,1,2021-Q1,28.78,14.4,27.15,21.04,4.05,84.39,1,High-Risk
BANK_098,Davis Group Rural Bank,Eastern,Small,2021,Q2,2,2021-Q2,30.21,14.74,26.77,21.24,14.89,88.89,1,High-Risk
BANK_098,Davis Group Rural Bank,Eastern,Small,2021,Q3,3,2021-Q3,31.08,13.88,26.89,21.52,4.56,57.07,1,High-Risk
BANK_098,Davis Group Rural Bank,Eastern,Small,2021,Q4,4,2021-Q4,31.83,14.11,26.73,21.12,20.55,78.71,1,High-Risk
BANK_098,Davis Group Rural Bank,Eastern,Small,2022,Q1,5,2022-Q1,30.13,14.17,26.96,21.64,9.76,41.2,1,High-Risk
BANK_098,Davis Group Rural Bank,Eastern,Small,2022,Q2,6,2022-Q2,33.14,14.12,26.77,22.99,21.01,92.69,1,High-Risk
BANK_098,Davis Group Rural Bank,Eastern,Small,2022,Q3,7,2022-Q3,32.75,14.62,26.87,23.17,11.65,92.55,1,High-Risk
BANK_098,Davis Group Rural Bank,Eastern,Small,2022,Q4,8,2022-Q4,30.91,14.44,26.45,24.51,5.66,42.56,1,High-Risk
BANK_098,Davis Group Rural Bank,Eastern,Small,2023,Q1,9,2023-Q1,30.77,14.13,26.17,24.1,10.86,66.19,1,High-Risk
BANK_098,Davis Group Rural Bank,Eastern,Small,2023,Q2,10,2023-Q2,33.12,14.95,26.12,24.4,15.26,43.34,1,High-Risk
BANK_098,Davis Group Rural Bank,Eastern,Small,2023,Q3,11,2023-Q3,35.48,15.71,26.49,24.17,19.39,42.18,1,High-Risk
BANK_098,Davis Group Rural Bank,Eastern,Small,2023,Q4,12,2023-Q4,36.74,15.24,26.04,24.08,15.16,88.84,1,High-Risk
BANK_099,Williams-Cook Rural Bank,Eastern,Medium,2021,Q1,1,2021-Q1,191.43,20.79,17.96,4.03,24.32,92.87,0,Healthy
BANK_099,Williams-Cook Rural Bank,Eastern,Medium,2021,Q2,2,2021-Q2,193.68,21.1,18.23,3.94,18.75,62.98,0,Healthy
BANK_099,Williams-Cook Rural Bank,Eastern,Medium,2021,Q3,3,2021-Q3,183.6,20.57,18.2,4.06,23.9,93.74,0,Healthy
BANK_099,Williams-Cook Rural Bank,Eastern,Medium,2021,Q4,4,2021-Q4,173.16,20.44,17.9,3.83,30.78,48.65,0,Healthy
BANK_099,Williams-Cook Rural Bank,Eastern,Medium,2022,Q1,5,2022-Q1,176.59,21.01,17.94,3.89,17.32,60.83,0,Healthy
BANK_099,Williams-Cook Rural Bank,Eastern,Medium,2022,Q2,6,2022-Q2,178.73,21.58,17.66,3.82,18.34,83.24,0,Healthy
BANK_099,Williams-Cook Rural Bank,Eastern,Medium,2022,Q3,7,2022-Q3,183.0,22.11,17.67,3.85,22.17,64.7,0,Healthy
BANK_099,Williams-Cook Rural Bank,Eastern,Medium,2022,Q4,8,2022-Q4,159.68,21.13,17.32,3.95,18.17,47.26,0,Healthy
BANK_099,Williams-Cook Rural Bank,Eastern,Medium,2023,Q1,9,2023-Q1,175.62,21.89,17.45,4.1,21.05,70.6,0,Healthy
BANK_099,Williams-Cook Rural Bank,Eastern,Medium,2023,Q2,10,2023-Q2,170.42,23.79,17.28,4.14,11.11,65.75,0,Healthy
BANK_099,Williams-Cook Rural Bank,Eastern,Medium,2023,Q3,11,2023-Q3,168.14,23.61,17.41,4.21,18.34,79.09,0,Healthy
BANK_099,Williams-Cook Rural Bank,Eastern,Medium,2023,Q4,12,2023-Q4,156.9,23.55,17.05,4.41,19.2,73.62,0,Healthy
BANK_100,Walsh LLC Rural Bank,Central,Medium,2021,Q1,1,2021-Q1,121.92,10.78,28.38,17.82,11.12,50.83,1,High-Risk
BANK_100,Walsh LLC Rural Bank,Central,Medium,2021,Q2,2,2021-Q2,120.36,10.56,28.52,18.22,12.9,51.21,1,High-Risk
BANK_100,Walsh LLC Rural Bank,Central,Medium,2021,Q3,3,2021-Q3,110.7,10.53,28.31,18.18,12.73,71.9,1,High-Risk
BANK_100,Walsh LLC Rural Bank,Central,Medium,2021,Q4,4,2021-Q4,111.44,10.87,28.54,18.23,7.83,90.77,1,High-Risk
BANK_100,Walsh LLC Rural Bank,Central,Medium,2022,Q1,5,2022-Q1,124.09,10.95,28.62,18.02,14.99,81.47,1,High-Risk
BANK_100,Walsh LLC Rural Bank,Central,Medium,2022,Q2,6,2022-Q2,136.92,11.82,28.2,16.7,15.77,74.37,1,High-Risk
BANK_100,Walsh LLC Rural Bank,Central,Medium,2022,Q3,7,2022-Q3,136.1,11.99,27.85,16.33,16.45,55.6,1,High-Risk
BANK_100,Walsh LLC Rural Bank,Central,Medium,2022,Q4,8,2022-Q4,123.19,12.11,27.29,16.44,17.68,42.26,1,High-Risk
BANK_100,Walsh LLC Rural Bank,Central,Medium,2023,Q1,9,2023-Q1,129.72,11.88,27.41,16.87,20.51,43.77,1,High-Risk
BANK_100,Walsh LLC Rural Bank,Central,Medium,2023,Q2,10,2023-Q2,131.51,11.51,27.5,17.41,6.89,52.89,1,High-Risk
BANK_100,Walsh LLC Rural Bank,Central,Medium,2023,Q3,11,2023-Q3,134.66,10.94,27.15,17.64,7.94,47.2,1,High-Risk
BANK_100,Walsh LLC Rural Bank,Central,Medium,2023,Q4,12,2023-Q4,131.02,11.49,27.08,17.72,11.59,80.49,1,High-Risk
BANK_101,Figueroa PLC Rural Bank,Greater Accra,Large,2021,Q1,1,2021-Q1,794.63,31.9,20.63,7.55,13.44,77.29,0,Healthy
BANK_101,Figueroa PLC Rural Bank,Greater Accra,Large,2021,Q2,2,2021-Q2,865.9,30.82,20.75,7.68,10.06,57.11,0,Healthy
BANK_101,Figueroa PLC Rural Bank,Greater Accra,Large,2021,Q3,3,2021-Q3,872.94,31.12,20.52,7.83,19.16,55.27,0,Healthy
BANK_101,Figueroa PLC Rural Bank,Greater Accra,Large,2021,Q4,4,2021-Q4,875.67,31.9,20.78,8.15,24.18,65.87,0,Healthy
BANK_101,Figueroa PLC Rural Bank,Greater Accra,Large,2022,Q1,5,2022-Q1,882.93,32.4,20.86,8.08,22.36,61.65,0,Healthy
BANK_101,Figueroa PLC Rural Bank,Greater Accra,Large,2022,Q2,6,2022-Q2,856.45,33.13,20.74,7.99,21.86,59.63,0,Healthy
BANK_101,Figueroa PLC Rural Bank,Greater Accra,Large,2022,Q3,7,2022-Q3,956.07,33.32,21.02,8.05,28.26,62.98,0,Healthy
BANK_101,Figueroa PLC Rural Bank,Greater Accra,Large,2022,Q4,8,2022-Q4,808.46,32.31,21.21,8.53,28.2,63.49,0,Healthy
BANK_101,Figueroa PLC Rural Bank,Greater Accra,Large,2023,Q1,9,2023-Q1,925.77,33.8,21.15,8.39,26.89,83.61,0,Healthy
BANK_101,Figueroa PLC Rural Bank,Greater Accra,Large,2023,Q2,10,2023-Q2,847.63,32.91,21.06,8.57,9.05,77.36,0,Healthy
BANK_101,Figueroa PLC Rural Bank,Greater Accra,Large,2023,Q3,11,2023-Q3,811.21,30.89,20.96,8.43,10.37,44.21,0,Healthy
BANK_101,Figueroa PLC Rural Bank,Greater Accra,Large,2023,Q4,12,2023-Q4,888.0,30.58,20.66,8.38,10.98,61.92,0,Healthy
BANK_102,"Patterson, Smith and Jones Rural Bank",Greater Accra,Small,2021,Q1,1,2021-Q1,49.84,25.21,8.35,6.51,54.68,52.97,1,High-Risk
BANK_102,"Patterson, Smith and Jones Rural Bank",Greater Accra,Small,2021,Q2,2,2021-Q2,46.9,24.57,8.29,6.52,16.69,48.4,1,High-Risk
BANK_102,"Patterson, Smith and Jones Rural Bank",Greater Accra,Small,2021,Q3,3,2021-Q3,48.94,25.08,8.36,6.52,46.38,42.53,1,High-Risk
BANK_102,"Patterson, Smith and Jones Rural Bank",Greater Accra,Small,2021,Q4,4,2021-Q4,49.72,24.09,8.44,6.68,14.88,92.49,1,High-Risk
BANK_102,"Patterson, Smith and Jones Rural Bank",Greater Accra,Small,2022,Q1,5,2022-Q1,54.8,25.14,8.58,6.71,13.46,46.43,1,High-Risk
BANK_102,"Patterson, Smith and Jones Rural Bank",Greater Accra,Small,2022,Q2,6,2022-Q2,54.08,25.32,8.67,6.98,44.47,42.16,1,High-Risk
BANK_102,"Patterson, Smith and Jones Rural Bank",Greater Accra,Small,2022,Q3,7,2022-Q3,50.01,25.05,8.59,7.1,22.61,62.9,1,High-Risk
BANK_102,"Patterson, Smith and Jones Rural Bank",Greater Accra,Small,2022,Q4,8,2022-Q4,43.5,25.11,8.59,7.69,50.11,62.73,1,High-Risk
BANK_102,"Patterson, Smith and Jones Rural Bank",Greater Accra,Small,2023,Q1,9,2023-Q1,45.48,24.6,8.61,7.33,50.2,53.43,1,High-Risk
BANK_102,"Patterson, Smith and Jones Rural Bank",Greater Accra,Small,2023,Q2,10,2023-Q2,43.86,25.55,8.56,7.4,47.87,74.14,1,High-Risk
BANK_102,"Patterson, Smith and Jones Rural Bank",Greater Accra,Small,2023,Q3,11,2023-Q3,46.68,25.44,8.61,7.3,56.17,64.39,1,High-Risk
BANK_102,"Patterson, Smith and Jones Rural Bank",Greater Accra,Small,2023,Q4,12,2023-Q4,49.37,25.54,8.56,7.03,39.41,45.71,1,High-Risk
BANK_103,"Mckee, Gardner and Davenport Rural Bank",Western,Medium,2021,Q1,1,2021-Q1,137.06,17.19,15.49,12.68,24.49,50.1,0,Healthy
BANK_103,"Mckee, Gardner and Davenport Rural Bank",Western,Medium,2021,Q2,2,2021-Q2,149.64,17.51,15.31,12.42,6.48,86.57,0,Healthy
BANK_103,"Mckee, Gardner and Davenport Rural Bank",Western,Medium,2021,Q3,3,2021-Q3,148.4,17.71,15.42,12.74,27.11,66.7,0,Healthy
BANK_103,"Mckee, Gardner and Davenport Rural Bank",Western,Medium,2021,Q4,4,2021-Q4,142.8,19.0,15.46,12.35,15.81,82.01,0,Healthy
BANK_103,"Mckee, Gardner and Davenport Rural Bank",Western,Medium,2022,Q1,5,2022-Q1,149.07,18.48,15.3,12.37,33.02,73.82,0,Healthy
BANK_103,"Mckee, Gardner and Davenport Rural Bank",Western,Medium,2022,Q2,6,2022-Q2,173.43,19.48,15.15,11.84,33.15,85.28,0,Healthy
BANK_103,"Mckee, Gardner and Davenport Rural Bank",Western,Medium,2022,Q3,7,2022-Q3,172.63,19.78,15.21,12.1,13.12,53.74,0,Healthy
BANK_103,"Mckee, Gardner and Davenport Rural Bank",Western,Medium,2022,Q4,8,2022-Q4,147.05,19.96,15.3,12.65,34.74,55.94,0,Healthy
BANK_103,"Mckee, Gardner and Davenport Rural Bank",Western,Medium,2023,Q1,9,2023-Q1,144.4,20.25,15.21,12.76,31.63,41.68,0,Healthy
BANK_103,"Mckee, Gardner and Davenport Rural Bank",Western,Medium,2023,Q2,10,2023-Q2,167.35,20.41,15.33,11.86,36.12,80.95,0,Healthy
BANK_103,"Mckee, Gardner and Davenport Rural Bank",Western,Medium,2023,Q3,11,2023-Q3,163.39,20.66,15.15,12.43,9.13,58.56,0,Healthy
BANK_103,"Mckee, Gardner and Davenport Rural Bank",Western,Medium,2023,Q4,12,2023-Q4,167.9,20.34,14.93,13.01,8.38,43.92,0,Healthy
BANK_104,"Tran, Jordan and Williams Rural Bank",Western,Small,2021,Q1,1,2021-Q1,25.58,32.46,22.0,3.35,27.08,62.17,0,Healthy
BANK_104,"Tran, Jordan and Williams Rural Bank",Western,Small,2021,Q2,2,2021-Q2,26.91,30.66,22.04,3.34,18.8,40.5,0,Healthy
BANK_104,"Tran, Jordan and Williams Rural Bank",Western,Small,2021,Q3,3,2021-Q3,25.84,30.39,22.19,3.26,24.43,45.14,0,Healthy
BANK_104,"Tran, Jordan and Williams Rural Bank",Western,Small,2021,Q4,4,2021-Q4,26.07,31.03,22.57,3.2,16.2,77.95,0,Healthy
BANK_104,"Tran, Jordan and Williams Rural Bank",Western,Small,2022,Q1,5,2022-Q1,25.86,31.64,22.26,3.19,20.2,75.92,0,Healthy
BANK_104,"Tran, Jordan and Williams Rural Bank",Western,Small,2022,Q2,6,2022-Q2,27.89,32.29,22.29,3.06,10.9,61.73,0,Healthy
BANK_104,"Tran, Jordan and Williams Rural Bank",Western,Small,2022,Q3,7,2022-Q3,28.57,31.71,21.82,3.01,19.72,92.01,0,Healthy
BANK_104,"Tran, Jordan and Williams Rural Bank",Western,Small,2022,Q4,8,2022-Q4,26.59,30.53,21.91,3.03,26.26,76.68,0,Healthy
BANK_104,"Tran, Jordan and Williams Rural Bank",Western,Small,2023,Q1,9,2023-Q1,25.8,29.24,21.88,3.1,6.59,47.83,0,Healthy
BANK_104,"Tran, Jordan and Williams Rural Bank",Western,Small,2023,Q2,10,2023-Q2,29.0,29.87,21.94,2.89,21.63,57.99,0,Healthy
BANK_104,"Tran, Jordan and Williams Rural Bank",Western,Small,2023,Q3,11,2023-Q3,29.36,29.42,22.17,2.98,26.68,43.19,0,Healthy
BANK_104,"Tran, Jordan and Williams Rural Bank",Western,Small,2023,Q4,12,2023-Q4,27.69,27.53,22.06,2.9,17.51,66.64,0,Healthy
BANK_105,Nolan-Flynn Rural Bank,Upper East,Medium,2021,Q1,1,2021-Q1,131.5,34.45,29.77,5.68,7.35,47.75,0,Healthy
BANK_105,Nolan-Flynn Rural Bank,Upper East,Medium,2021,Q2,2,2021-Q2,146.67,35.04,29.9,5.54,10.82,40.61,0,Healthy
BANK_105,Nolan-Flynn Rural Bank,Upper East,Medium,2021,Q3,3,2021-Q3,130.92,34.39,29.65,6.01,13.51,45.28,0,Healthy
BANK_105,Nolan-Flynn Rural Bank,Upper East,Medium,2021,Q4,4,2021-Q4,136.85,31.86,29.81,6.09,15.45,46.03,0,Healthy
BANK_105,Nolan-Flynn Rural Bank,Upper East,Medium,2022,Q1,5,2022-Q1,135.55,31.89,29.93,5.8,14.07,43.55,0,Healthy
BANK_105,Nolan-Flynn Rural Bank,Upper East,Medium,2022,Q2,6,2022-Q2,133.86,31.65,29.25,5.53,20.17,86.31,0,Healthy
BANK_105,Nolan-Flynn Rural Bank,Upper East,Medium,2022,Q3,7,2022-Q3,142.88,32.9,29.22,5.58,16.0,91.43,0,Healthy
BANK_105,Nolan-Flynn Rural Bank,Upper East,Medium,2022,Q4,8,2022-Q4,138.32,33.04,29.64,5.79,20.63,65.13,0,Healthy
BANK_105,Nolan-Flynn Rural Bank,Upper East,Medium,2023,Q1,9,2023-Q1,138.76,32.41,29.31,5.55,11.28,80.6,0,Healthy
BANK_105,Nolan-Flynn Rural Bank,Upper East,Medium,2023,Q2,10,2023-Q2,149.19,32.38,29.5,5.31,9.04,45.58,0,Healthy
BANK_105,Nolan-Flynn Rural Bank,Upper East,Medium,2023,Q3,11,2023-Q3,159.77,33.87,29.18,5.2,8.51,43.18,0,Healthy
BANK_105,Nolan-Flynn Rural Bank,Upper East,Medium,2023,Q4,12,2023-Q4,166.95,33.73,29.26,5.15,9.88,79.18,0,Healthy
BANK_106,Nolan and Sons Rural Bank,Eastern,Large,2021,Q1,1,2021-Q1,577.25,16.34,25.82,11.73,21.32,81.86,0,Healthy
BANK_106,Nolan and Sons Rural Bank,Eastern,Large,2021,Q2,2,2021-Q2,615.23,16.44,25.49,12.45,17.83,68.85,0,Healthy
BANK_106,Nolan and Sons Rural Bank,Eastern,Large,2021,Q3,3,2021-Q3,682.78,16.21,25.9,12.9,12.6,50.71,0,Healthy
BANK_106,Nolan and Sons Rural Bank,Eastern,Large,2021,Q4,4,2021-Q4,761.01,16.23,26.07,12.57,18.79,55.02,0,Healthy
BANK_106,Nolan and Sons Rural Bank,Eastern,Large,2022,Q1,5,2022-Q1,766.53,15.73,26.14,12.45,15.21,76.03,0,Healthy
BANK_106,Nolan and Sons Rural Bank,Eastern,Large,2022,Q2,6,2022-Q2,797.37,15.44,26.15,12.12,9.1,62.79,0,Healthy
BANK_106,Nolan and Sons Rural Bank,Eastern,Large,2022,Q3,7,2022-Q3,721.56,15.17,25.91,12.07,12.82,54.64,0,Healthy
BANK_106,Nolan and Sons Rural Bank,Eastern,Large,2022,Q4,8,2022-Q4,720.15,15.43,25.89,12.91,16.17,49.77,0,Healthy
BANK_106,Nolan and Sons Rural Bank,Eastern,Large,2023,Q1,9,2023-Q1,736.11,15.56,26.06,12.89,6.72,85.37,0,Healthy
BANK_106,Nolan and Sons Rural Bank,Eastern,Large,2023,Q2,10,2023-Q2,830.94,15.88,25.82,12.86,21.07,89.0,0,Healthy
BANK_106,Nolan and Sons Rural Bank,Eastern,Large,2023,Q3,11,2023-Q3,905.64,16.76,25.85,13.46,18.29,48.55,0,Healthy
BANK_106,Nolan and Sons Rural Bank,Eastern,Large,2023,Q4,12,2023-Q4,958.33,16.2,25.46,13.67,21.79,43.38,0,Healthy
BANK_107,"Wright, Garcia and Deleon Rural Bank",Bono,Medium,2021,Q1,1,2021-Q1,59.0,23.57,24.13,14.2,8.02,93.49,0,Healthy
BANK_107,"Wright, Garcia and Deleon Rural Bank",Bono,Medium,2021,Q2,2,2021-Q2,59.83,24.33,23.89,14.32,11.73,85.22,0,Healthy
BANK_107,"Wright, Garcia and Deleon Rural Bank",Bono,Medium,2021,Q3,3,2021-Q3,63.65,24.3,24.01,14.61,10.69,90.42,0,Healthy
BANK_107,"Wright, Garcia and Deleon Rural Bank",Bono,Medium,2021,Q4,4,2021-Q4,66.63,24.0,24.04,14.62,19.4,84.09,0,Healthy
BANK_107,"Wright, Garcia and Deleon Rural Bank",Bono,Medium,2022,Q1,5,2022-Q1,68.83,24.3,23.82,14.74,20.37,59.93,0,Healthy
BANK_107,"Wright, Garcia and Deleon Rural Bank",Bono,Medium,2022,Q2,6,2022-Q2,70.31,23.6,23.63,14.65,16.48,46.82,0,Healthy
BANK_107,"Wright, Garcia and Deleon Rural Bank",Bono,Medium,2022,Q3,7,2022-Q3,68.63,23.66,23.56,15.38,11.81,82.14,1,High-Risk
BANK_107,"Wright, Garcia and Deleon Rural Bank",Bono,Medium,2022,Q4,8,2022-Q4,61.19,22.55,23.87,16.22,16.84,79.0,1,High-Risk
BANK_107,"Wright, Garcia and Deleon Rural Bank",Bono,Medium,2023,Q1,9,2023-Q1,62.26,23.28,23.69,16.22,5.24,77.03,1,High-Risk
BANK_107,"Wright, Garcia and Deleon Rural Bank",Bono,Medium,2023,Q2,10,2023-Q2,61.32,22.41,23.39,16.69,19.54,73.13,1,High-Risk
BANK_107,"Wright, Garcia and Deleon Rural Bank",Bono,Medium,2023,Q3,11,2023-Q3,63.72,22.34,23.49,16.73,24.69,78.01,1,High-Risk
BANK_107,"Wright, Garcia and Deleon Rural Bank",Bono,Medium,2023,Q4,12,2023-Q4,65.09,21.99,23.36,17.95,21.45,58.14,1,High-Risk
BANK_108,Dickson-Brady Rural Bank,Eastern,Small,2021,Q1,1,2021-Q1,7.99,10.1,16.37,19.92,8.37,44.29,1,High-Risk
BANK_108,Dickson-Brady Rural Bank,Eastern,Small,2021,Q2,2,2021-Q2,8.4,9.53,16.25,19.48,30.08,63.71,1,High-Risk
BANK_108,Dickson-Brady Rural Bank,Eastern,Small,2021,Q3,3,2021-Q3,8.57,9.46,15.8,20.35,8.24,86.14,1,High-Risk
BANK_108,Dickson-Brady Rural Bank,Eastern,Small,2021,Q4,4,2021-Q4,9.04,9.46,15.76,20.48,8.75,73.53,1,High-Risk
BANK_108,Dickson-Brady Rural Bank,Eastern,Small,2022,Q1,5,2022-Q1,9.19,9.8,15.82,19.65,30.57,87.25,1,High-Risk
BANK_108,Dickson-Brady Rural Bank,Eastern,Small,2022,Q2,6,2022-Q2,9.39,9.31,15.61,19.28,18.22,79.63,1,High-Risk
BANK_108,Dickson-Brady Rural Bank,Eastern,Small,2022,Q3,7,2022-Q3,9.19,9.23,15.51,19.25,38.13,50.46,1,High-Risk
BANK_108,Dickson-Brady Rural Bank,Eastern,Small,2022,Q4,8,2022-Q4,9.21,8.95,15.44,19.94,15.31,55.77,1,High-Risk
BANK_108,Dickson-Brady Rural Bank,Eastern,Small,2023,Q1,9,2023-Q1,9.66,8.66,15.62,20.21,37.28,89.58,1,High-Risk
BANK_108,Dickson-Brady Rural Bank,Eastern,Small,2023,Q2,10,2023-Q2,10.39,9.14,15.8,20.66,24.29,60.8,1,High-Risk
BANK_108,Dickson-Brady Rural Bank,Eastern,Small,2023,Q3,11,2023-Q3,9.64,8.85,15.76,20.58,18.34,56.7,1,High-Risk
BANK_108,Dickson-Brady Rural Bank,Eastern,Small,2023,Q4,12,2023-Q4,9.63,8.33,15.64,20.99,10.0,46.6,1,High-Risk
BANK_109,Hancock and Sons Rural Bank,Central,Small,2021,Q1,1,2021-Q1,43.35,25.51,8.28,13.66,47.77,94.78,1,High-Risk
BANK_109,Hancock and Sons Rural Bank,Central,Small,2021,Q2,2,2021-Q2,47.1,25.36,8.3,13.77,37.8,88.56,1,High-Risk
BANK_109,Hancock and Sons Rural Bank,Central,Small,2021,Q3,3,2021-Q3,48.75,24.58,8.3,14.19,21.11,49.17,1,High-Risk
BANK_109,Hancock and Sons Rural Bank,Central,Small,2021,Q4,4,2021-Q4,51.75,24.15,8.36,14.26,66.85,74.16,1,High-Risk
BANK_109,Hancock and Sons Rural Bank,Central,Small,2022,Q1,5,2022-Q1,54.69,24.36,8.45,13.92,58.67,62.71,1,High-Risk
BANK_109,Hancock and Sons Rural Bank,Central,Small,2022,Q2,6,2022-Q2,60.83,24.41,8.53,12.68,17.97,62.58,1,High-Risk
BANK_109,Hancock and Sons Rural Bank,Central,Small,2022,Q3,7,2022-Q3,63.0,24.55,8.71,12.49,41.26,90.35,1,High-Risk
BANK_109,Hancock and Sons Rural Bank,Central,Small,2022,Q4,8,2022-Q4,64.86,23.28,8.74,12.86,15.03,85.92,1,High-Risk
BANK_109,Hancock and Sons Rural Bank,Central,Small,2023,Q1,9,2023-Q1,69.66,23.41,8.69,12.46,18.72,72.08,1,High-Risk
BANK_109,Hancock and Sons Rural Bank,Central,Small,2023,Q2,10,2023-Q2,74.63,23.94,8.71,12.52,44.84,54.51,1,High-Risk
BANK_109,Hancock and Sons Rural Bank,Central,Small,2023,Q3,11,2023-Q3,76.97,24.37,8.72,12.86,63.64,55.2,1,High-Risk
BANK_109,Hancock and Sons Rural Bank,Central,Small,2023,Q4,12,2023-Q4,81.36,25.11,8.78,13.07,30.36,57.73,1,High-Risk
BANK_110,Johnson-Doyle Rural Bank,Upper East,Small,2021,Q1,1,2021-Q1,23.1,30.72,26.23,4.26,8.96,90.65,0,Healthy
BANK_110,Johnson-Doyle Rural Bank,Upper East,Small,2021,Q2,2,2021-Q2,23.85,33.18,26.49,4.26,5.69,51.97,0,Healthy
BANK_110,Johnson-Doyle Rural Bank,Upper East,Small,2021,Q3,3,2021-Q3,20.75,31.61,26.5,4.62,7.08,79.39,0,Healthy
BANK_110,Johnson-Doyle Rural Bank,Upper East,Small,2021,Q4,4,2021-Q4,19.78,31.43,26.45,4.76,20.74,45.48,0,Healthy
BANK_110,Johnson-Doyle Rural Bank,Upper East,Small,2022,Q1,5,2022-Q1,20.34,31.44,26.25,4.85,17.56,78.67,0,Healthy
BANK_110,Johnson-Doyle Rural Bank,Upper East,Small,2022,Q2,6,2022-Q2,21.28,32.16,26.29,4.76,12.14,78.22,0,Healthy
BANK_110,Johnson-Doyle Rural Bank,Upper East,Small,2022,Q3,7,2022-Q3,24.33,32.98,26.82,4.77,19.2,60.66,0,Healthy
BANK_110,Johnson-Doyle Rural Bank,Upper East,Small,2022,Q4,8,2022-Q4,21.97,33.79,26.77,5.0,19.49,58.66,0,Healthy
BANK_110,Johnson-Doyle Rural Bank,Upper East,Small,2023,Q1,9,2023-Q1,24.17,34.14,26.56,5.02,9.03,74.64,0,Healthy
BANK_110,Johnson-Doyle Rural Bank,Upper East,Small,2023,Q2,10,2023-Q2,23.9,33.13,26.78,4.97,17.01,70.99,0,Healthy
BANK_110,Johnson-Doyle Rural Bank,Upper East,Small,2023,Q3,11,2023-Q3,24.64,33.74,26.65,4.91,12.31,63.99,0,Healthy
BANK_110,Johnson-Doyle Rural Bank,Upper East,Small,2023,Q4,12,2023-Q4,26.18,34.34,26.6,5.05,15.1,69.22,0,Healthy
BANK_111,Patton-Jenkins Rural Bank,Ashanti,Small,2021,Q1,1,2021-Q1,26.16,42.39,20.33,5.7,12.68,81.59,0,Healthy
BANK_111,Patton-Jenkins Rural Bank,Ashanti,Small,2021,Q2,2,2021-Q2,24.84,41.78,20.03,5.61,10.88,58.65,0,Healthy
BANK_111,Patton-Jenkins Rural Bank,Ashanti,Small,2021,Q3,3,2021-Q3,24.86,42.17,20.51,5.9,22.77,63.02,0,Healthy
BANK_111,Patton-Jenkins Rural Bank,Ashanti,Small,2021,Q4,4,2021-Q4,25.8,42.42,20.41,5.94,26.24,89.09,0,Healthy
BANK_111,Patton-Jenkins Rural Bank,Ashanti,Small,2022,Q1,5,2022-Q1,27.03,42.79,20.24,6.24,23.82,84.3,0,Healthy
BANK_111,Patton-Jenkins Rural Bank,Ashanti,Small,2022,Q2,6,2022-Q2,30.39,44.43,20.29,5.99,28.04,93.02,0,Healthy
BANK_111,Patton-Jenkins Rural Bank,Ashanti,Small,2022,Q3,7,2022-Q3,31.4,45.43,20.32,6.02,28.51,63.71,0,Healthy
BANK_111,Patton-Jenkins Rural Bank,Ashanti,Small,2022,Q4,8,2022-Q4,30.34,44.06,20.62,6.22,28.83,50.88,0,Healthy
BANK_111,Patton-Jenkins Rural Bank,Ashanti,Small,2023,Q1,9,2023-Q1,30.37,43.36,20.6,6.25,20.17,80.56,0,Healthy
BANK_111,Patton-Jenkins Rural Bank,Ashanti,Small,2023,Q2,10,2023-Q2,30.55,43.47,20.44,6.15,8.76,81.19,0,Healthy
BANK_111,Patton-Jenkins Rural Bank,Ashanti,Small,2023,Q3,11,2023-Q3,29.58,42.58,20.27,6.26,25.61,82.41,0,Healthy
BANK_111,Patton-Jenkins Rural Bank,Ashanti,Small,2023,Q4,12,2023-Q4,31.36,41.74,20.16,6.4,11.66,52.29,0,Healthy
BANK_112,"Shields, Cochran and Adams Rural Bank",Upper East,Small,2021,Q1,1,2021-Q1,38.41,34.62,20.79,5.4,16.19,57.66,0,Healthy
BANK_112,"Shields, Cochran and Adams Rural Bank",Upper East,Small,2021,Q2,2,2021-Q2,38.41,32.24,21.2,5.24,23.92,90.61,0,Healthy
BANK_112,"Shields, Cochran and Adams Rural Bank",Upper East,Small,2021,Q3,3,2021-Q3,32.53,29.28,20.92,5.57,28.98,54.82,0,Healthy
BANK_112,"Shields, Cochran and Adams Rural Bank",Upper East,Small,2021,Q4,4,2021-Q4,31.54,28.64,21.25,5.55,12.79,40.66,0,Healthy
BANK_112,"Shields, Cochran and Adams Rural Bank",Upper East,Small,2022,Q1,5,2022-Q1,33.0,27.83,20.87,5.46,5.51,52.59,0,Healthy
BANK_112,"Shields, Cochran and Adams Rural Bank",Upper East,Small,2022,Q2,6,2022-Q2,33.06,27.04,20.81,5.26,5.07,73.2,0,Healthy
BANK_112,"Shields, Cochran and Adams Rural Bank",Upper East,Small,2022,Q3,7,2022-Q3,35.26,28.13,20.83,5.19,5.51,65.03,0,Healthy
BANK_112,"Shields, Cochran and Adams Rural Bank",Upper East,Small,2022,Q4,8,2022-Q4,31.52,28.41,20.89,5.43,21.57,40.66,0,Healthy
BANK_112,"Shields, Cochran and Adams Rural Bank",Upper East,Small,2023,Q1,9,2023-Q1,31.29,30.05,20.46,5.31,15.29,88.85,0,Healthy
BANK_112,"Shields, Cochran and Adams Rural Bank",Upper East,Small,2023,Q2,10,2023-Q2,33.06,29.99,20.69,5.25,18.06,62.54,0,Healthy
BANK_112,"Shields, Cochran and Adams Rural Bank",Upper East,Small,2023,Q3,11,2023-Q3,35.32,29.54,20.24,5.14,9.09,66.85,0,Healthy
BANK_112,"Shields, Cochran and Adams Rural Bank",Upper East,Small,2023,Q4,12,2023-Q4,32.86,28.62,20.57,5.04,8.13,54.38,0,Healthy
BANK_113,"Rodriguez, Brennan and Garrison Rural Bank",Central,Large,2021,Q1,1,2021-Q1,617.23,20.77,28.48,6.97,17.14,41.25,0,Healthy
BANK_113,"Rodriguez, Brennan and Garrison Rural Bank",Central,Large,2021,Q2,2,2021-Q2,633.68,20.57,28.0,6.94,20.25,57.53,0,Healthy
BANK_113,"Rodriguez, Brennan and Garrison Rural Bank",Central,Large,2021,Q3,3,2021-Q3,642.02,19.96,28.41,7.1,14.23,55.41,0,Healthy
BANK_113,"Rodriguez, Brennan and Garrison Rural Bank",Central,Large,2021,Q4,4,2021-Q4,635.77,19.08,28.33,7.15,3.79,57.61,0,Healthy
BANK_113,"Rodriguez, Brennan and Garrison Rural Bank",Central,Large,2022,Q1,5,2022-Q1,665.72,19.13,28.83,7.09,15.06,47.18,0,Healthy
BANK_113,"Rodriguez, Brennan and Garrison Rural Bank",Central,Large,2022,Q2,6,2022-Q2,765.55,19.74,29.05,6.75,5.45,51.81,0,Healthy
BANK_113,"Rodriguez, Brennan and Garrison Rural Bank",Central,Large,2022,Q3,7,2022-Q3,818.27,19.42,28.8,6.89,8.7,73.04,0,Healthy
BANK_113,"Rodriguez, Brennan and Garrison Rural Bank",Central,Large,2022,Q4,8,2022-Q4,866.18,18.78,28.6,7.38,20.49,79.92,0,Healthy
BANK_113,"Rodriguez, Brennan and Garrison Rural Bank",Central,Large,2023,Q1,9,2023-Q1,953.22,18.93,28.98,7.22,16.76,71.63,0,Healthy
BANK_113,"Rodriguez, Brennan and Garrison Rural Bank",Central,Large,2023,Q2,10,2023-Q2,975.36,18.94,28.67,7.34,7.34,67.08,0,Healthy
BANK_113,"Rodriguez, Brennan and Garrison Rural Bank",Central,Large,2023,Q3,11,2023-Q3,955.48,19.76,28.38,7.53,12.08,90.59,0,Healthy
BANK_113,"Rodriguez, Brennan and Garrison Rural Bank",Central,Large,2023,Q4,12,2023-Q4,1040.34,19.21,28.6,7.64,8.05,57.98,0,Healthy
BANK_114,Gonzalez Group Rural Bank,Greater Accra,Small,2021,Q1,1,2021-Q1,6.77,29.7,25.56,14.97,11.45,76.85,0,Healthy
BANK_114,Gonzalez Group Rural Bank,Greater Accra,Small,2021,Q2,2,2021-Q2,6.94,29.21,25.52,14.86,19.35,70.02,0,Healthy
BANK_114,Gonzalez Group Rural Bank,Greater Accra,Small,2021,Q3,3,2021-Q3,7.17,28.66,25.42,15.25,22.84,75.24,1,High-Risk
BANK_114,Gonzalez Group Rural Bank,Greater Accra,Small,2021,Q4,4,2021-Q4,7.28,28.83,25.39,15.37,4.28,81.33,1,High-Risk
BANK_114,Gonzalez Group Rural Bank,Greater Accra,Small,2022,Q1,5,2022-Q1,7.54,29.28,25.54,15.26,20.37,59.85,1,High-Risk
BANK_114,Gonzalez Group Rural Bank,Greater Accra,Small,2022,Q2,6,2022-Q2,8.5,29.86,25.68,15.3,15.99,89.49,1,High-Risk
BANK_114,Gonzalez Group Rural Bank,Greater Accra,Small,2022,Q3,7,2022-Q3,9.17,29.17,25.37,15.36,18.62,44.14,1,High-Risk
BANK_114,Gonzalez Group Rural Bank,Greater Accra,Small,2022,Q4,8,2022-Q4,8.69,29.02,25.53,16.14,19.5,61.02,1,High-Risk
BANK_114,Gonzalez Group Rural Bank,Greater Accra,Small,2023,Q1,9,2023-Q1,8.16,28.17,25.13,16.45,5.55,70.93,1,High-Risk
BANK_114,Gonzalez Group Rural Bank,Greater Accra,Small,2023,Q2,10,2023-Q2,7.96,27.57,25.48,16.4,19.5,68.64,1,High-Risk
BANK_114,Gonzalez Group Rural Bank,Greater Accra,Small,2023,Q3,11,2023-Q3,8.8,28.38,25.18,16.32,17.39,73.34,1,High-Risk
BANK_114,Gonzalez Group Rural Bank,Greater Accra,Small,2023,Q4,12,2023-Q4,9.17,24.81,25.23,16.39,10.68,94.11,1,High-Risk
BANK_115,Torres-Pope Rural Bank,Northern,Medium,2021,Q1,1,2021-Q1,186.43,27.85,18.82,10.29,13.12,74.56,0,Healthy
BANK_115,Torres-Pope Rural Bank,Northern,Medium,2021,Q2,2,2021-Q2,204.59,27.64,19.18,10.15,22.62,64.19,0,Healthy
BANK_115,Torres-Pope Rural Bank,Northern,Medium,2021,Q3,3,2021-Q3,168.07,26.38,19.25,10.82,7.87,57.84,0,Healthy
BANK_115,Torres-Pope Rural Bank,Northern,Medium,2021,Q4,4,2021-Q4,186.02,25.75,19.02,10.44,4.94,64.52,0,Healthy
BANK_115,Torres-Pope Rural Bank,Northern,Medium,2022,Q1,5,2022-Q1,198.71,26.7,19.19,10.19,15.16,41.6,0,Healthy
BANK_115,Torres-Pope Rural Bank,Northern,Medium,2022,Q2,6,2022-Q2,187.87,25.67,19.06,10.49,20.79,58.15,0,Healthy
BANK_115,Torres-Pope Rural Bank,Northern,Medium,2022,Q3,7,2022-Q3,195.47,25.41,19.49,10.69,29.99,93.5,0,Healthy
BANK_115,Torres-Pope Rural Bank,Northern,Medium,2022,Q4,8,2022-Q4,166.46,23.74,19.55,11.17,7.13,61.11,0,Healthy
BANK_115,Torres-Pope Rural Bank,Northern,Medium,2023,Q1,9,2023-Q1,162.86,23.69,19.53,11.52,24.82,45.2,0,Healthy
BANK_115,Torres-Pope Rural Bank,Northern,Medium,2023,Q2,10,2023-Q2,170.81,23.26,19.44,11.47,17.51,80.74,0,Healthy
BANK_115,Torres-Pope Rural Bank,Northern,Medium,2023,Q3,11,2023-Q3,170.3,23.81,19.35,10.97,29.82,41.42,0,Healthy
BANK_115,Torres-Pope Rural Bank,Northern,Medium,2023,Q4,12,2023-Q4,158.88,23.98,19.4,11.08,16.94,64.62,0,Healthy
BANK_116,Walker Ltd Rural Bank,Upper West,Small,2021,Q1,1,2021-Q1,18.41,5.11,26.75,15.88,3.67,94.48,1,High-Risk
BANK_116,Walker Ltd Rural Bank,Upper West,Small,2021,Q2,2,2021-Q2,17.27,5.29,27.13,16.43,4.39,94.94,1,High-Risk
BANK_116,Walker Ltd Rural Bank,Upper West,Small,2021,Q3,3,2021-Q3,15.11,5.21,27.5,17.79,4.29,87.76,1,High-Risk
BANK_116,Walker Ltd Rural Bank,Upper West,Small,2021,Q4,4,2021-Q4,15.0,5.18,28.08,18.04,14.13,82.26,1,High-Risk
BANK_116,Walker Ltd Rural Bank,Upper West,Small,2022,Q1,5,2022-Q1,14.19,4.94,28.31,18.14,7.55,52.3,1,High-Risk
BANK_116,Walker Ltd Rural Bank,Upper West,Small,2022,Q2,6,2022-Q2,14.63,4.74,28.62,18.78,16.27,78.06,1,High-Risk
BANK_116,Walker Ltd Rural Bank,Upper West,Small,2022,Q3,7,2022-Q3,15.86,4.72,28.69,18.99,8.46,56.56,1,High-Risk
BANK_116,Walker Ltd Rural Bank,Upper West,Small,2022,Q4,8,2022-Q4,13.77,4.5,28.88,20.17,11.93,60.3,1,High-Risk
BANK_116,Walker Ltd Rural Bank,Upper West,Small,2023,Q1,9,2023-Q1,13.69,4.39,28.76,20.31,3.48,83.43,1,High-Risk
BANK_116,Walker Ltd Rural Bank,Upper West,Small,2023,Q2,10,2023-Q2,14.27,4.29,28.77,20.11,10.25,92.42,1,High-Risk
BANK_116,Walker Ltd Rural Bank,Upper West,Small,2023,Q3,11,2023-Q3,14.78,4.53,28.58,20.85,17.07,63.25,1,High-Risk
BANK_116,Walker Ltd Rural Bank,Upper West,Small,2023,Q4,12,2023-Q4,15.23,4.63,29.07,20.08,16.99,80.17,1,High-Risk
BANK_117,Ross LLC Rural Bank,Western,Medium,2021,Q1,1,2021-Q1,93.26,21.84,29.64,12.39,17.52,56.03,0,Healthy
BANK_117,Ross LLC Rural Bank,Western,Medium,2021,Q2,2,2021-Q2,87.46,21.88,29.74,12.42,9.07,44.0,0,Healthy
BANK_117,Ross LLC Rural Bank,Western,Medium,2021,Q3,3,2021-Q3,90.63,22.35,29.58,12.59,4.39,87.37,0,Healthy
BANK_117,Ross LLC Rural Bank,Western,Medium,2021,Q4,4,2021-Q4,96.19,22.45,29.18,12.48,9.51,61.38,0,Healthy
BANK_117,Ross LLC Rural Bank,Western,Medium,2022,Q1,5,2022-Q1,95.21,23.16,29.11,12.53,13.36,77.38,0,Healthy
BANK_117,Ross LLC Rural Bank,Western,Medium,2022,Q2,6,2022-Q2,113.82,24.13,29.01,12.08,10.89,46.04,0,Healthy
BANK_117,Ross LLC Rural Bank,Western,Medium,2022,Q3,7,2022-Q3,124.18,24.56,29.19,11.96,6.98,41.86,0,Healthy
BANK_117,Ross LLC Rural Bank,Western,Medium,2022,Q4,8,2022-Q4,108.7,24.94,28.91,12.41,14.68,52.02,0,Healthy
BANK_117,Ross LLC Rural Bank,Western,Medium,2023,Q1,9,2023-Q1,100.02,24.01,29.19,12.51,15.48,47.67,0,Healthy
BANK_117,Ross LLC Rural Bank,Western,Medium,2023,Q2,10,2023-Q2,114.53,24.62,28.99,11.77,6.87,48.08,0,Healthy
BANK_117,Ross LLC Rural Bank,Western,Medium,2023,Q3,11,2023-Q3,100.96,24.78,29.28,11.79,6.2,45.47,0,Healthy
BANK_117,Ross LLC Rural Bank,Western,Medium,2023,Q4,12,2023-Q4,100.6,25.39,29.02,12.53,5.84,77.3,0,Healthy
BANK_118,Rasmussen LLC Rural Bank,Bono,Medium,2021,Q1,1,2021-Q1,191.5,19.96,11.56,6.32,48.35,84.74,1,High-Risk
BANK_118,Rasmussen LLC Rural Bank,Bono,Medium,2021,Q2,2,2021-Q2,191.68,19.46,11.54,6.43,40.09,62.59,1,High-Risk
BANK_118,Rasmussen LLC Rural Bank,Bono,Medium,2021,Q3,3,2021-Q3,181.65,19.36,11.54,6.61,46.6,74.05,1,High-Risk
BANK_118,Rasmussen LLC Rural Bank,Bono,Medium,2021,Q4,4,2021-Q4,194.93,19.43,11.58,6.84,22.73,63.05,1,High-Risk
BANK_118,Rasmussen LLC Rural Bank,Bono,Medium,2022,Q1,5,2022-Q1,207.03,20.32,11.63,6.74,14.57,78.69,1,High-Risk
BANK_118,Rasmussen LLC Rural Bank,Bono,Medium,2022,Q2,6,2022-Q2,205.53,20.95,11.68,6.6,11.35,71.09,1,High-Risk
BANK_118,Rasmussen LLC Rural Bank,Bono,Medium,2022,Q3,7,2022-Q3,229.16,19.84,11.77,6.72,40.19,46.45,1,High-Risk
BANK_118,Rasmussen LLC Rural Bank,Bono,Medium,2022,Q4,8,2022-Q4,215.78,18.56,11.53,6.99,12.6,91.14,1,High-Risk
BANK_118,Rasmussen LLC Rural Bank,Bono,Medium,2023,Q1,9,2023-Q1,200.85,19.5,11.38,7.46,50.85,60.72,1,High-Risk
BANK_118,Rasmussen LLC Rural Bank,Bono,Medium,2023,Q2,10,2023-Q2,189.75,19.86,11.37,7.72,40.95,63.69,1,High-Risk
BANK_118,Rasmussen LLC Rural Bank,Bono,Medium,2023,Q3,11,2023-Q3,186.93,19.89,11.25,7.68,21.84,56.95,1,High-Risk
BANK_118,Rasmussen LLC Rural Bank,Bono,Medium,2023,Q4,12,2023-Q4,203.81,20.42,11.25,7.84,21.45,62.12,1,High-Risk
BANK_119,May-Ross Rural Bank,Volta,Large,2021,Q1,1,2021-Q1,523.12,19.79,29.69,7.76,5.85,82.42,0,Healthy
BANK_119,May-Ross Rural Bank,Volta,Large,2021,Q2,2,2021-Q2,551.08,20.89,29.46,7.64,5.16,74.46,0,Healthy
BANK_119,May-Ross Rural Bank,Volta,Large,2021,Q3,3,2021-Q3,563.26,21.39,29.91,7.36,5.69,72.26,0,Healthy
BANK_119,May-Ross Rural Bank,Volta,Large,2021,Q4,4,2021-Q4,571.41,21.78,29.85,7.08,3.44,52.81,0,Healthy
BANK_119,May-Ross Rural Bank,Volta,Large,2022,Q1,5,2022-Q1,595.04,20.7,29.9,7.28,9.9,56.56,0,Healthy
BANK_119,May-Ross Rural Bank,Volta,Large,2022,Q2,6,2022-Q2,566.01,20.75,30.28,7.13,10.36,57.82,0,Healthy
BANK_119,May-Ross Rural Bank,Volta,Large,2022,Q3,7,2022-Q3,602.09,21.68,30.03,7.3,9.96,74.64,0,Healthy
BANK_119,May-Ross Rural Bank,Volta,Large,2022,Q4,8,2022-Q4,619.9,20.64,29.67,7.73,5.52,41.9,0,Healthy
BANK_119,May-Ross Rural Bank,Volta,Large,2023,Q1,9,2023-Q1,611.52,20.83,29.39,7.65,15.94,59.64,0,Healthy
BANK_119,May-Ross Rural Bank,Volta,Large,2023,Q2,10,2023-Q2,585.49,21.56,29.36,7.66,13.35,52.65,0,Healthy
BANK_119,May-Ross Rural Bank,Volta,Large,2023,Q3,11,2023-Q3,560.0,21.61,29.81,7.75,13.53,76.93,0,Healthy
BANK_119,May-Ross Rural Bank,Volta,Large,2023,Q4,12,2023-Q4,540.3,20.93,30.14,7.61,17.28,72.56,0,Healthy
BANK_120,"Rivera, Johnson and Wiley Rural Bank",Volta,Small,2021,Q1,1,2021-Q1,18.05,32.26,15.31,12.46,13.49,83.18,0,Healthy
BANK_120,"Rivera, Johnson and Wiley Rural Bank",Volta,Small,2021,Q2,2,2021-Q2,18.67,33.25,15.1,12.44,20.17,88.37,0,Healthy
BANK_120,"Rivera, Johnson and Wiley Rural Bank",Volta,Small,2021,Q3,3,2021-Q3,19.97,30.67,14.98,12.03,16.47,60.48,0,Healthy
BANK_120,"Rivera, Johnson and Wiley Rural Bank",Volta,Small,2021,Q4,4,2021-Q4,22.17,30.86,15.1,11.59,31.56,60.09,0,Healthy
BANK_120,"Rivera, Johnson and Wiley Rural Bank",Volta,Small,2022,Q1,5,2022-Q1,23.33,29.51,15.03,11.82,9.33,61.3,0,Healthy
BANK_120,"Rivera, Johnson and Wiley Rural Bank",Volta,Small,2022,Q2,6,2022-Q2,24.1,28.85,14.95,11.79,29.87,90.95,0,Healthy
BANK_120,"Rivera, Johnson and Wiley Rural Bank",Volta,Small,2022,Q3,7,2022-Q3,24.62,29.21,14.75,11.94,16.6,72.05,0,Healthy
BANK_120,"Rivera, Johnson and Wiley Rural Bank",Volta,Small,2022,Q4,8,2022-Q4,23.5,28.57,14.67,12.4,21.52,61.25,0,Healthy
BANK_120,"Rivera, Johnson and Wiley Rural Bank",Volta,Small,2023,Q1,9,2023-Q1,24.0,28.08,14.88,12.41,26.48,49.36,0,Healthy
BANK_120,"Rivera, Johnson and Wiley Rural Bank",Volta,Small,2023,Q2,10,2023-Q2,25.19,28.41,14.93,12.56,26.94,69.1,0,Healthy
BANK_120,"Rivera, Johnson and Wiley Rural Bank",Volta,Small,2023,Q3,11,2023-Q3,24.09,29.97,14.87,12.81,15.73,50.14,0,Healthy
BANK_120,"Rivera, Johnson and Wiley Rural Bank",Volta,Small,2023,Q4,12,2023-Q4,25.2,31.89,14.88,13.02,28.01,64.33,0,Healthy
BANK_121,White-Estes Rural Bank,Ashanti,Medium,2021,Q1,1,2021-Q1,125.99,27.39,25.17,6.13,20.42,93.39,0,Healthy
BANK_121,White-Estes Rural Bank,Ashanti,Medium,2021,Q2,2,2021-Q2,130.42,27.01,25.29,6.25,12.38,44.06,0,Healthy
BANK_121,White-Estes Rural Bank,Ashanti,Medium,2021,Q3,3,2021-Q3,143.17,25.73,25.5,6.33,11.53,55.98,0,Healthy
BANK_121,White-Estes Rural Bank,Ashanti,Medium,2021,Q4,4,2021-Q4,138.25,27.24,25.97,6.25,11.67,65.5,0,Healthy
BANK_121,White-Estes Rural Bank,Ashanti,Medium,2022,Q1,5,2022-Q1,138.35,27.99,26.25,6.21,6.06,68.2,0,Healthy
BANK_121,White-Estes Rural Bank,Ashanti,Medium,2022,Q2,6,2022-Q2,152.07,29.61,26.06,6.02,5.4,59.51,0,Healthy
BANK_121,White-Estes Rural Bank,Ashanti,Medium,2022,Q3,7,2022-Q3,156.01,30.17,25.72,6.25,5.76,47.65,0,Healthy
BANK_121,White-Estes Rural Bank,Ashanti,Medium,2022,Q4,8,2022-Q4,149.09,30.17,24.93,6.45,21.72,94.83,0,Healthy
BANK_121,White-Estes Rural Bank,Ashanti,Medium,2023,Q1,9,2023-Q1,161.22,29.01,25.46,6.47,20.33,82.84,0,Healthy
BANK_121,White-Estes Rural Bank,Ashanti,Medium,2023,Q2,10,2023-Q2,172.27,27.5,25.58,6.41,8.77,51.43,0,Healthy
BANK_121,White-Estes Rural Bank,Ashanti,Medium,2023,Q3,11,2023-Q3,182.21,28.07,25.37,6.58,10.24,77.53,0,Healthy
BANK_121,White-Estes Rural Bank,Ashanti,Medium,2023,Q4,12,2023-Q4,175.04,27.04,25.27,6.7,14.14,69.31,0,Healthy
BANK_122,Johnson-Carlson Rural Bank,Volta,Small,2021,Q1,1,2021-Q1,14.81,24.4,19.51,23.98,24.75,73.13,1,High-Risk
BANK_122,Johnson-Carlson Rural Bank,Volta,Small,2021,Q2,2,2021-Q2,14.88,24.88,19.29,22.8,18.37,72.84,1,High-Risk
BANK_122,Johnson-Carlson Rural Bank,Volta,Small,2021,Q3,3,2021-Q3,15.99,24.03,19.23,21.67,28.34,74.8,1,High-Risk
BANK_122,Johnson-Carlson Rural Bank,Volta,Small,2021,Q4,4,2021-Q4,16.98,23.87,19.33,20.97,18.72,46.39,1,High-Risk
BANK_122,Johnson-Carlson Rural Bank,Volta,Small,2022,Q1,5,2022-Q1,17.18,22.88,19.44,20.76,26.47,57.34,1,High-Risk
BANK_122,Johnson-Carlson Rural Bank,Volta,Small,2022,Q2,6,2022-Q2,15.64,23.73,19.48,20.89,4.76,66.98,1,High-Risk
BANK_122,Johnson-Carlson Rural Bank,Volta,Small,2022,Q3,7,2022-Q3,16.15,24.4,19.63,21.33,8.28,70.7,1,High-Risk
BANK_122,Johnson-Carlson Rural Bank,Volta,Small,2022,Q4,8,2022-Q4,16.26,24.74,19.66,22.32,13.21,46.11,1,High-Risk
BANK_122,Johnson-Carlson Rural Bank,Volta,Small,2023,Q1,9,2023-Q1,16.06,25.24,19.78,22.36,11.59,67.04,1,High-Risk
BANK_122,Johnson-Carlson Rural Bank,Volta,Small,2023,Q2,10,2023-Q2,15.73,25.88,19.63,22.69,5.93,72.59,1,High-Risk
BANK_122,Johnson-Carlson Rural Bank,Volta,Small,2023,Q3,11,2023-Q3,15.53,25.56,19.59,22.96,21.68,77.55,1,High-Risk
BANK_122,Johnson-Carlson Rural Bank,Volta,Small,2023,Q4,12,2023-Q4,15.07,25.52,19.52,22.55,16.1,73.05,1,High-Risk
BANK_123,Chandler-Edwards Rural Bank,Ashanti,Medium,2021,Q1,1,2021-Q1,52.88,27.08,15.13,5.61,12.53,90.2,0,Healthy
BANK_123,Chandler-Edwards Rural Bank,Ashanti,Medium,2021,Q2,2,2021-Q2,55.09,25.87,15.07,5.63,8.93,48.68,0,Healthy
BANK_123,Chandler-Edwards Rural Bank,Ashanti,Medium,2021,Q3,3,2021-Q3,57.41,25.84,15.18,5.64,28.91,56.58,0,Healthy
BANK_123,Chandler-Edwards Rural Bank,Ashanti,Medium,2021,Q4,4,2021-Q4,56.21,26.64,15.41,5.77,32.2,64.27,0,Healthy
BANK_123,Chandler-Edwards Rural Bank,Ashanti,Medium,2022,Q1,5,2022-Q1,54.18,27.22,15.39,5.85,33.78,47.35,0,Healthy
BANK_123,Chandler-Edwards Rural Bank,Ashanti,Medium,2022,Q2,6,2022-Q2,61.89,27.3,15.38,5.56,21.35,67.12,0,Healthy
BANK_123,Chandler-Edwards Rural Bank,Ashanti,Medium,2022,Q3,7,2022-Q3,67.26,28.78,15.38,5.59,15.55,51.14,0,Healthy
BANK_123,Chandler-Edwards Rural Bank,Ashanti,Medium,2022,Q4,8,2022-Q4,65.43,27.51,15.37,5.76,27.75,81.44,0,Healthy
BANK_123,Chandler-Edwards Rural Bank,Ashanti,Medium,2023,Q1,9,2023-Q1,64.77,27.27,15.18,5.77,20.37,56.81,0,Healthy
BANK_123,Chandler-Edwards Rural Bank,Ashanti,Medium,2023,Q2,10,2023-Q2,69.56,28.53,15.33,5.64,16.51,56.65,0,Healthy
BANK_123,Chandler-Edwards Rural Bank,Ashanti,Medium,2023,Q3,11,2023-Q3,68.1,28.82,15.28,5.68,20.06,44.8,0,Healthy
BANK_123,Chandler-Edwards Rural Bank,Ashanti,Medium,2023,Q4,12,2023-Q4,72.14,29.07,15.3,5.8,27.58,76.53,0,Healthy
BANK_124,"Joyce, Wilson and Lam Rural Bank",Eastern,Medium,2021,Q1,1,2021-Q1,133.88,27.98,24.45,13.18,19.34,77.38,0,Healthy
BANK_124,"Joyce, Wilson and Lam Rural Bank",Eastern,Medium,2021,Q2,2,2021-Q2,129.92,28.67,24.71,13.29,6.28,83.67,0,Healthy
BANK_124,"Joyce, Wilson and Lam Rural Bank",Eastern,Medium,2021,Q3,3,2021-Q3,130.9,29.14,24.53,14.02,8.22,92.86,0,Healthy
BANK_124,"Joyce, Wilson and Lam Rural Bank",Eastern,Medium,2021,Q4,4,2021-Q4,144.23,28.47,24.67,13.76,16.97,75.86,0,Healthy
BANK_124,"Joyce, Wilson and Lam Rural Bank",Eastern,Medium,2022,Q1,5,2022-Q1,141.39,28.02,24.64,13.69,17.66,75.41,0,Healthy
BANK_124,"Joyce, Wilson and Lam Rural Bank",Eastern,Medium,2022,Q2,6,2022-Q2,144.13,28.66,24.42,13.66,6.38,64.01,0,Healthy
BANK_124,"Joyce, Wilson and Lam Rural Bank",Eastern,Medium,2022,Q3,7,2022-Q3,135.91,27.22,24.5,13.96,22.43,59.02,0,Healthy
BANK_124,"Joyce, Wilson and Lam Rural Bank",Eastern,Medium,2022,Q4,8,2022-Q4,126.16,27.02,24.47,14.12,8.68,75.44,0,Healthy
BANK_124,"Joyce, Wilson and Lam Rural Bank",Eastern,Medium,2023,Q1,9,2023-Q1,115.48,27.05,24.68,14.85,11.62,63.74,0,Healthy
BANK_124,"Joyce, Wilson and Lam Rural Bank",Eastern,Medium,2023,Q2,10,2023-Q2,118.06,27.26,24.69,15.41,6.77,91.15,1,High-Risk
BANK_124,"Joyce, Wilson and Lam Rural Bank",Eastern,Medium,2023,Q3,11,2023-Q3,129.43,26.84,24.75,16.03,8.65,89.66,1,High-Risk
BANK_124,"Joyce, Wilson and Lam Rural Bank",Eastern,Medium,2023,Q4,12,2023-Q4,125.42,28.24,24.68,16.32,20.41,87.94,1,High-Risk
BANK_125,Scott Ltd Rural Bank,Western,Small,2021,Q1,1,2021-Q1,40.69,33.04,10.56,2.51,37.53,47.99,1,High-Risk
BANK_125,Scott Ltd Rural Bank,Western,Small,2021,Q2,2,2021-Q2,39.19,33.07,10.63,2.51,16.65,49.67,1,High-Risk
BANK_125,Scott Ltd Rural Bank,Western,Small,2021,Q3,3,2021-Q3,36.52,30.94,10.52,2.52,19.34,77.47,1,High-Risk
BANK_125,Scott Ltd Rural Bank,Western,Small,2021,Q4,4,2021-Q4,39.66,29.94,10.37,2.45,47.37,55.3,1,High-Risk
BANK_125,Scott Ltd Rural Bank,Western,Small,2022,Q1,5,2022-Q1,41.46,29.34,10.32,2.4,39.31,75.89,1,High-Risk
BANK_125,Scott Ltd Rural Bank,Western,Small,2022,Q2,6,2022-Q2,45.22,30.53,10.35,2.35,17.1,76.97,1,High-Risk
BANK_125,Scott Ltd Rural Bank,Western,Small,2022,Q3,7,2022-Q3,44.73,29.53,10.38,2.32,54.26,69.97,1,High-Risk
BANK_125,Scott Ltd Rural Bank,Western,Small,2022,Q4,8,2022-Q4,40.34,30.33,10.58,2.43,21.55,80.6,1,High-Risk
BANK_125,Scott Ltd Rural Bank,Western,Small,2023,Q1,9,2023-Q1,37.54,30.06,10.55,2.56,33.78,73.21,1,High-Risk
BANK_125,Scott Ltd Rural Bank,Western,Small,2023,Q2,10,2023-Q2,46.39,30.09,10.61,2.39,42.93,65.33,1,High-Risk
BANK_125,Scott Ltd Rural Bank,Western,Small,2023,Q3,11,2023-Q3,47.35,27.74,10.75,2.43,45.84,83.07,1,High-Risk
BANK_125,Scott Ltd Rural Bank,Western,Small,2023,Q4,12,2023-Q4,47.84,26.83,10.89,2.46,13.86,58.19,1,High-Risk
BANK_126,Smith-Frost Rural Bank,Greater Accra,Small,2021,Q1,1,2021-Q1,33.27,22.6,10.79,14.58,27.97,68.79,1,High-Risk
BANK_126,Smith-Frost Rural Bank,Greater Accra,Small,2021,Q2,2,2021-Q2,36.23,22.16,10.9,14.32,46.77,73.33,1,High-Risk
BANK_126,Smith-Frost Rural Bank,Greater Accra,Small,2021,Q3,3,2021-Q3,35.5,21.3,10.85,13.97,17.7,45.9,1,High-Risk
BANK_126,Smith-Frost Rural Bank,Greater Accra,Small,2021,Q4,4,2021-Q4,32.94,20.46,10.81,13.97,47.05,75.51,1,High-Risk
BANK_126,Smith-Frost Rural Bank,Greater Accra,Small,2022,Q1,5,2022-Q1,36.2,20.48,10.85,13.92,45.09,63.13,1,High-Risk
BANK_126,Smith-Frost Rural Bank,Greater Accra,Small,2022,Q2,6,2022-Q2,37.93,20.82,10.69,14.15,39.94,52.26,1,High-Risk
BANK_126,Smith-Frost Rural Bank,Greater Accra,Small,2022,Q3,7,2022-Q3,38.71,20.13,10.77,14.25,50.61,46.83,1,High-Risk
BANK_126,Smith-Frost Rural Bank,Greater Accra,Small,2022,Q4,8,2022-Q4,37.92,19.15,10.77,14.35,39.27,66.75,1,High-Risk
BANK_126,Smith-Frost Rural Bank,Greater Accra,Small,2023,Q1,9,2023-Q1,39.94,19.53,10.76,13.99,36.04,57.06,1,High-Risk
BANK_126,Smith-Frost Rural Bank,Greater Accra,Small,2023,Q2,10,2023-Q2,41.27,19.26,10.7,14.12,33.46,91.4,1,High-Risk
BANK_126,Smith-Frost Rural Bank,Greater Accra,Small,2023,Q3,11,2023-Q3,41.12,19.65,10.75,13.94,21.06,83.94,1,High-Risk
BANK_126,Smith-Frost Rural Bank,Greater Accra,Small,2023,Q4,12,2023-Q4,41.34,19.71,10.85,13.87,52.64,88.89,1,High-Risk
BANK_127,"Mcdaniel, Bentley and Mclaughlin Rural Bank",Ashanti,Medium,2021,Q1,1,2021-Q1,172.19,30.04,9.75,5.72,18.54,66.96,1,High-Risk
BANK_127,"Mcdaniel, Bentley and Mclaughlin Rural Bank",Ashanti,Medium,2021,Q2,2,2021-Q2,164.54,28.17,9.7,5.8,54.58,89.81,1,High-Risk
BANK_127,"Mcdaniel, Bentley and Mclaughlin Rural Bank",Ashanti,Medium,2021,Q3,3,2021-Q3,170.74,27.53,9.71,6.11,56.28,62.71,1,High-Risk
BANK_127,"Mcdaniel, Bentley and Mclaughlin Rural Bank",Ashanti,Medium,2021,Q4,4,2021-Q4,193.22,28.01,9.81,6.01,17.28,79.98,1,High-Risk
BANK_127,"Mcdaniel, Bentley and Mclaughlin Rural Bank",Ashanti,Medium,2022,Q1,5,2022-Q1,175.72,27.55,9.78,6.03,55.17,50.23,1,High-Risk
BANK_127,"Mcdaniel, Bentley and Mclaughlin Rural Bank",Ashanti,Medium,2022,Q2,6,2022-Q2,207.96,27.6,9.63,5.87,47.61,75.95,1,High-Risk
BANK_127,"Mcdaniel, Bentley and Mclaughlin Rural Bank",Ashanti,Medium,2022,Q3,7,2022-Q3,213.24,27.93,9.67,5.92,25.84,41.58,1,High-Risk
BANK_127,"Mcdaniel, Bentley and Mclaughlin Rural Bank",Ashanti,Medium,2022,Q4,8,2022-Q4,210.73,26.75,9.69,6.15,50.09,75.62,1,High-Risk
BANK_127,"Mcdaniel, Bentley and Mclaughlin Rural Bank",Ashanti,Medium,2023,Q1,9,2023-Q1,245.8,26.31,9.65,6.14,46.92,88.68,1,High-Risk
BANK_127,"Mcdaniel, Bentley and Mclaughlin Rural Bank",Ashanti,Medium,2023,Q2,10,2023-Q2,281.93,26.41,9.52,6.13,17.91,54.71,1,High-Risk
BANK_127,"Mcdaniel, Bentley and Mclaughlin Rural Bank",Ashanti,Medium,2023,Q3,11,2023-Q3,285.5,24.59,9.65,6.2,56.35,58.49,1,High-Risk
BANK_127,"Mcdaniel, Bentley and Mclaughlin Rural Bank",Ashanti,Medium,2023,Q4,12,2023-Q4,273.01,23.3,9.63,6.33,37.44,94.81,1,High-Risk
BANK_128,Diaz Inc Rural Bank,Eastern,Small,2021,Q1,1,2021-Q1,9.21,21.32,20.88,7.82,14.2,84.77,0,Healthy
BANK_128,Diaz Inc Rural Bank,Eastern,Small,2021,Q2,2,2021-Q2,9.05,21.77,20.65,7.99,17.98,86.07,0,Healthy
BANK_128,Diaz Inc Rural Bank,Eastern,Small,2021,Q3,3,2021-Q3,9.56,21.25,20.53,8.39,10.53,88.19,0,Healthy
BANK_128,Diaz Inc Rural Bank,Eastern,Small,2021,Q4,4,2021-Q4,9.76,20.75,20.68,8.33,20.45,75.29,0,Healthy
BANK_128,Diaz Inc Rural Bank,Eastern,Small,2022,Q1,5,2022-Q1,9.5,20.48,20.62,8.67,9.29,54.58,0,Healthy
BANK_128,Diaz Inc Rural Bank,Eastern,Small,2022,Q2,6,2022-Q2,9.02,20.86,20.64,8.87,13.2,41.01,0,Healthy
BANK_128,Diaz Inc Rural Bank,Eastern,Small,2022,Q3,7,2022-Q3,8.95,21.58,20.71,9.1,7.05,65.02,0,Healthy
BANK_128,Diaz Inc Rural Bank,Eastern,Small,2022,Q4,8,2022-Q4,8.33,21.79,20.67,9.63,27.28,40.06,0,Healthy
BANK_128,Diaz Inc Rural Bank,Eastern,Small,2023,Q1,9,2023-Q1,8.81,21.72,20.14,9.28,6.53,88.45,0,Healthy
BANK_128,Diaz Inc Rural Bank,Eastern,Small,2023,Q2,10,2023-Q2,9.61,21.27,20.06,9.13,21.94,54.93,0,Healthy
BANK_128,Diaz Inc Rural Bank,Eastern,Small,2023,Q3,11,2023-Q3,8.77,20.49,20.2,9.41,6.98,72.64,0,Healthy
BANK_128,Diaz Inc Rural Bank,Eastern,Small,2023,Q4,12,2023-Q4,8.5,20.63,19.96,9.62,10.79,43.73,0,Healthy
BANK_129,"Mccall, Hanson and Alvarado Rural Bank",Eastern,Large,2021,Q1,1,2021-Q1,277.67,26.03,15.27,10.34,19.18,84.09,0,Healthy
BANK_129,"Mccall, Hanson and Alvarado Rural Bank",Eastern,Large,2021,Q2,2,2021-Q2,272.95,27.02,15.26,10.2,24.08,47.96,0,Healthy
BANK_129,"Mccall, Hanson and Alvarado Rural Bank",Eastern,Large,2021,Q3,3,2021-Q3,255.7,27.83,15.34,10.44,8.36,42.68,0,Healthy
BANK_129,"Mccall, Hanson and Alvarado Rural Bank",Eastern,Large,2021,Q4,4,2021-Q4,259.37,28.65,15.31,10.32,36.3,59.63,0,Healthy
BANK_129,"Mccall, Hanson and Alvarado Rural Bank",Eastern,Large,2022,Q1,5,2022-Q1,248.32,29.15,15.53,10.29,13.14,84.03,0,Healthy
BANK_129,"Mccall, Hanson and Alvarado Rural Bank",Eastern,Large,2022,Q2,6,2022-Q2,280.59,30.44,15.35,10.59,33.94,75.74,0,Healthy
BANK_129,"Mccall, Hanson and Alvarado Rural Bank",Eastern,Large,2022,Q3,7,2022-Q3,275.97,29.74,15.44,10.61,19.93,81.75,0,Healthy
BANK_129,"Mccall, Hanson and Alvarado Rural Bank",Eastern,Large,2022,Q4,8,2022-Q4,270.16,29.19,15.35,11.17,37.7,58.39,0,Healthy
BANK_129,"Mccall, Hanson and Alvarado Rural Bank",Eastern,Large,2023,Q1,9,2023-Q1,292.38,30.06,15.54,11.35,8.57,85.57,0,Healthy
BANK_129,"Mccall, Hanson and Alvarado Rural Bank",Eastern,Large,2023,Q2,10,2023-Q2,305.56,29.86,15.53,11.38,22.72,40.79,0,Healthy
BANK_129,"Mccall, Hanson and Alvarado Rural Bank",Eastern,Large,2023,Q3,11,2023-Q3,319.1,30.8,15.73,11.29,31.87,41.23,0,Healthy
BANK_129,"Mccall, Hanson and Alvarado Rural Bank",Eastern,Large,2023,Q4,12,2023-Q4,323.71,29.94,15.4,12.07,24.38,77.15,0,Healthy
BANK_130,Cortez LLC Rural Bank,Bono,Medium,2021,Q1,1,2021-Q1,133.13,43.79,28.68,3.68,17.2,71.88,0,Healthy
BANK_130,Cortez LLC Rural Bank,Bono,Medium,2021,Q2,2,2021-Q2,136.54,45.35,28.66,3.68,18.61,84.05,0,Healthy
BANK_130,Cortez LLC Rural Bank,Bono,Medium,2021,Q3,3,2021-Q3,147.05,45.2,28.27,3.73,4.53,54.37,0,Healthy
BANK_130,Cortez LLC Rural Bank,Bono,Medium,2021,Q4,4,2021-Q4,146.0,44.86,28.08,3.84,19.17,93.13,0,Healthy
BANK_130,Cortez LLC Rural Bank,Bono,Medium,2022,Q1,5,2022-Q1,165.34,45.92,27.82,3.8,20.66,80.63,0,Healthy
BANK_130,Cortez LLC Rural Bank,Bono,Medium,2022,Q2,6,2022-Q2,161.66,45.54,28.36,3.87,8.38,92.03,0,Healthy
BANK_130,Cortez LLC Rural Bank,Bono,Medium,2022,Q3,7,2022-Q3,179.53,45.09,27.85,3.97,10.22,44.39,0,Healthy
BANK_130,Cortez LLC Rural Bank,Bono,Medium,2022,Q4,8,2022-Q4,178.18,43.46,27.52,4.11,6.41,46.68,0,Healthy
BANK_130,Cortez LLC Rural Bank,Bono,Medium,2023,Q1,9,2023-Q1,191.12,45.35,27.26,4.29,21.07,79.02,0,Healthy
BANK_130,Cortez LLC Rural Bank,Bono,Medium,2023,Q2,10,2023-Q2,194.5,45.44,27.09,4.2,19.3,43.15,0,Healthy
BANK_130,Cortez LLC Rural Bank,Bono,Medium,2023,Q3,11,2023-Q3,201.97,46.9,27.2,4.11,9.64,88.78,0,Healthy
BANK_130,Cortez LLC Rural Bank,Bono,Medium,2023,Q4,12,2023-Q4,192.33,48.38,27.32,4.2,20.32,52.01,0,Healthy
BANK_131,"Parker, Ortiz and Powell Rural Bank",Greater Accra,Medium,2021,Q1,1,2021-Q1,191.45,41.33,22.8,0.32,5.69,58.21,0,Healthy
BANK_131,"Parker, Ortiz and Powell Rural Bank",Greater Accra,Medium,2021,Q2,2,2021-Q2,177.37,40.55,22.7,0.33,15.71,62.74,0,Healthy
BANK_131,"Parker, Ortiz and Powell Rural Bank",Greater Accra,Medium,2021,Q3,3,2021-Q3,173.04,40.88,22.6,0.34,9.78,70.08,0,Healthy
BANK_131,"Parker, Ortiz and Powell Rural Bank",Greater Accra,Medium,2021,Q4,4,2021-Q4,175.81,42.11,22.89,0.36,10.37,73.77,0,Healthy
BANK_131,"Parker, Ortiz and Powell Rural Bank",Greater Accra,Medium,2022,Q1,5,2022-Q1,181.5,41.93,22.67,0.37,14.23,70.54,0,Healthy
BANK_131,"Parker, Ortiz and Powell Rural Bank",Greater Accra,Medium,2022,Q2,6,2022-Q2,187.9,39.49,22.65,0.38,21.2,91.96,0,Healthy
BANK_131,"Parker, Ortiz and Powell Rural Bank",Greater Accra,Medium,2022,Q3,7,2022-Q3,171.18,39.54,22.64,0.39,22.42,64.84,0,Healthy
BANK_131,"Parker, Ortiz and Powell Rural Bank",Greater Accra,Medium,2022,Q4,8,2022-Q4,155.22,35.98,22.51,0.42,11.99,40.46,0,Healthy
BANK_131,"Parker, Ortiz and Powell Rural Bank",Greater Accra,Medium,2023,Q1,9,2023-Q1,156.21,36.68,22.3,0.41,11.61,80.36,0,Healthy
BANK_131,"Parker, Ortiz and Powell Rural Bank",Greater Accra,Medium,2023,Q2,10,2023-Q2,148.6,36.99,22.15,0.42,11.86,62.54,0,Healthy
BANK_131,"Parker, Ortiz and Powell Rural Bank",Greater Accra,Medium,2023,Q3,11,2023-Q3,161.21,37.58,22.33,0.42,4.74,70.1,0,Healthy
BANK_131,"Parker, Ortiz and Powell Rural Bank",Greater Accra,Medium,2023,Q4,12,2023-Q4,159.47,37.88,22.06,0.41,24.42,79.11,0,Healthy
BANK_132,Spencer-Lee Rural Bank,Western,Medium,2021,Q1,1,2021-Q1,175.34,28.05,17.18,6.67,11.93,83.35,0,Healthy
BANK_132,Spencer-Lee Rural Bank,Western,Medium,2021,Q2,2,2021-Q2,172.48,27.94,17.11,6.64,10.9,60.97,0,Healthy
BANK_132,Spencer-Lee Rural Bank,Western,Medium,2021,Q3,3,2021-Q3,157.03,27.43,17.0,6.55,30.8,88.7,0,Healthy
BANK_132,Spencer-Lee Rural Bank,Western,Medium,2021,Q4,4,2021-Q4,161.1,27.97,16.89,6.5,16.4,77.2,0,Healthy
BANK_132,Spencer-Lee Rural Bank,Western,Medium,2022,Q1,5,2022-Q1,160.85,27.82,16.84,6.7,16.24,66.09,0,Healthy
BANK_132,Spencer-Lee Rural Bank,Western,Medium,2022,Q2,6,2022-Q2,183.93,26.33,17.02,6.45,15.49,76.65,0,Healthy
BANK_132,Spencer-Lee Rural Bank,Western,Medium,2022,Q3,7,2022-Q3,185.51,26.85,16.79,6.48,28.07,55.0,0,Healthy
BANK_132,Spencer-Lee Rural Bank,Western,Medium,2022,Q4,8,2022-Q4,178.0,25.04,16.98,6.91,31.55,86.38,0,Healthy
BANK_132,Spencer-Lee Rural Bank,Western,Medium,2023,Q1,9,2023-Q1,178.75,24.3,17.29,7.05,13.34,58.61,0,Healthy
BANK_132,Spencer-Lee Rural Bank,Western,Medium,2023,Q2,10,2023-Q2,195.73,25.43,17.41,6.37,13.54,49.18,0,Healthy
BANK_132,Spencer-Lee Rural Bank,Western,Medium,2023,Q3,11,2023-Q3,204.71,24.32,17.41,6.29,13.44,74.22,0,Healthy
BANK_132,Spencer-Lee Rural Bank,Western,Medium,2023,Q4,12,2023-Q4,197.12,23.51,17.69,6.19,32.47,52.39,0,Healthy
BANK_133,"Bentley, Byrd and Orr Rural Bank",Northern,Small,2021,Q1,1,2021-Q1,14.06,18.46,25.86,20.7,16.26,54.88,1,High-Risk
BANK_133,"Bentley, Byrd and Orr Rural Bank",Northern,Small,2021,Q2,2,2021-Q2,13.72,18.64,25.75,21.11,5.66,61.4,1,High-Risk
BANK_133,"Bentley, Byrd and Orr Rural Bank",Northern,Small,2021,Q3,3,2021-Q3,13.75,18.59,26.13,22.98,10.91,80.85,1,High-Risk
BANK_133,"Bentley, Byrd and Orr Rural Bank",Northern,Small,2021,Q4,4,2021-Q4,13.89,18.74,26.1,21.9,13.94,89.82,1,High-Risk
BANK_133,"Bentley, Byrd and Orr Rural Bank",Northern,Small,2022,Q1,5,2022-Q1,13.86,18.87,25.85,21.48,11.14,49.47,1,High-Risk
BANK_133,"Bentley, Byrd and Orr Rural Bank",Northern,Small,2022,Q2,6,2022-Q2,15.8,18.19,25.93,21.43,18.5,40.54,1,High-Risk
BANK_133,"Bentley, Byrd and Orr Rural Bank",Northern,Small,2022,Q3,7,2022-Q3,16.12,17.79,25.92,22.04,13.32,78.68,1,High-Risk
BANK_133,"Bentley, Byrd and Orr Rural Bank",Northern,Small,2022,Q4,8,2022-Q4,15.82,17.84,25.57,23.4,4.22,71.37,1,High-Risk
BANK_133,"Bentley, Byrd and Orr Rural Bank",Northern,Small,2023,Q1,9,2023-Q1,14.25,17.09,25.57,23.33,20.51,54.67,1,High-Risk
BANK_133,"Bentley, Byrd and Orr Rural Bank",Northern,Small,2023,Q2,10,2023-Q2,15.78,17.21,25.3,23.17,13.01,87.21,1,High-Risk
BANK_133,"Bentley, Byrd and Orr Rural Bank",Northern,Small,2023,Q3,11,2023-Q3,16.1,17.32,25.85,23.33,18.17,80.88,1,High-Risk
BANK_133,"Bentley, Byrd and Orr Rural Bank",Northern,Small,2023,Q4,12,2023-Q4,16.51,15.95,26.51,23.6,5.87,54.68,1,High-Risk
BANK_134,"Carroll, Sullivan and Bass Rural Bank",Upper East,Large,2021,Q1,1,2021-Q1,506.76,25.42,10.84,14.25,32.36,80.14,1,High-Risk
BANK_134,"Carroll, Sullivan and Bass Rural Bank",Upper East,Large,2021,Q2,2,2021-Q2,518.04,25.59,10.85,14.49,38.11,82.81,1,High-Risk
BANK_134,"Carroll, Sullivan and Bass Rural Bank",Upper East,Large,2021,Q3,3,2021-Q3,419.7,25.59,11.21,15.68,49.07,56.13,1,High-Risk
BANK_134,"Carroll, Sullivan and Bass Rural Bank",Upper East,Large,2021,Q4,4,2021-Q4,408.38,25.95,11.03,16.13,49.55,60.81,1,High-Risk
BANK_134,"Carroll, Sullivan and Bass Rural Bank",Upper East,Large,2022,Q1,5,2022-Q1,444.25,25.66,10.93,16.54,53.64,43.1,1,High-Risk
BANK_134,"Carroll, Sullivan and Bass Rural Bank",Upper East,Large,2022,Q2,6,2022-Q2,452.85,25.85,10.91,16.68,10.75,66.3,1,High-Risk
BANK_134,"Carroll, Sullivan and Bass Rural Bank",Upper East,Large,2022,Q3,7,2022-Q3,494.6,24.94,10.67,16.92,38.61,48.37,1,High-Risk
BANK_134,"Carroll, Sullivan and Bass Rural Bank",Upper East,Large,2022,Q4,8,2022-Q4,385.55,24.12,10.67,17.69,56.5,44.65,1,High-Risk
BANK_134,"Carroll, Sullivan and Bass Rural Bank",Upper East,Large,2023,Q1,9,2023-Q1,420.79,23.93,10.8,17.42,41.15,76.28,1,High-Risk
BANK_134,"Carroll, Sullivan and Bass Rural Bank",Upper East,Large,2023,Q2,10,2023-Q2,474.6,24.11,10.94,17.5,38.35,64.11,1,High-Risk
BANK_134,"Carroll, Sullivan and Bass Rural Bank",Upper East,Large,2023,Q3,11,2023-Q3,503.54,25.31,10.91,17.66,35.51,62.81,1,High-Risk
BANK_134,"Carroll, Sullivan and Bass Rural Bank",Upper East,Large,2023,Q4,12,2023-Q4,480.65,26.12,10.88,17.96,35.61,64.01,1,High-Risk
BANK_135,Mitchell-Jordan Rural Bank,Greater Accra,Small,2021,Q1,1,2021-Q1,27.37,18.23,18.08,3.87,21.28,85.89,0,Healthy
BANK_135,Mitchell-Jordan Rural Bank,Greater Accra,Small,2021,Q2,2,2021-Q2,28.53,18.45,17.69,3.95,9.39,89.69,0,Healthy
BANK_135,Mitchell-Jordan Rural Bank,Greater Accra,Small,2021,Q3,3,2021-Q3,29.65,18.22,17.79,3.95,24.41,55.32,0,Healthy
BANK_135,Mitchell-Jordan Rural Bank,Greater Accra,Small,2021,Q4,4,2021-Q4,29.1,17.55,17.77,4.02,15.34,70.78,0,Healthy
BANK_135,Mitchell-Jordan Rural Bank,Greater Accra,Small,2022,Q1,5,2022-Q1,29.49,17.54,17.91,4.02,27.89,46.97,0,Healthy
BANK_135,Mitchell-Jordan Rural Bank,Greater Accra,Small,2022,Q2,6,2022-Q2,29.53,17.49,17.74,4.08,19.64,57.93,0,Healthy
BANK_135,Mitchell-Jordan Rural Bank,Greater Accra,Small,2022,Q3,7,2022-Q3,31.78,17.03,17.43,4.11,10.91,79.62,0,Healthy
BANK_135,Mitchell-Jordan Rural Bank,Greater Accra,Small,2022,Q4,8,2022-Q4,31.79,17.7,17.07,4.34,22.29,84.95,0,Healthy
BANK_135,Mitchell-Jordan Rural Bank,Greater Accra,Small,2023,Q1,9,2023-Q1,34.79,17.82,17.16,4.54,18.87,49.95,0,Healthy
BANK_135,Mitchell-Jordan Rural Bank,Greater Accra,Small,2023,Q2,10,2023-Q2,32.82,18.03,17.09,4.63,14.23,59.64,0,Healthy
BANK_135,Mitchell-Jordan Rural Bank,Greater Accra,Small,2023,Q3,11,2023-Q3,36.83,18.68,17.09,4.47,17.91,76.48,0,Healthy
BANK_135,Mitchell-Jordan Rural Bank,Greater Accra,Small,2023,Q4,12,2023-Q4,39.46,19.44,17.24,4.47,34.23,56.05,0,Healthy
BANK_136,"Lawson, Morris and Ramos Rural Bank",Ashanti,Small,2021,Q1,1,2021-Q1,8.87,35.02,16.27,7.55,11.44,78.68,0,Healthy
BANK_136,"Lawson, Morris and Ramos Rural Bank",Ashanti,Small,2021,Q2,2,2021-Q2,8.57,35.33,16.34,7.67,27.01,53.89,0,Healthy
BANK_136,"Lawson, Morris and Ramos Rural Bank",Ashanti,Small,2021,Q3,3,2021-Q3,8.85,34.61,16.09,7.65,26.59,77.0,0,Healthy
BANK_136,"Lawson, Morris and Ramos Rural Bank",Ashanti,Small,2021,Q4,4,2021-Q4,9.5,34.73,16.27,7.67,24.99,74.69,0,Healthy
BANK_136,"Lawson, Morris and Ramos Rural Bank",Ashanti,Small,2022,Q1,5,2022-Q1,9.36,33.98,16.43,7.74,29.62,81.56,0,Healthy
BANK_136,"Lawson, Morris and Ramos Rural Bank",Ashanti,Small,2022,Q2,6,2022-Q2,10.73,37.14,16.49,7.41,34.69,85.68,0,Healthy
BANK_136,"Lawson, Morris and Ramos Rural Bank",Ashanti,Small,2022,Q3,7,2022-Q3,10.08,36.46,16.53,7.88,14.88,46.34,0,Healthy
BANK_136,"Lawson, Morris and Ramos Rural Bank",Ashanti,Small,2022,Q4,8,2022-Q4,9.0,35.75,16.4,8.01,23.21,69.15,0,Healthy
BANK_136,"Lawson, Morris and Ramos Rural Bank",Ashanti,Small,2023,Q1,9,2023-Q1,9.24,34.31,16.37,7.71,31.96,59.81,0,Healthy
BANK_136,"Lawson, Morris and Ramos Rural Bank",Ashanti,Small,2023,Q2,10,2023-Q2,9.57,34.15,16.35,7.71,12.57,54.0,0,Healthy
BANK_136,"Lawson, Morris and Ramos Rural Bank",Ashanti,Small,2023,Q3,11,2023-Q3,9.13,32.91,16.43,7.92,13.2,60.78,0,Healthy
BANK_136,"Lawson, Morris and Ramos Rural Bank",Ashanti,Small,2023,Q4,12,2023-Q4,8.96,33.82,16.67,7.98,16.36,81.55,0,Healthy
BANK_137,"Lewis, Kennedy and Santana Rural Bank",Ashanti,Small,2021,Q1,1,2021-Q1,7.69,19.65,18.73,5.05,13.29,74.64,0,Healthy
BANK_137,"Lewis, Kennedy and Santana Rural Bank",Ashanti,Small,2021,Q2,2,2021-Q2,7.75,19.54,18.66,4.95,7.02,52.51,0,Healthy
BANK_137,"Lewis, Kennedy and Santana Rural Bank",Ashanti,Small,2021,Q3,3,2021-Q3,7.74,20.49,18.73,5.1,15.77,44.68,0,Healthy
BANK_137,"Lewis, Kennedy and Santana Rural Bank",Ashanti,Small,2021,Q4,4,2021-Q4,8.72,19.89,18.58,5.0,21.19,91.36,0,Healthy
BANK_137,"Lewis, Kennedy and Santana Rural Bank",Ashanti,Small,2022,Q1,5,2022-Q1,9.36,19.53,18.36,5.08,25.22,70.82,0,Healthy
BANK_137,"Lewis, Kennedy and Santana Rural Bank",Ashanti,Small,2022,Q2,6,2022-Q2,10.76,19.36,18.27,4.89,30.23,44.24,0,Healthy
BANK_137,"Lewis, Kennedy and Santana Rural Bank",Ashanti,Small,2022,Q3,7,2022-Q3,10.48,19.2,17.99,5.05,32.02,76.59,0,Healthy
BANK_137,"Lewis, Kennedy and Santana Rural Bank",Ashanti,Small,2022,Q4,8,2022-Q4,10.18,18.01,18.25,5.12,11.62,42.81,0,Healthy
BANK_137,"Lewis, Kennedy and Santana Rural Bank",Ashanti,Small,2023,Q1,9,2023-Q1,9.87,18.27,18.24,4.94,26.17,66.23,0,Healthy
BANK_137,"Lewis, Kennedy and Santana Rural Bank",Ashanti,Small,2023,Q2,10,2023-Q2,9.44,18.81,18.43,4.87,12.61,67.24,0,Healthy
BANK_137,"Lewis, Kennedy and Santana Rural Bank",Ashanti,Small,2023,Q3,11,2023-Q3,9.82,18.92,18.59,5.02,5.84,63.62,0,Healthy
BANK_137,"Lewis, Kennedy and Santana Rural Bank",Ashanti,Small,2023,Q4,12,2023-Q4,9.75,19.11,18.79,5.26,7.23,71.21,0,Healthy
BANK_138,"Jackson, Miller and Robertson Rural Bank",Greater Accra,Medium,2021,Q1,1,2021-Q1,123.83,11.6,27.7,13.92,14.61,85.09,1,High-Risk
BANK_138,"Jackson, Miller and Robertson Rural Bank",Greater Accra,Medium,2021,Q2,2,2021-Q2,118.61,11.6,28.07,13.78,20.06,66.58,1,High-Risk
BANK_138,"Jackson, Miller and Robertson Rural Bank",Greater Accra,Medium,2021,Q3,3,2021-Q3,119.95,12.15,28.59,14.23,5.28,50.35,1,High-Risk
BANK_138,"Jackson, Miller and Robertson Rural Bank",Greater Accra,Medium,2021,Q4,4,2021-Q4,105.06,11.93,28.0,14.96,21.24,76.29,1,High-Risk
BANK_138,"Jackson, Miller and Robertson Rural Bank",Greater Accra,Medium,2022,Q1,5,2022-Q1,103.63,11.64,28.24,15.27,17.84,59.39,1,High-Risk
BANK_138,"Jackson, Miller and Robertson Rural Bank",Greater Accra,Medium,2022,Q2,6,2022-Q2,105.62,11.91,27.61,15.25,4.1,46.57,1,High-Risk
BANK_138,"Jackson, Miller and Robertson Rural Bank",Greater Accra,Medium,2022,Q3,7,2022-Q3,107.07,12.12,27.48,15.64,10.45,44.4,1,High-Risk
BANK_138,"Jackson, Miller and Robertson Rural Bank",Greater Accra,Medium,2022,Q4,8,2022-Q4,96.59,11.71,27.86,16.41,5.65,81.11,1,High-Risk
BANK_138,"Jackson, Miller and Robertson Rural Bank",Greater Accra,Medium,2023,Q1,9,2023-Q1,95.99,12.04,27.99,16.42,6.91,44.88,1,High-Risk
BANK_138,"Jackson, Miller and Robertson Rural Bank",Greater Accra,Medium,2023,Q2,10,2023-Q2,95.04,11.98,28.25,16.75,6.68,67.23,1,High-Risk
BANK_138,"Jackson, Miller and Robertson Rural Bank",Greater Accra,Medium,2023,Q3,11,2023-Q3,105.22,12.25,28.39,15.49,3.78,78.58,1,High-Risk
BANK_138,"Jackson, Miller and Robertson Rural Bank",Greater Accra,Medium,2023,Q4,12,2023-Q4,99.32,12.7,28.99,15.55,8.12,57.13,1,High-Risk
BANK_139,"Harvey, Davis and Crane Rural Bank",Northern,Large,2021,Q1,1,2021-Q1,223.85,32.01,13.58,5.15,21.43,84.71,0,Healthy
BANK_139,"Harvey, Davis and Crane Rural Bank",Northern,Large,2021,Q2,2,2021-Q2,239.76,32.2,13.65,5.28,12.9,50.25,0,Healthy
BANK_139,"Harvey, Davis and Crane Rural Bank",Northern,Large,2021,Q3,3,2021-Q3,218.88,30.17,13.63,5.69,37.07,93.9,0,Healthy
BANK_139,"Harvey, Davis and Crane Rural Bank",Northern,Large,2021,Q4,4,2021-Q4,248.36,30.99,13.56,5.5,38.06,69.74,0,Healthy
BANK_139,"Harvey, Davis and Crane Rural Bank",Northern,Large,2022,Q1,5,2022-Q1,256.05,31.76,13.76,5.72,34.49,40.73,0,Healthy
BANK_139,"Harvey, Davis and Crane Rural Bank",Northern,Large,2022,Q2,6,2022-Q2,270.9,30.04,13.73,5.78,34.74,48.83,0,Healthy
BANK_139,"Harvey, Davis and Crane Rural Bank",Northern,Large,2022,Q3,7,2022-Q3,310.22,28.7,14.1,5.65,13.88,53.46,0,Healthy
BANK_139,"Harvey, Davis and Crane Rural Bank",Northern,Large,2022,Q4,8,2022-Q4,289.04,26.75,14.28,6.08,42.94,40.24,0,Healthy
BANK_139,"Harvey, Davis and Crane Rural Bank",Northern,Large,2023,Q1,9,2023-Q1,249.97,26.14,14.38,6.13,20.47,48.99,0,Healthy
BANK_139,"Harvey, Davis and Crane Rural Bank",Northern,Large,2023,Q2,10,2023-Q2,263.9,25.86,14.56,6.01,40.28,87.19,0,Healthy
BANK_139,"Harvey, Davis and Crane Rural Bank",Northern,Large,2023,Q3,11,2023-Q3,261.13,26.66,14.68,5.86,31.06,57.12,0,Healthy
BANK_139,"Harvey, Davis and Crane Rural Bank",Northern,Large,2023,Q4,12,2023-Q4,270.65,25.38,14.54,5.88,8.2,62.04,0,Healthy
BANK_140,Chambers and Sons Rural Bank,Upper East,Small,2021,Q1,1,2021-Q1,38.79,21.24,29.01,5.62,3.58,50.65,0,Healthy
BANK_140,Chambers and Sons Rural Bank,Upper East,Small,2021,Q2,2,2021-Q2,37.92,21.03,28.81,5.61,9.42,80.69,0,Healthy
BANK_140,Chambers and Sons Rural Bank,Upper East,Small,2021,Q3,3,2021-Q3,31.16,20.13,28.83,5.98,21.83,65.4,0,Healthy
BANK_140,Chambers and Sons Rural Bank,Upper East,Small,2021,Q4,4,2021-Q4,30.08,19.82,28.69,5.92,17.93,50.94,0,Healthy
BANK_140,Chambers and Sons Rural Bank,Upper East,Small,2022,Q1,5,2022-Q1,31.43,18.79,28.63,5.79,9.98,43.32,0,Healthy
BANK_140,Chambers and Sons Rural Bank,Upper East,Small,2022,Q2,6,2022-Q2,33.15,19.19,28.94,5.93,6.76,74.4,0,Healthy
BANK_140,Chambers and Sons Rural Bank,Upper East,Small,2022,Q3,7,2022-Q3,32.28,19.52,29.04,5.94,11.09,45.21,0,Healthy
BANK_140,Chambers and Sons Rural Bank,Upper East,Small,2022,Q4,8,2022-Q4,28.76,19.16,28.54,6.12,17.24,49.03,0,Healthy
BANK_140,Chambers and Sons Rural Bank,Upper East,Small,2023,Q1,9,2023-Q1,29.91,19.28,27.96,6.02,8.31,61.82,0,Healthy
BANK_140,Chambers and Sons Rural Bank,Upper East,Small,2023,Q2,10,2023-Q2,30.45,18.63,28.05,6.11,14.66,55.15,0,Healthy
BANK_140,Chambers and Sons Rural Bank,Upper East,Small,2023,Q3,11,2023-Q3,33.38,19.3,27.99,5.91,10.03,60.07,0,Healthy
BANK_140,Chambers and Sons Rural Bank,Upper East,Small,2023,Q4,12,2023-Q4,34.66,19.65,27.65,5.84,15.84,48.1,0,Healthy
BANK_141,Hernandez Inc Rural Bank,Ashanti,Small,2021,Q1,1,2021-Q1,23.61,24.75,25.58,21.87,17.03,59.52,1,High-Risk
BANK_141,Hernandez Inc Rural Bank,Ashanti,Small,2021,Q2,2,2021-Q2,24.69,24.31,24.88,22.05,15.19,56.12,1,High-Risk
BANK_141,Hernandez Inc Rural Bank,Ashanti,Small,2021,Q3,3,2021-Q3,25.98,23.98,25.06,22.34,5.62,85.93,1,High-Risk
BANK_141,Hernandez Inc Rural Bank,Ashanti,Small,2021,Q4,4,2021-Q4,28.27,25.19,25.01,22.49,20.72,86.52,1,High-Risk
BANK_141,Hernandez Inc Rural Bank,Ashanti,Small,2022,Q1,5,2022-Q1,28.27,25.34,25.09,22.76,11.63,46.93,1,High-Risk
BANK_141,Hernandez Inc Rural Bank,Ashanti,Small,2022,Q2,6,2022-Q2,30.19,25.84,25.14,21.87,6.16,73.2,1,High-Risk
BANK_141,Hernandez Inc Rural Bank,Ashanti,Small,2022,Q3,7,2022-Q3,31.84,25.15,25.01,21.34,8.06,87.84,1,High-Risk
BANK_141,Hernandez Inc Rural Bank,Ashanti,Small,2022,Q4,8,2022-Q4,32.39,24.61,25.23,22.27,16.58,45.16,1,High-Risk
BANK_141,Hernandez Inc Rural Bank,Ashanti,Small,2023,Q1,9,2023-Q1,34.25,25.56,25.35,22.68,18.54,61.44,1,High-Risk
BANK_141,Hernandez Inc Rural Bank,Ashanti,Small,2023,Q2,10,2023-Q2,35.43,25.96,25.2,22.97,5.67,55.64,1,High-Risk
BANK_141,Hernandez Inc Rural Bank,Ashanti,Small,2023,Q3,11,2023-Q3,39.88,24.98,25.3,23.65,5.68,65.91,1,High-Risk
BANK_141,Hernandez Inc Rural Bank,Ashanti,Small,2023,Q4,12,2023-Q4,38.76,25.3,25.05,23.53,19.61,59.04,1,High-Risk
BANK_142,Riggs PLC Rural Bank,Eastern,Small,2021,Q1,1,2021-Q1,39.75,33.08,24.89,7.66,4.91,44.33,0,Healthy
BANK_142,Riggs PLC Rural Bank,Eastern,Small,2021,Q2,2,2021-Q2,40.73,30.52,25.03,7.73,17.6,53.36,0,Healthy
BANK_142,Riggs PLC Rural Bank,Eastern,Small,2021,Q3,3,2021-Q3,37.03,28.67,24.79,7.65,21.45,74.81,0,Healthy
BANK_142,Riggs PLC Rural Bank,Eastern,Small,2021,Q4,4,2021-Q4,40.7,29.48,25.09,7.41,8.27,49.63,0,Healthy
BANK_142,Riggs PLC Rural Bank,Eastern,Small,2022,Q1,5,2022-Q1,39.33,30.37,24.99,7.54,5.18,74.96,0,Healthy
BANK_142,Riggs PLC Rural Bank,Eastern,Small,2022,Q2,6,2022-Q2,41.54,31.05,24.98,7.6,8.09,81.62,0,Healthy
BANK_142,Riggs PLC Rural Bank,Eastern,Small,2022,Q3,7,2022-Q3,38.16,32.59,25.01,7.6,9.14,85.58,0,Healthy
BANK_142,Riggs PLC Rural Bank,Eastern,Small,2022,Q4,8,2022-Q4,33.14,33.59,25.52,7.76,6.64,45.11,0,Healthy
BANK_142,Riggs PLC Rural Bank,Eastern,Small,2023,Q1,9,2023-Q1,35.34,33.62,25.38,7.83,14.06,40.61,0,Healthy
BANK_142,Riggs PLC Rural Bank,Eastern,Small,2023,Q2,10,2023-Q2,38.24,33.33,25.6,7.76,18.38,90.61,0,Healthy
BANK_142,Riggs PLC Rural Bank,Eastern,Small,2023,Q3,11,2023-Q3,38.69,34.36,25.86,8.02,22.16,55.89,0,Healthy
BANK_142,Riggs PLC Rural Bank,Eastern,Small,2023,Q4,12,2023-Q4,34.66,35.46,25.85,8.22,22.91,54.35,0,Healthy
BANK_143,Gibson Ltd Rural Bank,Eastern,Medium,2021,Q1,1,2021-Q1,121.27,33.0,16.31,0.42,32.91,86.77,0,Healthy
BANK_143,Gibson Ltd Rural Bank,Eastern,Medium,2021,Q2,2,2021-Q2,129.17,33.77,16.47,0.43,24.26,81.97,0,Healthy
BANK_143,Gibson Ltd Rural Bank,Eastern,Medium,2021,Q3,3,2021-Q3,127.42,31.1,16.72,0.42,35.05,41.07,0,Healthy
BANK_143,Gibson Ltd Rural Bank,Eastern,Medium,2021,Q4,4,2021-Q4,134.44,31.77,16.77,0.4,31.4,80.14,0,Healthy
BANK_143,Gibson Ltd Rural Bank,Eastern,Medium,2022,Q1,5,2022-Q1,129.7,30.12,17.01,0.4,28.83,91.02,0,Healthy
BANK_143,Gibson Ltd Rural Bank,Eastern,Medium,2022,Q2,6,2022-Q2,137.13,29.89,16.91,0.4,26.44,74.94,0,Healthy
BANK_143,Gibson Ltd Rural Bank,Eastern,Medium,2022,Q3,7,2022-Q3,138.62,30.0,17.01,0.4,15.86,72.1,0,Healthy
BANK_143,Gibson Ltd Rural Bank,Eastern,Medium,2022,Q4,8,2022-Q4,129.05,28.76,17.19,0.42,22.85,80.92,0,Healthy
BANK_143,Gibson Ltd Rural Bank,Eastern,Medium,2023,Q1,9,2023-Q1,123.75,29.81,17.2,0.43,5.84,73.47,0,Healthy
BANK_143,Gibson Ltd Rural Bank,Eastern,Medium,2023,Q2,10,2023-Q2,126.04,29.94,17.0,0.43,22.0,57.02,0,Healthy
BANK_143,Gibson Ltd Rural Bank,Eastern,Medium,2023,Q3,11,2023-Q3,129.86,31.12,16.93,0.42,22.29,81.2,0,Healthy
BANK_143,Gibson Ltd Rural Bank,Eastern,Medium,2023,Q4,12,2023-Q4,122.98,31.12,16.62,0.43,27.97,83.9,0,Healthy
BANK_144,"Lee, Horton and Snyder Rural Bank",Ashanti,Medium,2021,Q1,1,2021-Q1,165.8,36.78,15.89,6.86,9.78,92.55,0,Healthy
BANK_144,"Lee, Horton and Snyder Rural Bank",Ashanti,Medium,2021,Q2,2,2021-Q2,165.6,35.87,16.11,6.8,22.42,82.29,0,Healthy
BANK_144,"Lee, Horton and Snyder Rural Bank",Ashanti,Medium,2021,Q3,3,2021-Q3,168.5,34.58,16.54,6.98,12.9,52.3,0,Healthy
BANK_144,"Lee, Horton and Snyder Rural Bank",Ashanti,Medium,2021,Q4,4,2021-Q4,165.56,36.21,16.67,6.8,27.51,78.35,0,Healthy
BANK_144,"Lee, Horton and Snyder Rural Bank",Ashanti,Medium,2022,Q1,5,2022-Q1,170.11,36.93,16.38,6.88,21.0,45.67,0,Healthy
BANK_144,"Lee, Horton and Snyder Rural Bank",Ashanti,Medium,2022,Q2,6,2022-Q2,182.31,38.65,16.47,6.69,34.78,69.85,0,Healthy
BANK_144,"Lee, Horton and Snyder Rural Bank",Ashanti,Medium,2022,Q3,7,2022-Q3,179.37,38.39,16.46,6.65,7.69,45.48,0,Healthy
BANK_144,"Lee, Horton and Snyder Rural Bank",Ashanti,Medium,2022,Q4,8,2022-Q4,172.24,35.77,16.46,6.9,33.62,58.35,0,Healthy
BANK_144,"Lee, Horton and Snyder Rural Bank",Ashanti,Medium,2023,Q1,9,2023-Q1,179.46,37.74,16.45,7.22,19.87,74.53,0,Healthy
BANK_144,"Lee, Horton and Snyder Rural Bank",Ashanti,Medium,2023,Q2,10,2023-Q2,194.28,38.59,16.3,7.03,28.88,90.32,0,Healthy
BANK_144,"Lee, Horton and Snyder Rural Bank",Ashanti,Medium,2023,Q3,11,2023-Q3,185.4,37.76,16.38,7.09,29.13,88.09,0,Healthy
BANK_144,"Lee, Horton and Snyder Rural Bank",Ashanti,Medium,2023,Q4,12,2023-Q4,162.57,37.68,16.58,7.31,34.78,43.52,0,Healthy
BANK_145,Hernandez Ltd Rural Bank,Eastern,Medium,2021,Q1,1,2021-Q1,143.02,24.22,25.18,12.85,21.5,83.75,0,Healthy
BANK_145,Hernandez Ltd Rural Bank,Eastern,Medium,2021,Q2,2,2021-Q2,136.51,23.46,25.37,13.24,23.55,52.56,0,Healthy
BANK_145,Hernandez Ltd Rural Bank,Eastern,Medium,2021,Q3,3,2021-Q3,146.71,24.08,25.23,13.73,11.4,59.42,0,Healthy
BANK_145,Hernandez Ltd Rural Bank,Eastern,Medium,2021,Q4,4,2021-Q4,143.4,25.55,25.54,13.74,4.33,55.08,0,Healthy
BANK_145,Hernandez Ltd Rural Bank,Eastern,Medium,2022,Q1,5,2022-Q1,138.74,25.24,25.69,14.15,17.27,71.33,0,Healthy
BANK_145,Hernandez Ltd Rural Bank,Eastern,Medium,2022,Q2,6,2022-Q2,137.4,25.55,25.21,14.51,18.46,57.09,0,Healthy
BANK_145,Hernandez Ltd Rural Bank,Eastern,Medium,2022,Q3,7,2022-Q3,143.53,26.47,24.98,14.73,21.88,46.36,0,Healthy
BANK_145,Hernandez Ltd Rural Bank,Eastern,Medium,2022,Q4,8,2022-Q4,146.23,25.81,24.96,15.24,20.15,40.73,1,High-Risk
BANK_145,Hernandez Ltd Rural Bank,Eastern,Medium,2023,Q1,9,2023-Q1,148.96,26.24,25.15,15.64,7.47,73.87,1,High-Risk
BANK_145,Hernandez Ltd Rural Bank,Eastern,Medium,2023,Q2,10,2023-Q2,142.51,27.24,24.99,15.45,5.29,65.99,1,High-Risk
BANK_145,Hernandez Ltd Rural Bank,Eastern,Medium,2023,Q3,11,2023-Q3,137.17,27.72,24.83,15.81,14.07,40.61,1,High-Risk
BANK_145,Hernandez Ltd Rural Bank,Eastern,Medium,2023,Q4,12,2023-Q4,127.5,28.89,25.45,16.39,22.53,73.17,1,High-Risk
BANK_146,Stafford Inc Rural Bank,Northern,Medium,2021,Q1,1,2021-Q1,78.76,14.06,15.44,23.27,14.2,46.97,1,High-Risk
BANK_146,Stafford Inc Rural Bank,Northern,Medium,2021,Q2,2,2021-Q2,81.5,14.73,15.37,23.43,9.73,67.56,1,High-Risk
BANK_146,Stafford Inc Rural Bank,Northern,Medium,2021,Q3,3,2021-Q3,74.43,14.51,15.12,24.59,35.48,84.06,1,High-Risk
BANK_146,Stafford Inc Rural Bank,Northern,Medium,2021,Q4,4,2021-Q4,84.15,14.4,15.1,24.8,26.09,63.4,1,High-Risk
BANK_146,Stafford Inc Rural Bank,Northern,Medium,2022,Q1,5,2022-Q1,91.3,14.19,14.9,24.97,15.85,64.45,1,High-Risk
BANK_146,Stafford Inc Rural Bank,Northern,Medium,2022,Q2,6,2022-Q2,94.96,13.81,14.81,25.58,11.72,57.74,1,High-Risk
BANK_146,Stafford Inc Rural Bank,Northern,Medium,2022,Q3,7,2022-Q3,99.42,13.79,14.68,25.18,30.7,94.87,1,High-Risk
BANK_146,Stafford Inc Rural Bank,Northern,Medium,2022,Q4,8,2022-Q4,92.51,13.01,14.57,27.04,27.58,68.14,1,High-Risk
BANK_146,Stafford Inc Rural Bank,Northern,Medium,2023,Q1,9,2023-Q1,93.01,12.42,14.79,27.63,28.64,86.74,1,High-Risk
BANK_146,Stafford Inc Rural Bank,Northern,Medium,2023,Q2,10,2023-Q2,94.39,12.11,14.73,29.21,36.16,60.84,1,High-Risk
BANK_146,Stafford Inc Rural Bank,Northern,Medium,2023,Q3,11,2023-Q3,100.49,11.91,14.69,28.93,11.48,82.01,1,High-Risk
BANK_146,Stafford Inc Rural Bank,Northern,Medium,2023,Q4,12,2023-Q4,106.29,12.09,14.72,29.26,25.65,68.4,1,High-Risk
BANK_147,Robinson-Brock Rural Bank,Ashanti,Small,2021,Q1,1,2021-Q1,22.85,32.9,27.39,2.25,12.04,71.87,0,Healthy
BANK_147,Robinson-Brock Rural Bank,Ashanti,Small,2021,Q2,2,2021-Q2,23.55,32.89,27.14,2.29,16.06,86.0,0,Healthy
BANK_147,Robinson-Brock Rural Bank,Ashanti,Small,2021,Q3,3,2021-Q3,22.99,31.49,27.41,2.27,20.35,41.31,0,Healthy
BANK_147,Robinson-Brock Rural Bank,Ashanti,Small,2021,Q4,4,2021-Q4,24.63,30.89,27.35,2.28,9.2,80.99,0,Healthy
BANK_147,Robinson-Brock Rural Bank,Ashanti,Small,2022,Q1,5,2022-Q1,26.43,29.64,27.01,2.26,6.79,74.52,0,Healthy
BANK_147,Robinson-Brock Rural Bank,Ashanti,Small,2022,Q2,6,2022-Q2,29.6,30.06,26.97,2.17,16.56,41.09,0,Healthy
BANK_147,Robinson-Brock Rural Bank,Ashanti,Small,2022,Q3,7,2022-Q3,29.11,29.72,27.18,2.28,20.17,93.82,0,Healthy
BANK_147,Robinson-Brock Rural Bank,Ashanti,Small,2022,Q4,8,2022-Q4,25.97,29.06,27.09,2.41,14.31,50.75,0,Healthy
BANK_147,Robinson-Brock Rural Bank,Ashanti,Small,2023,Q1,9,2023-Q1,26.4,29.02,27.33,2.32,7.61,44.9,0,Healthy
BANK_147,Robinson-Brock Rural Bank,Ashanti,Small,2023,Q2,10,2023-Q2,27.62,29.02,27.31,2.28,17.37,86.89,0,Healthy
BANK_147,Robinson-Brock Rural Bank,Ashanti,Small,2023,Q3,11,2023-Q3,28.33,29.22,27.33,2.33,21.32,69.29,0,Healthy
BANK_147,Robinson-Brock Rural Bank,Ashanti,Small,2023,Q4,12,2023-Q4,26.91,28.98,27.48,2.32,6.29,79.79,0,Healthy
BANK_148,"Holmes, Williams and Wright Rural Bank",Central,Large,2021,Q1,1,2021-Q1,590.67,20.37,9.25,4.21,17.51,89.81,1,High-Risk
BANK_148,"Holmes, Williams and Wright Rural Bank",Central,Large,2021,Q2,2,2021-Q2,618.45,20.09,9.33,4.2,16.6,61.9,1,High-Risk
BANK_148,"Holmes, Williams and Wright Rural Bank",Central,Large,2021,Q3,3,2021-Q3,600.85,18.7,9.29,4.24,42.82,89.19,1,High-Risk
BANK_148,"Holmes, Williams and Wright Rural Bank",Central,Large,2021,Q4,4,2021-Q4,583.95,18.74,9.33,4.37,15.48,74.36,1,High-Risk
BANK_148,"Holmes, Williams and Wright Rural Bank",Central,Large,2022,Q1,5,2022-Q1,631.46,19.29,9.34,4.31,12.83,61.35,1,High-Risk
BANK_148,"Holmes, Williams and Wright Rural Bank",Central,Large,2022,Q2,6,2022-Q2,707.56,20.2,9.2,4.08,41.1,86.19,1,High-Risk
BANK_148,"Holmes, Williams and Wright Rural Bank",Central,Large,2022,Q3,7,2022-Q3,760.84,20.14,9.19,4.0,37.13,48.23,1,High-Risk
BANK_148,"Holmes, Williams and Wright Rural Bank",Central,Large,2022,Q4,8,2022-Q4,759.26,19.76,9.37,4.26,32.85,44.23,1,High-Risk
BANK_148,"Holmes, Williams and Wright Rural Bank",Central,Large,2023,Q1,9,2023-Q1,826.33,19.45,9.3,4.28,24.25,51.57,1,High-Risk
BANK_148,"Holmes, Williams and Wright Rural Bank",Central,Large,2023,Q2,10,2023-Q2,858.56,19.48,9.36,4.13,36.68,88.22,1,High-Risk
BANK_148,"Holmes, Williams and Wright Rural Bank",Central,Large,2023,Q3,11,2023-Q3,914.42,19.43,9.35,4.17,27.91,63.82,1,High-Risk
BANK_148,"Holmes, Williams and Wright Rural Bank",Central,Large,2023,Q4,12,2023-Q4,912.99,20.11,9.32,4.12,57.83,68.61,1,High-Risk
BANK_149,Bryant Group Rural Bank,Greater Accra,Medium,2021,Q1,1,2021-Q1,57.47,24.74,12.13,3.84,22.02,61.98,0,Healthy
BANK_149,Bryant Group Rural Bank,Greater Accra,Medium,2021,Q2,2,2021-Q2,53.31,24.41,11.88,3.98,10.81,55.81,1,High-Risk
BANK_149,Bryant Group Rural Bank,Greater Accra,Medium,2021,Q3,3,2021-Q3,54.24,24.47,11.94,3.99,35.96,84.28,1,High-Risk
BANK_149,Bryant Group Rural Bank,Greater Accra,Medium,2021,Q4,4,2021-Q4,49.68,23.09,11.85,3.98,13.16,85.86,1,High-Risk
BANK_149,Bryant Group Rural Bank,Greater Accra,Medium,2022,Q1,5,2022-Q1,48.09,23.22,11.9,4.02,27.92,48.95,1,High-Risk
BANK_149,Bryant Group Rural Bank,Greater Accra,Medium,2022,Q2,6,2022-Q2,46.85,23.04,11.92,4.13,14.83,85.12,1,High-Risk
BANK_149,Bryant Group Rural Bank,Greater Accra,Medium,2022,Q3,7,2022-Q3,44.55,23.11,12.17,4.14,37.43,51.13,0,Healthy
BANK_149,Bryant Group Rural Bank,Greater Accra,Medium,2022,Q4,8,2022-Q4,41.83,21.8,12.31,4.28,15.27,45.4,0,Healthy
BANK_149,Bryant Group Rural Bank,Greater Accra,Medium,2023,Q1,9,2023-Q1,38.84,21.83,12.26,4.12,36.14,89.75,0,Healthy
BANK_149,Bryant Group Rural Bank,Greater Accra,Medium,2023,Q2,10,2023-Q2,41.08,21.98,12.21,4.24,30.78,94.07,0,Healthy
BANK_149,Bryant Group Rural Bank,Greater Accra,Medium,2023,Q3,11,2023-Q3,41.41,22.5,12.06,4.33,43.27,82.52,0,Healthy
BANK_149,Bryant Group Rural Bank,Greater Accra,Medium,2023,Q4,12,2023-Q4,40.84,22.51,12.05,4.28,29.19,88.82,0,Healthy
BANK_150,"Schmidt, Hansen and Stewart Rural Bank",Eastern,Medium,2021,Q1,1,2021-Q1,80.36,31.06,13.36,13.64,12.3,64.33,0,Healthy
BANK_150,"Schmidt, Hansen and Stewart Rural Bank",Eastern,Medium,2021,Q2,2,2021-Q2,76.76,28.58,12.99,13.99,37.44,92.53,0,Healthy
BANK_150,"Schmidt, Hansen and Stewart Rural Bank",Eastern,Medium,2021,Q3,3,2021-Q3,71.39,28.34,13.03,14.17,26.74,78.88,0,Healthy
BANK_150,"Schmidt, Hansen and Stewart Rural Bank",Eastern,Medium,2021,Q4,4,2021-Q4,76.82,29.27,13.15,14.02,37.62,63.83,0,Healthy
BANK_150,"Schmidt, Hansen and Stewart Rural Bank",Eastern,Medium,2022,Q1,5,2022-Q1,80.05,29.17,13.18,14.19,43.36,46.56,0,Healthy
BANK_150,"Schmidt, Hansen and Stewart Rural Bank",Eastern,Medium,2022,Q2,6,2022-Q2,84.46,29.28,13.27,14.43,39.69,49.49,0,Healthy
BANK_150,"Schmidt, Hansen and Stewart Rural Bank",Eastern,Medium,2022,Q3,7,2022-Q3,79.18,30.11,13.42,14.55,25.76,64.43,0,Healthy
BANK_150,"Schmidt, Hansen and Stewart Rural Bank",Eastern,Medium,2022,Q4,8,2022-Q4,82.85,29.72,13.74,14.39,23.56,72.52,0,Healthy
BANK_150,"Schmidt, Hansen and Stewart Rural Bank",Eastern,Medium,2023,Q1,9,2023-Q1,90.01,29.68,13.78,14.87,28.69,86.45,0,Healthy
BANK_150,"Schmidt, Hansen and Stewart Rural Bank",Eastern,Medium,2023,Q2,10,2023-Q2,93.21,29.8,13.73,14.48,29.57,68.86,0,Healthy
BANK_150,"Schmidt, Hansen and Stewart Rural Bank",Eastern,Medium,2023,Q3,11,2023-Q3,97.63,28.44,13.83,14.38,21.65,78.04,0,Healthy
BANK_150,"Schmidt, Hansen and Stewart Rural Bank",Eastern,Medium,2023,Q4,12,2023-Q4,94.2,28.12,13.79,14.69,17.65,60.12,0,Healthy
BANK_151,Salazar-Ball Rural Bank,Eastern,Large,2021,Q1,1,2021-Q1,433.95,21.17,23.9,12.84,15.58,83.96,0,Healthy
BANK_151,Salazar-Ball Rural Bank,Eastern,Large,2021,Q2,2,2021-Q2,410.94,20.58,23.56,12.97,21.02,60.6,0,Healthy
BANK_151,Salazar-Ball Rural Bank,Eastern,Large,2021,Q3,3,2021-Q3,416.49,20.46,23.48,13.42,19.58,86.54,0,Healthy
BANK_151,Salazar-Ball Rural Bank,Eastern,Large,2021,Q4,4,2021-Q4,451.61,21.07,23.5,13.6,6.7,47.69,0,Healthy
BANK_151,Salazar-Ball Rural Bank,Eastern,Large,2022,Q1,5,2022-Q1,450.83,21.68,22.87,13.45,22.36,79.73,0,Healthy
BANK_151,Salazar-Ball Rural Bank,Eastern,Large,2022,Q2,6,2022-Q2,462.23,22.39,22.96,12.94,10.55,45.8,0,Healthy
BANK_151,Salazar-Ball Rural Bank,Eastern,Large,2022,Q3,7,2022-Q3,447.29,21.06,22.71,13.01,18.74,49.61,0,Healthy
BANK_151,Salazar-Ball Rural Bank,Eastern,Large,2022,Q4,8,2022-Q4,433.54,21.3,22.38,13.52,16.71,87.86,0,Healthy
BANK_151,Salazar-Ball Rural Bank,Eastern,Large,2023,Q1,9,2023-Q1,476.8,20.53,22.16,13.18,10.06,90.74,0,Healthy
BANK_151,Salazar-Ball Rural Bank,Eastern,Large,2023,Q2,10,2023-Q2,518.21,20.99,21.95,12.54,9.3,74.35,0,Healthy
BANK_151,Salazar-Ball Rural Bank,Eastern,Large,2023,Q3,11,2023-Q3,522.67,21.14,22.2,12.79,17.42,54.84,0,Healthy
BANK_151,Salazar-Ball Rural Bank,Eastern,Large,2023,Q4,12,2023-Q4,504.51,20.67,21.89,13.05,7.2,77.91,0,Healthy
BANK_152,"Simmons, Meadows and Griffin Rural Bank",Western,Medium,2021,Q1,1,2021-Q1,126.89,15.44,15.49,13.72,21.37,74.93,0,Healthy
BANK_152,"Simmons, Meadows and Griffin Rural Bank",Western,Medium,2021,Q2,2,2021-Q2,124.7,15.21,15.53,13.72,20.13,47.72,0,Healthy
BANK_152,"Simmons, Meadows and Griffin Rural Bank",Western,Medium,2021,Q3,3,2021-Q3,125.14,14.22,15.46,13.74,23.44,59.94,1,High-Risk
BANK_152,"Simmons, Meadows and Griffin Rural Bank",Western,Medium,2021,Q4,4,2021-Q4,138.78,14.5,15.51,13.52,37.94,69.37,1,High-Risk
BANK_152,"Simmons, Meadows and Griffin Rural Bank",Western,Medium,2022,Q1,5,2022-Q1,131.3,14.94,15.53,13.53,11.74,78.97,1,High-Risk
BANK_152,"Simmons, Meadows and Griffin Rural Bank",Western,Medium,2022,Q2,6,2022-Q2,133.9,14.69,15.56,13.02,21.09,47.51,1,High-Risk
BANK_152,"Simmons, Meadows and Griffin Rural Bank",Western,Medium,2022,Q3,7,2022-Q3,132.34,15.21,15.41,13.49,30.4,48.42,0,Healthy
BANK_152,"Simmons, Meadows and Griffin Rural Bank",Western,Medium,2022,Q4,8,2022-Q4,114.56,14.85,15.24,14.18,25.2,53.45,1,High-Risk
BANK_152,"Simmons, Meadows and Griffin Rural Bank",Western,Medium,2023,Q1,9,2023-Q1,112.45,14.64,15.07,14.35,18.46,92.53,1,High-Risk
BANK_152,"Simmons, Meadows and Griffin Rural Bank",Western,Medium,2023,Q2,10,2023-Q2,125.69,16.57,15.29,13.94,35.65,93.0,0,Healthy
BANK_152,"Simmons, Meadows and Griffin Rural Bank",Western,Medium,2023,Q3,11,2023-Q3,123.17,15.47,15.34,14.56,31.67,56.24,0,Healthy
BANK_152,"Simmons, Meadows and Griffin Rural Bank",Western,Medium,2023,Q4,12,2023-Q4,124.4,15.73,15.09,14.58,31.82,75.07,0,Healthy
BANK_153,Manning Group Rural Bank,Northern,Medium,2021,Q1,1,2021-Q1,114.17,43.32,24.86,6.94,6.14,51.09,0,Healthy
BANK_153,Manning Group Rural Bank,Northern,Medium,2021,Q2,2,2021-Q2,133.56,43.45,25.3,6.98,16.14,69.69,0,Healthy
BANK_153,Manning Group Rural Bank,Northern,Medium,2021,Q3,3,2021-Q3,120.46,41.52,25.37,7.2,19.65,57.27,0,Healthy
BANK_153,Manning Group Rural Bank,Northern,Medium,2021,Q4,4,2021-Q4,129.39,40.3,25.75,7.26,7.87,50.9,0,Healthy
BANK_153,Manning Group Rural Bank,Northern,Medium,2022,Q1,5,2022-Q1,121.13,43.49,25.63,7.33,12.73,53.32,0,Healthy
BANK_153,Manning Group Rural Bank,Northern,Medium,2022,Q2,6,2022-Q2,132.17,42.98,25.67,7.25,6.39,42.19,0,Healthy
BANK_153,Manning Group Rural Bank,Northern,Medium,2022,Q3,7,2022-Q3,149.93,44.87,25.91,7.11,13.99,58.82,0,Healthy
BANK_153,Manning Group Rural Bank,Northern,Medium,2022,Q4,8,2022-Q4,136.48,44.54,25.65,7.56,8.89,94.99,0,Healthy
BANK_153,Manning Group Rural Bank,Northern,Medium,2023,Q1,9,2023-Q1,131.55,45.4,25.57,7.99,22.39,56.13,0,Healthy
BANK_153,Manning Group Rural Bank,Northern,Medium,2023,Q2,10,2023-Q2,138.54,47.18,25.57,7.95,4.34,47.02,0,Healthy
BANK_153,Manning Group Rural Bank,Northern,Medium,2023,Q3,11,2023-Q3,154.62,48.96,25.29,8.01,6.8,75.48,0,Healthy
BANK_153,Manning Group Rural Bank,Northern,Medium,2023,Q4,12,2023-Q4,155.3,47.83,25.29,8.02,11.95,77.58,0,Healthy
BANK_154,Green-Wright Rural Bank,Bono,Medium,2021,Q1,1,2021-Q1,159.38,33.39,16.12,8.44,22.97,47.58,0,Healthy
BANK_154,Green-Wright Rural Bank,Bono,Medium,2021,Q2,2,2021-Q2,151.73,33.35,16.03,8.47,28.92,46.7,0,Healthy
BANK_154,Green-Wright Rural Bank,Bono,Medium,2021,Q3,3,2021-Q3,163.56,32.92,16.17,8.22,25.01,69.48,0,Healthy
BANK_154,Green-Wright Rural Bank,Bono,Medium,2021,Q4,4,2021-Q4,168.82,31.83,15.91,8.59,35.93,71.32,0,Healthy
BANK_154,Green-Wright Rural Bank,Bono,Medium,2022,Q1,5,2022-Q1,169.59,31.65,15.84,8.67,18.42,53.82,0,Healthy
BANK_154,Green-Wright Rural Bank,Bono,Medium,2022,Q2,6,2022-Q2,163.23,31.64,15.87,8.56,21.06,83.1,0,Healthy
BANK_154,Green-Wright Rural Bank,Bono,Medium,2022,Q3,7,2022-Q3,160.4,31.92,15.9,8.66,6.03,79.91,0,Healthy
BANK_154,Green-Wright Rural Bank,Bono,Medium,2022,Q4,8,2022-Q4,148.08,31.0,15.78,9.06,10.84,46.17,0,Healthy
BANK_154,Green-Wright Rural Bank,Bono,Medium,2023,Q1,9,2023-Q1,155.9,31.6,16.07,9.07,17.92,50.89,0,Healthy
BANK_154,Green-Wright Rural Bank,Bono,Medium,2023,Q2,10,2023-Q2,152.69,30.3,16.14,9.38,11.92,80.05,0,Healthy
BANK_154,Green-Wright Rural Bank,Bono,Medium,2023,Q3,11,2023-Q3,143.99,29.96,16.09,9.46,17.38,76.88,0,Healthy
BANK_154,Green-Wright Rural Bank,Bono,Medium,2023,Q4,12,2023-Q4,149.74,31.4,15.94,9.23,22.68,44.3,0,Healthy
BANK_155,"Ramirez, Strickland and Washington Rural Bank",Western,Small,2021,Q1,1,2021-Q1,29.47,7.07,16.21,19.89,11.88,83.59,1,High-Risk
BANK_155,"Ramirez, Strickland and Washington Rural Bank",Western,Small,2021,Q2,2,2021-Q2,31.31,7.38,16.22,19.62,12.75,45.63,1,High-Risk
BANK_155,"Ramirez, Strickland and Washington Rural Bank",Western,Small,2021,Q3,3,2021-Q3,32.02,7.2,16.02,19.81,15.19,93.78,1,High-Risk
BANK_155,"Ramirez, Strickland and Washington Rural Bank",Western,Small,2021,Q4,4,2021-Q4,33.03,7.04,15.86,20.17,30.41,84.69,1,High-Risk
BANK_155,"Ramirez, Strickland and Washington Rural Bank",Western,Small,2022,Q1,5,2022-Q1,32.31,6.93,15.91,20.22,11.68,50.36,1,High-Risk
BANK_155,"Ramirez, Strickland and Washington Rural Bank",Western,Small,2022,Q2,6,2022-Q2,34.47,7.02,16.08,19.84,9.41,56.87,1,High-Risk
BANK_155,"Ramirez, Strickland and Washington Rural Bank",Western,Small,2022,Q3,7,2022-Q3,32.22,6.98,15.91,19.82,13.26,46.5,1,High-Risk
BANK_155,"Ramirez, Strickland and Washington Rural Bank",Western,Small,2022,Q4,8,2022-Q4,28.97,6.82,15.8,21.34,34.84,69.43,1,High-Risk
BANK_155,"Ramirez, Strickland and Washington Rural Bank",Western,Small,2023,Q1,9,2023-Q1,29.1,7.01,15.83,21.14,36.8,66.85,1,High-Risk
BANK_155,"Ramirez, Strickland and Washington Rural Bank",Western,Small,2023,Q2,10,2023-Q2,32.42,7.17,15.94,19.54,5.77,87.56,1,High-Risk
BANK_155,"Ramirez, Strickland and Washington Rural Bank",Western,Small,2023,Q3,11,2023-Q3,32.26,7.0,15.98,20.01,19.41,57.74,1,High-Risk
BANK_155,"Ramirez, Strickland and Washington Rural Bank",Western,Small,2023,Q4,12,2023-Q4,30.18,6.7,16.21,20.86,24.57,75.35,1,High-Risk
BANK_156,Hill Inc Rural Bank,Western,Medium,2021,Q1,1,2021-Q1,131.18,16.84,19.39,10.52,7.16,49.45,0,Healthy
BANK_156,Hill Inc Rural Bank,Western,Medium,2021,Q2,2,2021-Q2,137.91,16.93,19.1,10.77,15.84,89.51,0,Healthy
BANK_156,Hill Inc Rural Bank,Western,Medium,2021,Q3,3,2021-Q3,155.66,17.22,19.19,10.95,12.55,43.46,0,Healthy
BANK_156,Hill Inc Rural Bank,Western,Medium,2021,Q4,4,2021-Q4,160.56,16.43,19.27,11.35,10.74,67.83,0,Healthy
BANK_156,Hill Inc Rural Bank,Western,Medium,2022,Q1,5,2022-Q1,173.41,17.08,19.54,11.57,29.35,60.72,0,Healthy
BANK_156,Hill Inc Rural Bank,Western,Medium,2022,Q2,6,2022-Q2,176.98,17.86,19.71,11.2,27.7,67.27,0,Healthy
BANK_156,Hill Inc Rural Bank,Western,Medium,2022,Q3,7,2022-Q3,183.31,16.98,19.98,11.3,7.76,85.04,0,Healthy
BANK_156,Hill Inc Rural Bank,Western,Medium,2022,Q4,8,2022-Q4,168.45,16.11,20.06,11.9,10.11,48.78,0,Healthy
BANK_156,Hill Inc Rural Bank,Western,Medium,2023,Q1,9,2023-Q1,163.42,15.85,20.12,12.23,18.92,94.88,0,Healthy
BANK_156,Hill Inc Rural Bank,Western,Medium,2023,Q2,10,2023-Q2,185.23,15.76,20.08,12.0,28.15,75.87,0,Healthy
BANK_156,Hill Inc Rural Bank,Western,Medium,2023,Q3,11,2023-Q3,196.5,16.23,19.73,12.54,21.34,64.87,0,Healthy
BANK_156,Hill Inc Rural Bank,Western,Medium,2023,Q4,12,2023-Q4,204.59,15.54,19.94,12.96,26.93,83.81,0,Healthy
BANK_157,"Mitchell, Nelson and Flores Rural Bank",Central,Medium,2021,Q1,1,2021-Q1,107.43,22.6,12.36,11.68,8.54,67.21,0,Healthy
BANK_157,"Mitchell, Nelson and Flores Rural Bank",Central,Medium,2021,Q2,2,2021-Q2,106.27,22.15,12.29,11.55,30.73,84.98,0,Healthy
BANK_157,"Mitchell, Nelson and Flores Rural Bank",Central,Medium,2021,Q3,3,2021-Q3,100.45,22.28,12.18,11.6,13.99,52.06,0,Healthy
BANK_157,"Mitchell, Nelson and Flores Rural Bank",Central,Medium,2021,Q4,4,2021-Q4,100.82,22.89,12.05,11.88,12.12,87.86,0,Healthy
BANK_157,"Mitchell, Nelson and Flores Rural Bank",Central,Medium,2022,Q1,5,2022-Q1,106.93,22.05,12.14,12.08,47.55,53.51,0,Healthy
BANK_157,"Mitchell, Nelson and Flores Rural Bank",Central,Medium,2022,Q2,6,2022-Q2,130.78,23.45,11.87,11.18,47.61,75.81,1,High-Risk
BANK_157,"Mitchell, Nelson and Flores Rural Bank",Central,Medium,2022,Q3,7,2022-Q3,140.13,23.8,11.92,10.62,19.75,52.01,1,High-Risk
BANK_157,"Mitchell, Nelson and Flores Rural Bank",Central,Medium,2022,Q4,8,2022-Q4,131.3,23.41,11.99,10.65,46.01,84.51,1,High-Risk
BANK_157,"Mitchell, Nelson and Flores Rural Bank",Central,Medium,2023,Q1,9,2023-Q1,140.98,24.06,12.13,10.59,21.9,77.04,0,Healthy
BANK_157,"Mitchell, Nelson and Flores Rural Bank",Central,Medium,2023,Q2,10,2023-Q2,153.5,24.39,12.19,10.86,44.53,41.1,0,Healthy
BANK_157,"Mitchell, Nelson and Flores Rural Bank",Central,Medium,2023,Q3,11,2023-Q3,148.32,24.02,12.0,11.05,13.57,73.49,0,Healthy
BANK_157,"Mitchell, Nelson and Flores Rural Bank",Central,Medium,2023,Q4,12,2023-Q4,155.25,23.19,11.97,11.14,46.54,80.14,1,High-Risk
BANK_158,"Miller, Hernandez and Reyes Rural Bank",Western,Large,2021,Q1,1,2021-Q1,663.79,34.21,10.72,6.71,31.61,89.84,1,High-Risk
BANK_158,"Miller, Hernandez and Reyes Rural Bank",Western,Large,2021,Q2,2,2021-Q2,662.78,33.26,10.73,6.83,44.02,70.04,1,High-Risk
BANK_158,"Miller, Hernandez and Reyes Rural Bank",Western,Large,2021,Q3,3,2021-Q3,626.1,32.13,10.65,6.86,31.73,41.41,1,High-Risk
BANK_158,"Miller, Hernandez and Reyes Rural Bank",Western,Large,2021,Q4,4,2021-Q4,636.49,34.13,10.55,6.87,49.79,93.48,1,High-Risk
BANK_158,"Miller, Hernandez and Reyes Rural Bank",Western,Large,2022,Q1,5,2022-Q1,686.94,33.99,10.5,6.89,40.69,67.07,1,High-Risk
BANK_158,"Miller, Hernandez and Reyes Rural Bank",Western,Large,2022,Q2,6,2022-Q2,777.23,35.16,10.51,6.74,8.01,84.89,1,High-Risk
BANK_158,"Miller, Hernandez and Reyes Rural Bank",Western,Large,2022,Q3,7,2022-Q3,868.3,34.56,10.59,6.78,44.39,51.65,1,High-Risk
BANK_158,"Miller, Hernandez and Reyes Rural Bank",Western,Large,2022,Q4,8,2022-Q4,828.14,33.52,10.52,7.29,32.05,74.74,1,High-Risk
BANK_158,"Miller, Hernandez and Reyes Rural Bank",Western,Large,2023,Q1,9,2023-Q1,864.89,34.57,10.64,7.51,32.34,58.69,1,High-Risk
BANK_158,"Miller, Hernandez and Reyes Rural Bank",Western,Large,2023,Q2,10,2023-Q2,1032.6,36.76,10.75,7.03,27.17,92.3,1,High-Risk
BANK_158,"Miller, Hernandez and Reyes Rural Bank",Western,Large,2023,Q3,11,2023-Q3,984.81,36.02,10.82,7.19,38.59,41.34,1,High-Risk
BANK_158,"Miller, Hernandez and Reyes Rural Bank",Western,Large,2023,Q4,12,2023-Q4,924.37,34.2,10.63,7.61,28.5,68.26,1,High-Risk
BANK_159,Mccarthy Inc Rural Bank,Central,Small,2021,Q1,1,2021-Q1,44.78,16.38,14.59,8.46,30.33,49.29,0,Healthy
BANK_159,Mccarthy Inc Rural Bank,Central,Small,2021,Q2,2,2021-Q2,43.5,17.23,14.45,8.7,23.53,56.68,0,Healthy
BANK_159,Mccarthy Inc Rural Bank,Central,Small,2021,Q3,3,2021-Q3,42.69,16.67,14.6,8.79,8.57,66.67,0,Healthy
BANK_159,Mccarthy Inc Rural Bank,Central,Small,2021,Q4,4,2021-Q4,42.57,16.42,14.26,9.25,11.59,94.77,0,Healthy
BANK_159,Mccarthy Inc Rural Bank,Central,Small,2022,Q1,5,2022-Q1,42.55,17.66,14.36,9.18,37.02,51.2,0,Healthy
BANK_159,Mccarthy Inc Rural Bank,Central,Small,2022,Q2,6,2022-Q2,50.07,17.77,14.43,8.49,31.85,57.62,0,Healthy
BANK_159,Mccarthy Inc Rural Bank,Central,Small,2022,Q3,7,2022-Q3,53.64,18.61,14.48,8.19,40.46,46.55,0,Healthy
BANK_159,Mccarthy Inc Rural Bank,Central,Small,2022,Q4,8,2022-Q4,50.49,17.57,14.49,8.63,23.48,48.23,0,Healthy
BANK_159,Mccarthy Inc Rural Bank,Central,Small,2023,Q1,9,2023-Q1,53.27,18.02,14.46,8.18,21.93,52.43,0,Healthy
BANK_159,Mccarthy Inc Rural Bank,Central,Small,2023,Q2,10,2023-Q2,56.49,17.82,14.4,8.32,19.36,45.73,0,Healthy
BANK_159,Mccarthy Inc Rural Bank,Central,Small,2023,Q3,11,2023-Q3,56.33,18.16,14.29,8.49,41.83,54.74,0,Healthy
BANK_159,Mccarthy Inc Rural Bank,Central,Small,2023,Q4,12,2023-Q4,60.23,17.68,14.3,8.57,31.09,89.8,0,Healthy
BANK_160,Russell-Daniels Rural Bank,Ashanti,Medium,2021,Q1,1,2021-Q1,113.48,27.3,15.12,3.03,9.74,88.44,0,Healthy
BANK_160,Russell-Daniels Rural Bank,Ashanti,Medium,2021,Q2,2,2021-Q2,106.61,25.65,14.8,3.05,25.02,58.8,0,Healthy
BANK_160,Russell-Daniels Rural Bank,Ashanti,Medium,2021,Q3,3,2021-Q3,101.89,24.88,14.84,3.02,40.4,66.35,0,Healthy
BANK_160,Russell-Daniels Rural Bank,Ashanti,Medium,2021,Q4,4,2021-Q4,100.11,25.34,15.12,2.88,8.4,68.45,0,Healthy
BANK_160,Russell-Daniels Rural Bank,Ashanti,Medium,2022,Q1,5,2022-Q1,101.74,24.64,14.92,2.87,19.16,61.61,0,Healthy
BANK_160,Russell-Daniels Rural Bank,Ashanti,Medium,2022,Q2,6,2022-Q2,120.3,24.87,15.03,2.73,30.88,54.43,0,Healthy
BANK_160,Russell-Daniels Rural Bank,Ashanti,Medium,2022,Q3,7,2022-Q3,112.08,23.69,15.18,2.83,22.67,90.2,0,Healthy
BANK_160,Russell-Daniels Rural Bank,Ashanti,Medium,2022,Q4,8,2022-Q4,112.91,23.68,14.96,3.0,9.88,61.64,0,Healthy
BANK_160,Russell-Daniels Rural Bank,Ashanti,Medium,2023,Q1,9,2023-Q1,113.24,23.85,15.19,3.07,33.01,52.17,0,Healthy
BANK_160,Russell-Daniels Rural Bank,Ashanti,Medium,2023,Q2,10,2023-Q2,117.87,24.07,14.93,3.01,32.02,46.04,0,Healthy
BANK_160,Russell-Daniels Rural Bank,Ashanti,Medium,2023,Q3,11,2023-Q3,113.01,23.64,15.1,3.01,21.0,75.45,0,Healthy
BANK_160,Russell-Daniels Rural Bank,Ashanti,Medium,2023,Q4,12,2023-Q4,106.89,23.53,15.21,2.98,24.2,79.87,0,Healthy
BANK_161,Brown-Wall Rural Bank,Greater Accra,Small,2021,Q1,1,2021-Q1,5.34,27.5,8.69,7.1,42.8,65.66,1,High-Risk
BANK_161,Brown-Wall Rural Bank,Greater Accra,Small,2021,Q2,2,2021-Q2,5.26,27.54,8.87,7.14,30.64,83.7,1,High-Risk
BANK_161,Brown-Wall Rural Bank,Greater Accra,Small,2021,Q3,3,2021-Q3,5.0,28.94,8.86,7.48,33.01,88.91,1,High-Risk
BANK_161,Brown-Wall Rural Bank,Greater Accra,Small,2021,Q4,4,2021-Q4,5.36,27.78,8.89,7.7,30.79,80.32,1,High-Risk
BANK_161,Brown-Wall Rural Bank,Greater Accra,Small,2022,Q1,5,2022-Q1,5.45,26.71,8.91,7.26,54.98,70.08,1,High-Risk
BANK_161,Brown-Wall Rural Bank,Greater Accra,Small,2022,Q2,6,2022-Q2,5.93,27.0,8.72,7.3,53.0,57.42,1,High-Risk
BANK_161,Brown-Wall Rural Bank,Greater Accra,Small,2022,Q3,7,2022-Q3,5.97,27.78,8.83,7.61,34.82,66.41,1,High-Risk
BANK_161,Brown-Wall Rural Bank,Greater Accra,Small,2022,Q4,8,2022-Q4,4.91,28.47,8.86,8.14,43.28,40.02,1,High-Risk
BANK_161,Brown-Wall Rural Bank,Greater Accra,Small,2023,Q1,9,2023-Q1,4.8,28.17,9.08,8.22,50.76,58.89,1,High-Risk
BANK_161,Brown-Wall Rural Bank,Greater Accra,Small,2023,Q2,10,2023-Q2,5.52,28.72,9.12,8.37,20.94,60.73,1,High-Risk
BANK_161,Brown-Wall Rural Bank,Greater Accra,Small,2023,Q3,11,2023-Q3,6.18,28.73,9.12,8.23,63.57,79.44,1,High-Risk
BANK_161,Brown-Wall Rural Bank,Greater Accra,Small,2023,Q4,12,2023-Q4,7.11,26.8,9.05,8.34,12.23,49.6,1,High-Risk
BANK_162,Stein-Silva Rural Bank,Central,Small,2021,Q1,1,2021-Q1,46.98,21.79,19.79,7.44,24.93,85.33,0,Healthy
BANK_162,Stein-Silva Rural Bank,Central,Small,2021,Q2,2,2021-Q2,47.36,20.86,19.66,7.62,29.73,63.71,0,Healthy
BANK_162,Stein-Silva Rural Bank,Central,Small,2021,Q3,3,2021-Q3,46.3,19.65,19.71,7.67,9.6,60.71,0,Healthy
BANK_162,Stein-Silva Rural Bank,Central,Small,2021,Q4,4,2021-Q4,40.26,19.95,19.74,7.7,10.21,48.95,0,Healthy
BANK_162,Stein-Silva Rural Bank,Central,Small,2022,Q1,5,2022-Q1,35.97,19.96,19.97,7.81,11.75,72.79,0,Healthy
BANK_162,Stein-Silva Rural Bank,Central,Small,2022,Q2,6,2022-Q2,39.91,20.08,19.64,7.37,26.43,56.98,0,Healthy
BANK_162,Stein-Silva Rural Bank,Central,Small,2022,Q3,7,2022-Q3,41.34,21.09,19.42,7.43,15.7,64.18,0,Healthy
BANK_162,Stein-Silva Rural Bank,Central,Small,2022,Q4,8,2022-Q4,41.49,20.75,19.44,7.65,23.55,62.41,0,Healthy
BANK_162,Stein-Silva Rural Bank,Central,Small,2023,Q1,9,2023-Q1,44.82,20.7,19.01,7.47,9.47,47.48,0,Healthy
BANK_162,Stein-Silva Rural Bank,Central,Small,2023,Q2,10,2023-Q2,45.59,19.82,19.02,7.45,19.55,57.5,0,Healthy
BANK_162,Stein-Silva Rural Bank,Central,Small,2023,Q3,11,2023-Q3,41.24,19.63,18.97,7.53,18.47,61.97,0,Healthy
BANK_162,Stein-Silva Rural Bank,Central,Small,2023,Q4,12,2023-Q4,42.72,19.95,18.81,7.54,7.38,94.92,0,Healthy
BANK_163,"Smith, Gilmore and Johnston Rural Bank",Bono,Medium,2021,Q1,1,2021-Q1,125.74,32.12,25.96,5.62,17.29,74.85,0,Healthy
BANK_163,"Smith, Gilmore and Johnston Rural Bank",Bono,Medium,2021,Q2,2,2021-Q2,137.4,32.02,26.25,5.52,5.6,80.18,0,Healthy
BANK_163,"Smith, Gilmore and Johnston Rural Bank",Bono,Medium,2021,Q3,3,2021-Q3,132.51,30.43,25.89,5.69,9.9,63.64,0,Healthy
BANK_163,"Smith, Gilmore and Johnston Rural Bank",Bono,Medium,2021,Q4,4,2021-Q4,135.29,28.66,26.08,5.8,17.15,45.26,0,Healthy
BANK_163,"Smith, Gilmore and Johnston Rural Bank",Bono,Medium,2022,Q1,5,2022-Q1,134.7,28.49,25.83,5.68,11.14,75.27,0,Healthy
BANK_163,"Smith, Gilmore and Johnston Rural Bank",Bono,Medium,2022,Q2,6,2022-Q2,145.65,28.8,25.9,5.83,18.93,59.68,0,Healthy
BANK_163,"Smith, Gilmore and Johnston Rural Bank",Bono,Medium,2022,Q3,7,2022-Q3,145.27,29.79,25.57,5.8,13.04,85.37,0,Healthy
BANK_163,"Smith, Gilmore and Johnston Rural Bank",Bono,Medium,2022,Q4,8,2022-Q4,126.73,28.52,25.32,5.99,16.27,68.35,0,Healthy
BANK_163,"Smith, Gilmore and Johnston Rural Bank",Bono,Medium,2023,Q1,9,2023-Q1,135.9,28.43,25.67,6.13,5.85,92.14,0,Healthy
BANK_163,"Smith, Gilmore and Johnston Rural Bank",Bono,Medium,2023,Q2,10,2023-Q2,141.53,28.08,25.44,6.43,9.11,53.16,0,Healthy
BANK_163,"Smith, Gilmore and Johnston Rural Bank",Bono,Medium,2023,Q3,11,2023-Q3,132.51,26.7,25.65,6.55,9.03,67.45,0,Healthy
BANK_163,"Smith, Gilmore and Johnston Rural Bank",Bono,Medium,2023,Q4,12,2023-Q4,140.83,28.2,25.37,6.47,15.88,55.05,0,Healthy
BANK_164,Smith-Bell Rural Bank,Greater Accra,Small,2021,Q1,1,2021-Q1,16.53,35.08,23.45,3.66,12.53,49.07,0,Healthy
BANK_164,Smith-Bell Rural Bank,Greater Accra,Small,2021,Q2,2,2021-Q2,19.21,33.75,23.28,3.82,25.56,69.83,0,Healthy
BANK_164,Smith-Bell Rural Bank,Greater Accra,Small,2021,Q3,3,2021-Q3,18.58,35.66,23.46,3.81,4.68,63.28,0,Healthy
BANK_164,Smith-Bell Rural Bank,Greater Accra,Small,2021,Q4,4,2021-Q4,17.14,36.09,23.51,3.91,6.12,44.95,0,Healthy
BANK_164,Smith-Bell Rural Bank,Greater Accra,Small,2022,Q1,5,2022-Q1,18.36,35.2,23.68,4.05,9.74,45.76,0,Healthy
BANK_164,Smith-Bell Rural Bank,Greater Accra,Small,2022,Q2,6,2022-Q2,17.87,36.25,23.54,4.0,23.04,94.35,0,Healthy
BANK_164,Smith-Bell Rural Bank,Greater Accra,Small,2022,Q3,7,2022-Q3,18.5,37.19,23.26,3.95,7.44,94.5,0,Healthy
BANK_164,Smith-Bell Rural Bank,Greater Accra,Small,2022,Q4,8,2022-Q4,16.24,35.56,23.38,4.14,12.21,42.54,0,Healthy
BANK_164,Smith-Bell Rural Bank,Greater Accra,Small,2023,Q1,9,2023-Q1,17.53,35.76,23.32,4.16,6.71,85.42,0,Healthy
BANK_164,Smith-Bell Rural Bank,Greater Accra,Small,2023,Q2,10,2023-Q2,16.16,36.94,23.11,4.25,7.4,83.51,0,Healthy
BANK_164,Smith-Bell Rural Bank,Greater Accra,Small,2023,Q3,11,2023-Q3,16.32,38.17,23.01,4.21,12.93,77.28,0,Healthy
BANK_164,Smith-Bell Rural Bank,Greater Accra,Small,2023,Q4,12,2023-Q4,17.32,39.19,22.78,4.23,7.35,75.65,0,Healthy
BANK_165,Castaneda-Ashley Rural Bank,Greater Accra,Small,2021,Q1,1,2021-Q1,18.69,31.87,20.36,14.55,12.58,92.08,0,Healthy
BANK_165,Castaneda-Ashley Rural Bank,Greater Accra,Small,2021,Q2,2,2021-Q2,19.38,30.61,20.54,14.85,18.3,45.98,0,Healthy
BANK_165,Castaneda-Ashley Rural Bank,Greater Accra,Small,2021,Q3,3,2021-Q3,19.15,29.71,20.41,15.72,12.77,83.01,1,High-Risk
BANK_165,Castaneda-Ashley Rural Bank,Greater Accra,Small,2021,Q4,4,2021-Q4,18.61,30.48,20.85,15.77,17.09,47.43,1,High-Risk
BANK_165,Castaneda-Ashley Rural Bank,Greater Accra,Small,2022,Q1,5,2022-Q1,18.63,30.55,20.63,15.94,8.09,75.19,1,High-Risk
BANK_165,Castaneda-Ashley Rural Bank,Greater Accra,Small,2022,Q2,6,2022-Q2,17.84,30.58,20.82,15.36,10.03,72.5,1,High-Risk
BANK_165,Castaneda-Ashley Rural Bank,Greater Accra,Small,2022,Q3,7,2022-Q3,18.68,29.33,20.93,15.38,7.07,43.28,1,High-Risk
BANK_165,Castaneda-Ashley Rural Bank,Greater Accra,Small,2022,Q4,8,2022-Q4,18.35,28.86,20.77,15.75,9.54,40.32,1,High-Risk
BANK_165,Castaneda-Ashley Rural Bank,Greater Accra,Small,2023,Q1,9,2023-Q1,18.19,29.0,20.57,15.58,7.98,91.92,1,High-Risk
BANK_165,Castaneda-Ashley Rural Bank,Greater Accra,Small,2023,Q2,10,2023-Q2,18.64,29.41,20.46,16.26,28.06,51.62,1,High-Risk
BANK_165,Castaneda-Ashley Rural Bank,Greater Accra,Small,2023,Q3,11,2023-Q3,19.49,30.4,20.34,16.11,13.78,46.46,1,High-Risk
BANK_165,Castaneda-Ashley Rural Bank,Greater Accra,Small,2023,Q4,12,2023-Q4,21.17,29.69,20.27,15.59,25.39,83.22,1,High-Risk
BANK_166,Medina-Navarro Rural Bank,Eastern,Small,2021,Q1,1,2021-Q1,15.82,21.44,26.02,4.88,4.85,68.77,0,Healthy
BANK_166,Medina-Navarro Rural Bank,Eastern,Small,2021,Q2,2,2021-Q2,15.45,21.25,26.46,5.0,16.23,78.21,0,Healthy
BANK_166,Medina-Navarro Rural Bank,Eastern,Small,2021,Q3,3,2021-Q3,16.32,21.12,26.36,4.85,11.2,91.31,0,Healthy
BANK_166,Medina-Navarro Rural Bank,Eastern,Small,2021,Q4,4,2021-Q4,18.3,21.28,26.38,4.85,10.72,69.95,0,Healthy
BANK_166,Medina-Navarro Rural Bank,Eastern,Small,2022,Q1,5,2022-Q1,18.41,21.5,25.89,4.69,12.43,93.2,0,Healthy
BANK_166,Medina-Navarro Rural Bank,Eastern,Small,2022,Q2,6,2022-Q2,19.17,20.82,25.92,4.63,13.54,74.02,0,Healthy
BANK_166,Medina-Navarro Rural Bank,Eastern,Small,2022,Q3,7,2022-Q3,19.43,20.65,26.37,4.75,18.4,66.57,0,Healthy
BANK_166,Medina-Navarro Rural Bank,Eastern,Small,2022,Q4,8,2022-Q4,19.38,20.25,26.7,4.81,10.13,63.59,0,Healthy
BANK_166,Medina-Navarro Rural Bank,Eastern,Small,2023,Q1,9,2023-Q1,19.82,20.87,26.97,4.75,11.69,58.04,0,Healthy
BANK_166,Medina-Navarro Rural Bank,Eastern,Small,2023,Q2,10,2023-Q2,21.62,21.68,26.81,4.73,4.41,85.16,0,Healthy
BANK_166,Medina-Navarro Rural Bank,Eastern,Small,2023,Q3,11,2023-Q3,21.13,21.96,26.66,4.87,13.96,50.25,0,Healthy
BANK_166,Medina-Navarro Rural Bank,Eastern,Small,2023,Q4,12,2023-Q4,21.21,21.77,26.84,4.94,21.89,56.0,0,Healthy
BANK_167,"Hurst, Freeman and Nelson Rural Bank",Western,Small,2021,Q1,1,2021-Q1,12.28,23.02,15.94,11.47,10.74,62.93,0,Healthy
BANK_167,"Hurst, Freeman and Nelson Rural Bank",Western,Small,2021,Q2,2,2021-Q2,12.26,24.58,15.9,11.62,6.8,67.95,0,Healthy
BANK_167,"Hurst, Freeman and Nelson Rural Bank",Western,Small,2021,Q3,3,2021-Q3,12.4,24.82,15.68,11.86,27.22,47.75,0,Healthy
BANK_167,"Hurst, Freeman and Nelson Rural Bank",Western,Small,2021,Q4,4,2021-Q4,12.32,25.59,15.78,11.62,14.61,93.94,0,Healthy
BANK_167,"Hurst, Freeman and Nelson Rural Bank",Western,Small,2022,Q1,5,2022-Q1,12.98,25.0,15.72,11.84,28.38,57.98,0,Healthy
BANK_167,"Hurst, Freeman and Nelson Rural Bank",Western,Small,2022,Q2,6,2022-Q2,14.45,25.36,15.89,11.59,34.47,91.2,0,Healthy
BANK_167,"Hurst, Freeman and Nelson Rural Bank",Western,Small,2022,Q3,7,2022-Q3,15.21,25.34,15.69,11.53,19.82,58.5,0,Healthy
BANK_167,"Hurst, Freeman and Nelson Rural Bank",Western,Small,2022,Q4,8,2022-Q4,13.62,23.73,15.95,11.67,8.22,66.13,0,Healthy
BANK_167,"Hurst, Freeman and Nelson Rural Bank",Western,Small,2023,Q1,9,2023-Q1,13.0,22.38,15.7,11.27,30.56,92.56,0,Healthy
BANK_167,"Hurst, Freeman and Nelson Rural Bank",Western,Small,2023,Q2,10,2023-Q2,15.09,23.56,15.63,10.28,15.84,84.52,0,Healthy
BANK_167,"Hurst, Freeman and Nelson Rural Bank",Western,Small,2023,Q3,11,2023-Q3,15.44,22.33,15.67,9.93,29.83,69.53,0,Healthy
BANK_167,"Hurst, Freeman and Nelson Rural Bank",Western,Small,2023,Q4,12,2023-Q4,15.85,21.32,15.72,10.03,20.63,57.08,0,Healthy
BANK_168,Johnson-Rogers Rural Bank,Upper West,Large,2021,Q1,1,2021-Q1,663.6,34.2,11.34,1.82,31.25,63.29,1,High-Risk
BANK_168,Johnson-Rogers Rural Bank,Upper West,Large,2021,Q2,2,2021-Q2,636.87,34.57,11.3,1.83,11.51,90.05,1,High-Risk
BANK_168,Johnson-Rogers Rural Bank,Upper West,Large,2021,Q3,3,2021-Q3,536.61,33.76,11.42,1.96,37.27,40.41,1,High-Risk
BANK_168,Johnson-Rogers Rural Bank,Upper West,Large,2021,Q4,4,2021-Q4,568.93,33.93,11.31,1.89,38.86,51.41,1,High-Risk
BANK_168,Johnson-Rogers Rural Bank,Upper West,Large,2022,Q1,5,2022-Q1,652.66,33.66,11.49,1.92,11.31,72.37,1,High-Risk
BANK_168,Johnson-Rogers Rural Bank,Upper West,Large,2022,Q2,6,2022-Q2,672.92,32.68,11.5,1.94,27.54,50.95,1,High-Risk
BANK_168,Johnson-Rogers Rural Bank,Upper West,Large,2022,Q3,7,2022-Q3,739.55,31.9,11.54,1.88,16.9,55.36,1,High-Risk
BANK_168,Johnson-Rogers Rural Bank,Upper West,Large,2022,Q4,8,2022-Q4,698.23,28.94,11.44,2.01,50.52,76.92,1,High-Risk
BANK_168,Johnson-Rogers Rural Bank,Upper West,Large,2023,Q1,9,2023-Q1,720.87,29.45,11.31,2.04,17.2,59.03,1,High-Risk
BANK_168,Johnson-Rogers Rural Bank,Upper West,Large,2023,Q2,10,2023-Q2,746.79,30.08,11.21,2.06,12.14,46.3,1,High-Risk
BANK_168,Johnson-Rogers Rural Bank,Upper West,Large,2023,Q3,11,2023-Q3,808.55,30.5,10.88,2.05,27.83,61.07,1,High-Risk
BANK_168,Johnson-Rogers Rural Bank,Upper West,Large,2023,Q4,12,2023-Q4,798.31,30.54,10.88,1.98,19.25,71.01,1,High-Risk
BANK_169,"Yates, Ramsey and Pittman Rural Bank",Northern,Medium,2021,Q1,1,2021-Q1,124.08,39.81,13.35,4.64,21.0,58.17,0,Healthy
BANK_169,"Yates, Ramsey and Pittman Rural Bank",Northern,Medium,2021,Q2,2,2021-Q2,117.59,38.68,13.54,4.74,30.01,78.81,0,Healthy
BANK_169,"Yates, Ramsey and Pittman Rural Bank",Northern,Medium,2021,Q3,3,2021-Q3,114.23,38.24,13.36,5.16,18.37,82.93,0,Healthy
BANK_169,"Yates, Ramsey and Pittman Rural Bank",Northern,Medium,2021,Q4,4,2021-Q4,114.47,37.93,13.37,5.23,26.9,59.82,0,Healthy
BANK_169,"Yates, Ramsey and Pittman Rural Bank",Northern,Medium,2022,Q1,5,2022-Q1,108.23,39.31,13.36,5.39,43.77,84.94,0,Healthy
BANK_169,"Yates, Ramsey and Pittman Rural Bank",Northern,Medium,2022,Q2,6,2022-Q2,112.28,39.14,13.42,5.48,19.73,88.78,0,Healthy
BANK_169,"Yates, Ramsey and Pittman Rural Bank",Northern,Medium,2022,Q3,7,2022-Q3,117.08,39.23,13.3,5.5,36.38,72.48,0,Healthy
BANK_169,"Yates, Ramsey and Pittman Rural Bank",Northern,Medium,2022,Q4,8,2022-Q4,107.38,38.09,13.24,5.91,14.14,53.77,0,Healthy
BANK_169,"Yates, Ramsey and Pittman Rural Bank",Northern,Medium,2023,Q1,9,2023-Q1,106.22,36.92,13.28,6.34,44.84,66.62,0,Healthy
BANK_169,"Yates, Ramsey and Pittman Rural Bank",Northern,Medium,2023,Q2,10,2023-Q2,117.76,37.15,13.28,6.23,12.22,57.26,0,Healthy
BANK_169,"Yates, Ramsey and Pittman Rural Bank",Northern,Medium,2023,Q3,11,2023-Q3,122.38,36.95,13.36,6.21,28.18,92.96,0,Healthy
BANK_169,"Yates, Ramsey and Pittman Rural Bank",Northern,Medium,2023,Q4,12,2023-Q4,129.14,36.46,13.26,6.31,28.31,56.88,0,Healthy
BANK_170,Hooper PLC Rural Bank,Upper West,Medium,2021,Q1,1,2021-Q1,158.79,37.38,12.23,1.69,44.06,42.24,0,Healthy
BANK_170,Hooper PLC Rural Bank,Upper West,Medium,2021,Q2,2,2021-Q2,173.87,38.97,12.13,1.77,41.58,59.07,0,Healthy
BANK_170,Hooper PLC Rural Bank,Upper West,Medium,2021,Q3,3,2021-Q3,152.74,38.19,12.14,1.81,10.58,41.74,0,Healthy
BANK_170,Hooper PLC Rural Bank,Upper West,Medium,2021,Q4,4,2021-Q4,138.16,37.33,12.15,1.84,9.96,41.45,0,Healthy
BANK_170,Hooper PLC Rural Bank,Upper West,Medium,2022,Q1,5,2022-Q1,131.78,35.9,12.26,1.92,21.33,81.83,0,Healthy
BANK_170,Hooper PLC Rural Bank,Upper West,Medium,2022,Q2,6,2022-Q2,129.66,36.19,12.2,1.93,19.19,57.5,0,Healthy
BANK_170,Hooper PLC Rural Bank,Upper West,Medium,2022,Q3,7,2022-Q3,140.16,35.87,12.18,1.93,27.09,42.72,0,Healthy
BANK_170,Hooper PLC Rural Bank,Upper West,Medium,2022,Q4,8,2022-Q4,134.52,35.09,12.16,2.03,23.16,85.97,0,Healthy
BANK_170,Hooper PLC Rural Bank,Upper West,Medium,2023,Q1,9,2023-Q1,136.99,33.59,12.09,2.06,22.7,55.8,0,Healthy
BANK_170,Hooper PLC Rural Bank,Upper West,Medium,2023,Q2,10,2023-Q2,136.97,33.07,12.1,2.0,18.43,94.5,0,Healthy
BANK_170,Hooper PLC Rural Bank,Upper West,Medium,2023,Q3,11,2023-Q3,144.2,34.73,12.24,1.98,48.23,43.07,0,Healthy
BANK_170,Hooper PLC Rural Bank,Upper West,Medium,2023,Q4,12,2023-Q4,145.57,34.45,12.08,2.01,45.77,89.67,0,Healthy
BANK_171,Meadows PLC Rural Bank,Northern,Medium,2021,Q1,1,2021-Q1,174.3,26.65,20.18,4.38,18.17,51.57,0,Healthy
BANK_171,Meadows PLC Rural Bank,Northern,Medium,2021,Q2,2,2021-Q2,179.18,26.64,20.24,4.47,11.06,86.2,0,Healthy
BANK_171,Meadows PLC Rural Bank,Northern,Medium,2021,Q3,3,2021-Q3,161.37,26.64,20.11,4.77,22.04,62.21,0,Healthy
BANK_171,Meadows PLC Rural Bank,Northern,Medium,2021,Q4,4,2021-Q4,174.85,28.99,20.11,4.81,28.82,68.96,0,Healthy
BANK_171,Meadows PLC Rural Bank,Northern,Medium,2022,Q1,5,2022-Q1,187.55,28.44,20.16,4.83,15.69,61.07,0,Healthy
BANK_171,Meadows PLC Rural Bank,Northern,Medium,2022,Q2,6,2022-Q2,183.08,27.74,19.95,4.78,17.22,74.97,0,Healthy
BANK_171,Meadows PLC Rural Bank,Northern,Medium,2022,Q3,7,2022-Q3,188.43,28.56,20.28,4.63,20.58,44.39,0,Healthy
BANK_171,Meadows PLC Rural Bank,Northern,Medium,2022,Q4,8,2022-Q4,173.23,25.52,20.23,4.78,22.55,80.64,0,Healthy
BANK_171,Meadows PLC Rural Bank,Northern,Medium,2023,Q1,9,2023-Q1,152.45,24.7,20.03,5.0,19.52,67.23,0,Healthy
BANK_171,Meadows PLC Rural Bank,Northern,Medium,2023,Q2,10,2023-Q2,161.97,26.18,20.14,5.02,13.96,64.12,0,Healthy
BANK_171,Meadows PLC Rural Bank,Northern,Medium,2023,Q3,11,2023-Q3,167.33,26.11,20.34,4.94,12.13,87.55,0,Healthy
BANK_171,Meadows PLC Rural Bank,Northern,Medium,2023,Q4,12,2023-Q4,172.3,26.01,20.29,4.88,20.2,68.53,0,Healthy
BANK_172,"Alvarado, Miller and Patterson Rural Bank",Central,Small,2021,Q1,1,2021-Q1,41.86,16.0,19.91,11.84,28.73,54.49,0,Healthy
BANK_172,"Alvarado, Miller and Patterson Rural Bank",Central,Small,2021,Q2,2,2021-Q2,39.88,16.28,19.81,12.0,10.71,65.88,0,Healthy
BANK_172,"Alvarado, Miller and Patterson Rural Bank",Central,Small,2021,Q3,3,2021-Q3,41.74,15.59,19.99,12.37,26.17,89.78,0,Healthy
BANK_172,"Alvarado, Miller and Patterson Rural Bank",Central,Small,2021,Q4,4,2021-Q4,39.84,15.8,20.11,12.44,20.83,41.22,0,Healthy
BANK_172,"Alvarado, Miller and Patterson Rural Bank",Central,Small,2022,Q1,5,2022-Q1,40.41,15.82,20.07,12.42,15.47,62.34,0,Healthy
BANK_172,"Alvarado, Miller and Patterson Rural Bank",Central,Small,2022,Q2,6,2022-Q2,45.71,16.62,20.3,12.2,27.5,50.34,0,Healthy
BANK_172,"Alvarado, Miller and Patterson Rural Bank",Central,Small,2022,Q3,7,2022-Q3,45.64,16.83,20.16,11.9,19.07,92.31,0,Healthy
BANK_172,"Alvarado, Miller and Patterson Rural Bank",Central,Small,2022,Q4,8,2022-Q4,44.31,16.7,20.52,12.66,19.81,64.83,0,Healthy
BANK_172,"Alvarado, Miller and Patterson Rural Bank",Central,Small,2023,Q1,9,2023-Q1,46.51,16.51,20.46,12.41,23.62,52.4,0,Healthy
BANK_172,"Alvarado, Miller and Patterson Rural Bank",Central,Small,2023,Q2,10,2023-Q2,42.92,16.95,20.58,12.23,11.79,81.31,0,Healthy
BANK_172,"Alvarado, Miller and Patterson Rural Bank",Central,Small,2023,Q3,11,2023-Q3,41.73,16.71,20.89,12.43,15.24,67.54,0,Healthy
BANK_172,"Alvarado, Miller and Patterson Rural Bank",Central,Small,2023,Q4,12,2023-Q4,42.68,16.75,21.15,12.64,9.74,47.26,0,Healthy
BANK_173,White-Green Rural Bank,Greater Accra,Medium,2021,Q1,1,2021-Q1,136.65,22.64,23.1,11.76,9.69,74.93,0,Healthy
BANK_173,White-Green Rural Bank,Greater Accra,Medium,2021,Q2,2,2021-Q2,131.86,22.82,23.3,11.58,21.71,88.29,0,Healthy
BANK_173,White-Green Rural Bank,Greater Accra,Medium,2021,Q3,3,2021-Q3,124.12,23.0,23.76,11.99,13.11,42.0,0,Healthy
BANK_173,White-Green Rural Bank,Greater Accra,Medium,2021,Q4,4,2021-Q4,128.28,22.76,23.97,11.89,19.29,63.06,0,Healthy
BANK_173,White-Green Rural Bank,Greater Accra,Medium,2022,Q1,5,2022-Q1,131.19,22.56,24.09,12.2,8.1,53.37,0,Healthy
BANK_173,White-Green Rural Bank,Greater Accra,Medium,2022,Q2,6,2022-Q2,129.75,23.09,24.28,12.0,12.38,94.76,0,Healthy
BANK_173,White-Green Rural Bank,Greater Accra,Medium,2022,Q3,7,2022-Q3,130.61,22.77,24.19,12.09,15.03,63.07,0,Healthy
BANK_173,White-Green Rural Bank,Greater Accra,Medium,2022,Q4,8,2022-Q4,118.68,21.89,24.55,13.21,15.29,57.8,0,Healthy
BANK_173,White-Green Rural Bank,Greater Accra,Medium,2023,Q1,9,2023-Q1,122.85,21.07,24.43,13.04,5.86,67.18,0,Healthy
BANK_173,White-Green Rural Bank,Greater Accra,Medium,2023,Q2,10,2023-Q2,127.3,20.27,24.27,13.42,9.29,46.19,0,Healthy
BANK_173,White-Green Rural Bank,Greater Accra,Medium,2023,Q3,11,2023-Q3,131.77,21.09,24.41,13.28,7.84,87.97,0,Healthy
BANK_173,White-Green Rural Bank,Greater Accra,Medium,2023,Q4,12,2023-Q4,146.97,20.06,24.58,12.91,21.24,75.23,0,Healthy
BANK_174,Lewis-Murphy Rural Bank,Greater Accra,Small,2021,Q1,1,2021-Q1,46.52,25.62,20.12,6.68,25.31,40.45,0,Healthy
BANK_174,Lewis-Murphy Rural Bank,Greater Accra,Small,2021,Q2,2,2021-Q2,49.11,25.47,20.18,6.96,20.06,70.68,0,Healthy
BANK_174,Lewis-Murphy Rural Bank,Greater Accra,Small,2021,Q3,3,2021-Q3,50.59,24.5,20.24,6.98,14.13,73.35,0,Healthy
BANK_174,Lewis-Murphy Rural Bank,Greater Accra,Small,2021,Q4,4,2021-Q4,48.57,24.66,20.14,6.95,16.98,94.55,0,Healthy
BANK_174,Lewis-Murphy Rural Bank,Greater Accra,Small,2022,Q1,5,2022-Q1,54.64,23.87,19.89,6.99,12.07,43.84,0,Healthy
BANK_174,Lewis-Murphy Rural Bank,Greater Accra,Small,2022,Q2,6,2022-Q2,58.88,24.16,19.85,6.98,7.37,90.76,0,Healthy
BANK_174,Lewis-Murphy Rural Bank,Greater Accra,Small,2022,Q3,7,2022-Q3,63.92,24.41,19.78,7.24,16.69,89.52,0,Healthy
BANK_174,Lewis-Murphy Rural Bank,Greater Accra,Small,2022,Q4,8,2022-Q4,58.87,23.73,19.93,7.67,21.08,46.01,0,Healthy
BANK_174,Lewis-Murphy Rural Bank,Greater Accra,Small,2023,Q1,9,2023-Q1,64.85,22.84,19.93,7.71,7.91,79.05,0,Healthy
BANK_174,Lewis-Murphy Rural Bank,Greater Accra,Small,2023,Q2,10,2023-Q2,62.93,22.93,20.1,7.86,15.43,51.14,0,Healthy
BANK_174,Lewis-Murphy Rural Bank,Greater Accra,Small,2023,Q3,11,2023-Q3,65.17,23.44,19.87,7.76,25.58,85.35,0,Healthy
BANK_174,Lewis-Murphy Rural Bank,Greater Accra,Small,2023,Q4,12,2023-Q4,69.73,24.74,19.57,7.52,6.79,71.35,0,Healthy
BANK_175,Ramirez-Bean Rural Bank,Volta,Medium,2021,Q1,1,2021-Q1,97.2,38.36,25.6,0.66,15.18,81.6,0,Healthy
BANK_175,Ramirez-Bean Rural Bank,Volta,Medium,2021,Q2,2,2021-Q2,101.66,38.62,25.29,0.65,13.22,86.65,0,Healthy
BANK_175,Ramirez-Bean Rural Bank,Volta,Medium,2021,Q3,3,2021-Q3,109.23,40.0,25.45,0.64,13.36,50.5,0,Healthy
BANK_175,Ramirez-Bean Rural Bank,Volta,Medium,2021,Q4,4,2021-Q4,115.32,40.1,25.52,0.64,10.34,91.88,0,Healthy
BANK_175,Ramirez-Bean Rural Bank,Volta,Medium,2022,Q1,5,2022-Q1,129.92,37.86,25.83,0.63,5.28,73.21,0,Healthy
BANK_175,Ramirez-Bean Rural Bank,Volta,Medium,2022,Q2,6,2022-Q2,146.27,40.83,26.26,0.63,21.47,49.87,0,Healthy
BANK_175,Ramirez-Bean Rural Bank,Volta,Medium,2022,Q3,7,2022-Q3,161.36,40.87,26.09,0.62,22.43,84.74,0,Healthy
BANK_175,Ramirez-Bean Rural Bank,Volta,Medium,2022,Q4,8,2022-Q4,168.04,37.81,26.09,0.63,10.0,85.6,0,Healthy
BANK_175,Ramirez-Bean Rural Bank,Volta,Medium,2023,Q1,9,2023-Q1,178.43,37.78,25.92,0.62,19.88,80.78,0,Healthy
BANK_175,Ramirez-Bean Rural Bank,Volta,Medium,2023,Q2,10,2023-Q2,177.05,37.57,26.04,0.58,13.77,91.42,0,Healthy
BANK_175,Ramirez-Bean Rural Bank,Volta,Medium,2023,Q3,11,2023-Q3,176.41,37.78,26.04,0.6,14.82,63.69,0,Healthy
BANK_175,Ramirez-Bean Rural Bank,Volta,Medium,2023,Q4,12,2023-Q4,165.59,37.16,26.13,0.6,6.12,64.47,0,Healthy
BANK_176,King-Miller Rural Bank,Ashanti,Small,2021,Q1,1,2021-Q1,29.25,25.08,13.03,7.65,13.57,56.35,0,Healthy
BANK_176,King-Miller Rural Bank,Ashanti,Small,2021,Q2,2,2021-Q2,32.35,24.65,13.0,7.67,19.84,62.39,0,Healthy
BANK_176,King-Miller Rural Bank,Ashanti,Small,2021,Q3,3,2021-Q3,31.93,24.79,13.18,7.76,23.86,76.32,0,Healthy
BANK_176,King-Miller Rural Bank,Ashanti,Small,2021,Q4,4,2021-Q4,29.98,24.19,13.22,7.88,43.52,89.06,0,Healthy
BANK_176,King-Miller Rural Bank,Ashanti,Small,2022,Q1,5,2022-Q1,33.26,23.85,13.21,7.97,35.1,58.04,0,Healthy
BANK_176,King-Miller Rural Bank,Ashanti,Small,2022,Q2,6,2022-Q2,38.98,24.7,13.26,7.65,19.32,42.47,0,Healthy
BANK_176,King-Miller Rural Bank,Ashanti,Small,2022,Q3,7,2022-Q3,35.12,22.79,13.11,7.74,45.65,49.7,0,Healthy
BANK_176,King-Miller Rural Bank,Ashanti,Small,2022,Q4,8,2022-Q4,32.16,23.36,13.13,7.83,22.52,78.18,0,Healthy
BANK_176,King-Miller Rural Bank,Ashanti,Small,2023,Q1,9,2023-Q1,34.59,24.63,13.14,7.88,11.43,41.75,0,Healthy
BANK_176,King-Miller Rural Bank,Ashanti,Small,2023,Q2,10,2023-Q2,35.03,24.88,12.95,8.15,25.51,44.08,0,Healthy
BANK_176,King-Miller Rural Bank,Ashanti,Small,2023,Q3,11,2023-Q3,37.95,24.45,12.84,8.01,21.78,49.64,0,Healthy
BANK_176,King-Miller Rural Bank,Ashanti,Small,2023,Q4,12,2023-Q4,38.85,22.56,12.97,8.38,15.88,50.37,0,Healthy
BANK_177,Curry Inc Rural Bank,Western,Medium,2021,Q1,1,2021-Q1,51.67,40.74,17.91,6.21,28.66,92.1,0,Healthy
BANK_177,Curry Inc Rural Bank,Western,Medium,2021,Q2,2,2021-Q2,58.01,39.73,17.65,6.09,19.16,42.0,0,Healthy
BANK_177,Curry Inc Rural Bank,Western,Medium,2021,Q3,3,2021-Q3,57.69,36.19,17.52,6.25,8.64,78.18,0,Healthy
BANK_177,Curry Inc Rural Bank,Western,Medium,2021,Q4,4,2021-Q4,57.28,36.08,17.58,6.57,32.53,55.91,0,Healthy
BANK_177,Curry Inc Rural Bank,Western,Medium,2022,Q1,5,2022-Q1,59.43,36.68,17.49,6.54,15.7,51.53,0,Healthy
BANK_177,Curry Inc Rural Bank,Western,Medium,2022,Q2,6,2022-Q2,64.65,38.15,17.44,6.19,19.24,44.47,0,Healthy
BANK_177,Curry Inc Rural Bank,Western,Medium,2022,Q3,7,2022-Q3,62.69,37.79,17.18,6.33,31.6,69.88,0,Healthy
BANK_177,Curry Inc Rural Bank,Western,Medium,2022,Q4,8,2022-Q4,56.88,37.18,17.03,6.53,29.79,58.57,0,Healthy
BANK_177,Curry Inc Rural Bank,Western,Medium,2023,Q1,9,2023-Q1,56.01,35.72,16.94,6.47,16.11,59.68,0,Healthy
BANK_177,Curry Inc Rural Bank,Western,Medium,2023,Q2,10,2023-Q2,65.99,37.68,16.84,6.11,18.65,62.49,0,Healthy
BANK_177,Curry Inc Rural Bank,Western,Medium,2023,Q3,11,2023-Q3,66.23,38.18,16.79,6.18,10.8,42.98,0,Healthy
BANK_177,Curry Inc Rural Bank,Western,Medium,2023,Q4,12,2023-Q4,61.24,38.4,16.63,6.16,6.96,65.46,0,Healthy
BANK_178,Walker-Jones Rural Bank,Eastern,Medium,2021,Q1,1,2021-Q1,78.88,33.03,14.85,13.96,27.53,43.18,0,Healthy
BANK_178,Walker-Jones Rural Bank,Eastern,Medium,2021,Q2,2,2021-Q2,84.68,31.81,14.74,14.37,8.79,46.16,0,Healthy
BANK_178,Walker-Jones Rural Bank,Eastern,Medium,2021,Q3,3,2021-Q3,75.33,30.67,14.68,15.19,35.41,72.41,1,High-Risk
BANK_178,Walker-Jones Rural Bank,Eastern,Medium,2021,Q4,4,2021-Q4,81.43,31.72,14.71,15.0,20.15,87.03,0,Healthy
BANK_178,Walker-Jones Rural Bank,Eastern,Medium,2022,Q1,5,2022-Q1,83.54,31.17,14.58,15.24,34.16,58.69,1,High-Risk
BANK_178,Walker-Jones Rural Bank,Eastern,Medium,2022,Q2,6,2022-Q2,86.35,32.09,14.68,14.97,15.81,55.63,0,Healthy
BANK_178,Walker-Jones Rural Bank,Eastern,Medium,2022,Q3,7,2022-Q3,84.34,31.13,14.54,15.39,12.8,40.9,1,High-Risk
BANK_178,Walker-Jones Rural Bank,Eastern,Medium,2022,Q4,8,2022-Q4,74.57,29.62,14.66,15.64,38.04,62.66,1,High-Risk
BANK_178,Walker-Jones Rural Bank,Eastern,Medium,2023,Q1,9,2023-Q1,75.36,28.55,14.71,15.83,22.72,62.82,1,High-Risk
BANK_178,Walker-Jones Rural Bank,Eastern,Medium,2023,Q2,10,2023-Q2,80.93,28.22,14.95,15.78,8.2,48.48,1,High-Risk
BANK_178,Walker-Jones Rural Bank,Eastern,Medium,2023,Q3,11,2023-Q3,75.35,28.33,14.95,16.31,14.39,64.6,1,High-Risk
BANK_178,Walker-Jones Rural Bank,Eastern,Medium,2023,Q4,12,2023-Q4,73.96,27.2,14.96,17.21,31.59,48.85,1,High-Risk
BANK_179,"Williams, Johnson and Wright Rural Bank",Ashanti,Small,2021,Q1,1,2021-Q1,19.52,30.09,9.38,11.09,36.07,58.51,1,High-Risk
BANK_179,"Williams, Johnson and Wright Rural Bank",Ashanti,Small,2021,Q2,2,2021-Q2,19.53,29.62,9.34,11.27,42.75,86.65,1,High-Risk
BANK_179,"Williams, Johnson and Wright Rural Bank",Ashanti,Small,2021,Q3,3,2021-Q3,18.97,28.82,9.29,11.31,59.81,48.25,1,High-Risk
BANK_179,"Williams, Johnson and Wright Rural Bank",Ashanti,Small,2021,Q4,4,2021-Q4,17.65,28.75,9.32,11.44,61.31,76.4,1,High-Risk
BANK_179,"Williams, Johnson and Wright Rural Bank",Ashanti,Small,2022,Q1,5,2022-Q1,18.32,27.45,9.14,12.19,51.68,68.26,1,High-Risk
BANK_179,"Williams, Johnson and Wright Rural Bank",Ashanti,Small,2022,Q2,6,2022-Q2,20.96,27.97,9.12,11.26,61.93,61.24,1,High-Risk
BANK_179,"Williams, Johnson and Wright Rural Bank",Ashanti,Small,2022,Q3,7,2022-Q3,21.83,26.77,9.0,11.75,62.19,80.87,1,High-Risk
BANK_179,"Williams, Johnson and Wright Rural Bank",Ashanti,Small,2022,Q4,8,2022-Q4,19.5,26.79,8.95,12.12,65.81,70.34,1,High-Risk
BANK_179,"Williams, Johnson and Wright Rural Bank",Ashanti,Small,2023,Q1,9,2023-Q1,20.2,26.15,9.0,12.02,46.74,82.3,1,High-Risk
BANK_179,"Williams, Johnson and Wright Rural Bank",Ashanti,Small,2023,Q2,10,2023-Q2,20.02,26.13,8.96,11.78,24.79,73.85,1,High-Risk
BANK_179,"Williams, Johnson and Wright Rural Bank",Ashanti,Small,2023,Q3,11,2023-Q3,20.11,26.82,9.07,11.88,53.61,77.55,1,High-Risk
BANK_179,"Williams, Johnson and Wright Rural Bank",Ashanti,Small,2023,Q4,12,2023-Q4,19.49,26.03,9.1,11.76,21.86,47.94,1,High-Risk
BANK_180,Howell and Sons Rural Bank,Western,Small,2021,Q1,1,2021-Q1,20.1,33.93,17.26,8.14,10.97,59.77,0,Healthy
BANK_180,Howell and Sons Rural Bank,Western,Small,2021,Q2,2,2021-Q2,20.85,35.25,17.26,8.12,20.58,46.05,0,Healthy
BANK_180,Howell and Sons Rural Bank,Western,Small,2021,Q3,3,2021-Q3,21.93,35.95,17.12,8.5,14.67,90.5,0,Healthy
BANK_180,Howell and Sons Rural Bank,Western,Small,2021,Q4,4,2021-Q4,23.87,37.1,17.2,8.52,22.05,53.47,0,Healthy
BANK_180,Howell and Sons Rural Bank,Western,Small,2022,Q1,5,2022-Q1,25.3,39.22,17.09,8.2,20.11,59.83,0,Healthy
BANK_180,Howell and Sons Rural Bank,Western,Small,2022,Q2,6,2022-Q2,29.95,42.14,17.04,7.68,26.93,62.98,0,Healthy
BANK_180,Howell and Sons Rural Bank,Western,Small,2022,Q3,7,2022-Q3,30.82,41.19,17.0,7.57,17.33,40.93,0,Healthy
BANK_180,Howell and Sons Rural Bank,Western,Small,2022,Q4,8,2022-Q4,26.88,37.43,17.17,7.86,9.55,91.62,0,Healthy
BANK_180,Howell and Sons Rural Bank,Western,Small,2023,Q1,9,2023-Q1,28.5,37.43,17.27,7.88,21.43,74.46,0,Healthy
BANK_180,Howell and Sons Rural Bank,Western,Small,2023,Q2,10,2023-Q2,33.52,36.63,17.62,7.41,27.71,56.23,0,Healthy
BANK_180,Howell and Sons Rural Bank,Western,Small,2023,Q3,11,2023-Q3,30.58,36.57,17.4,7.35,12.49,43.64,0,Healthy
BANK_180,Howell and Sons Rural Bank,Western,Small,2023,Q4,12,2023-Q4,29.42,36.87,17.62,7.57,20.08,58.96,0,Healthy
BANK_181,Wells Inc Rural Bank,Greater Accra,Small,2021,Q1,1,2021-Q1,44.52,41.83,25.35,2.38,10.8,42.72,0,Healthy
BANK_181,Wells Inc Rural Bank,Greater Accra,Small,2021,Q2,2,2021-Q2,44.14,42.61,25.74,2.38,21.53,66.49,0,Healthy
BANK_181,Wells Inc Rural Bank,Greater Accra,Small,2021,Q3,3,2021-Q3,42.41,38.92,26.3,2.49,17.15,49.29,0,Healthy
BANK_181,Wells Inc Rural Bank,Greater Accra,Small,2021,Q4,4,2021-Q4,40.9,39.86,25.7,2.57,7.54,87.03,0,Healthy
BANK_181,Wells Inc Rural Bank,Greater Accra,Small,2022,Q1,5,2022-Q1,37.75,40.22,25.08,2.62,20.63,73.09,0,Healthy
BANK_181,Wells Inc Rural Bank,Greater Accra,Small,2022,Q2,6,2022-Q2,37.45,39.7,25.2,2.57,18.05,80.79,0,Healthy
BANK_181,Wells Inc Rural Bank,Greater Accra,Small,2022,Q3,7,2022-Q3,39.5,38.63,25.01,2.65,16.16,61.37,0,Healthy
BANK_181,Wells Inc Rural Bank,Greater Accra,Small,2022,Q4,8,2022-Q4,36.33,37.36,25.32,2.82,16.47,83.03,0,Healthy
BANK_181,Wells Inc Rural Bank,Greater Accra,Small,2023,Q1,9,2023-Q1,38.02,35.62,25.55,2.86,13.26,83.26,0,Healthy
BANK_181,Wells Inc Rural Bank,Greater Accra,Small,2023,Q2,10,2023-Q2,40.22,34.27,25.6,2.8,22.35,53.37,0,Healthy
BANK_181,Wells Inc Rural Bank,Greater Accra,Small,2023,Q3,11,2023-Q3,40.52,35.87,25.38,2.88,4.86,87.31,0,Healthy
BANK_181,Wells Inc Rural Bank,Greater Accra,Small,2023,Q4,12,2023-Q4,44.75,35.98,25.5,2.85,5.99,91.58,0,Healthy
BANK_182,"Gould, Marshall and Scott Rural Bank",Upper East,Medium,2021,Q1,1,2021-Q1,73.69,43.54,14.85,7.64,37.18,74.1,0,Healthy
BANK_182,"Gould, Marshall and Scott Rural Bank",Upper East,Medium,2021,Q2,2,2021-Q2,74.36,42.54,14.71,7.53,39.69,87.87,0,Healthy
BANK_182,"Gould, Marshall and Scott Rural Bank",Upper East,Medium,2021,Q3,3,2021-Q3,66.2,39.78,14.68,7.99,20.71,74.11,0,Healthy
BANK_182,"Gould, Marshall and Scott Rural Bank",Upper East,Medium,2021,Q4,4,2021-Q4,67.6,40.49,14.75,8.04,16.28,91.59,0,Healthy
BANK_182,"Gould, Marshall and Scott Rural Bank",Upper East,Medium,2022,Q1,5,2022-Q1,65.0,42.93,14.76,7.8,22.3,92.25,0,Healthy
BANK_182,"Gould, Marshall and Scott Rural Bank",Upper East,Medium,2022,Q2,6,2022-Q2,64.61,45.63,14.72,7.81,9.95,86.09,0,Healthy
BANK_182,"Gould, Marshall and Scott Rural Bank",Upper East,Medium,2022,Q3,7,2022-Q3,66.02,46.28,14.54,7.72,39.64,46.66,0,Healthy
BANK_182,"Gould, Marshall and Scott Rural Bank",Upper East,Medium,2022,Q4,8,2022-Q4,58.39,43.71,14.5,8.09,25.7,47.86,0,Healthy
BANK_182,"Gould, Marshall and Scott Rural Bank",Upper East,Medium,2023,Q1,9,2023-Q1,61.44,42.94,14.72,8.26,29.61,40.88,0,Healthy
BANK_182,"Gould, Marshall and Scott Rural Bank",Upper East,Medium,2023,Q2,10,2023-Q2,67.06,43.44,14.82,8.2,36.98,49.64,0,Healthy
BANK_182,"Gould, Marshall and Scott Rural Bank",Upper East,Medium,2023,Q3,11,2023-Q3,69.74,44.36,14.63,7.76,37.63,78.76,0,Healthy
BANK_182,"Gould, Marshall and Scott Rural Bank",Upper East,Medium,2023,Q4,12,2023-Q4,70.76,44.57,14.66,7.88,13.88,64.24,0,Healthy
BANK_183,Jackson-Lawson Rural Bank,Greater Accra,Large,2021,Q1,1,2021-Q1,798.14,16.02,14.56,7.11,40.01,75.42,0,Healthy
BANK_183,Jackson-Lawson Rural Bank,Greater Accra,Large,2021,Q2,2,2021-Q2,829.39,16.09,14.7,7.11,16.76,88.85,0,Healthy
BANK_183,Jackson-Lawson Rural Bank,Greater Accra,Large,2021,Q3,3,2021-Q3,882.84,15.55,14.99,7.13,37.99,56.28,0,Healthy
BANK_183,Jackson-Lawson Rural Bank,Greater Accra,Large,2021,Q4,4,2021-Q4,837.4,15.23,14.85,7.47,24.28,83.67,0,Healthy
BANK_183,Jackson-Lawson Rural Bank,Greater Accra,Large,2022,Q1,5,2022-Q1,834.86,14.61,14.89,7.68,29.71,53.76,1,High-Risk
BANK_183,Jackson-Lawson Rural Bank,Greater Accra,Large,2022,Q2,6,2022-Q2,874.04,13.86,14.84,7.62,37.6,86.08,1,High-Risk
BANK_183,Jackson-Lawson Rural Bank,Greater Accra,Large,2022,Q3,7,2022-Q3,800.97,14.36,14.87,7.66,24.5,83.26,1,High-Risk
BANK_183,Jackson-Lawson Rural Bank,Greater Accra,Large,2022,Q4,8,2022-Q4,735.4,14.09,14.87,8.43,37.64,44.72,1,High-Risk
BANK_183,Jackson-Lawson Rural Bank,Greater Accra,Large,2023,Q1,9,2023-Q1,768.42,13.89,14.93,8.5,19.47,46.84,1,High-Risk
BANK_183,Jackson-Lawson Rural Bank,Greater Accra,Large,2023,Q2,10,2023-Q2,766.65,13.66,14.87,8.65,25.08,40.34,1,High-Risk
BANK_183,Jackson-Lawson Rural Bank,Greater Accra,Large,2023,Q3,11,2023-Q3,782.58,13.52,14.91,8.53,26.06,84.39,1,High-Risk
BANK_183,Jackson-Lawson Rural Bank,Greater Accra,Large,2023,Q4,12,2023-Q4,747.38,13.72,15.0,8.3,16.38,54.35,1,High-Risk
BANK_184,"Higgins, Strickland and Martin Rural Bank",Bono,Medium,2021,Q1,1,2021-Q1,131.75,6.67,10.29,14.46,30.5,47.22,1,High-Risk
BANK_184,"Higgins, Strickland and Martin Rural Bank",Bono,Medium,2021,Q2,2,2021-Q2,145.84,6.52,10.27,14.52,46.18,40.5,1,High-Risk
BANK_184,"Higgins, Strickland and Martin Rural Bank",Bono,Medium,2021,Q3,3,2021-Q3,148.32,6.36,10.34,14.98,30.42,81.53,1,High-Risk
BANK_184,"Higgins, Strickland and Martin Rural Bank",Bono,Medium,2021,Q4,4,2021-Q4,153.94,6.47,10.14,15.48,24.55,80.85,1,High-Risk
BANK_184,"Higgins, Strickland and Martin Rural Bank",Bono,Medium,2022,Q1,5,2022-Q1,149.98,6.64,10.04,15.56,49.21,91.05,1,High-Risk
BANK_184,"Higgins, Strickland and Martin Rural Bank",Bono,Medium,2022,Q2,6,2022-Q2,144.94,6.72,10.11,15.35,37.29,67.01,1,High-Risk
BANK_184,"Higgins, Strickland and Martin Rural Bank",Bono,Medium,2022,Q3,7,2022-Q3,155.08,6.64,10.24,15.37,10.17,72.0,1,High-Risk
BANK_184,"Higgins, Strickland and Martin Rural Bank",Bono,Medium,2022,Q4,8,2022-Q4,144.53,6.48,10.27,16.07,36.41,80.22,1,High-Risk
BANK_184,"Higgins, Strickland and Martin Rural Bank",Bono,Medium,2023,Q1,9,2023-Q1,149.54,6.68,10.28,16.41,40.3,53.88,1,High-Risk
BANK_184,"Higgins, Strickland and Martin Rural Bank",Bono,Medium,2023,Q2,10,2023-Q2,159.29,6.81,10.23,16.4,25.57,94.49,1,High-Risk
BANK_184,"Higgins, Strickland and Martin Rural Bank",Bono,Medium,2023,Q3,11,2023-Q3,159.92,6.43,10.15,16.36,37.41,73.29,1,High-Risk
BANK_184,"Higgins, Strickland and Martin Rural Bank",Bono,Medium,2023,Q4,12,2023-Q4,162.2,6.43,10.39,16.02,15.99,87.57,1,High-Risk
BANK_185,Rodriguez-Johnson Rural Bank,Upper East,Large,2021,Q1,1,2021-Q1,456.84,23.83,20.15,22.76,16.58,48.62,1,High-Risk
BANK_185,Rodriguez-Johnson Rural Bank,Upper East,Large,2021,Q2,2,2021-Q2,469.62,24.28,20.01,23.35,24.04,43.94,1,High-Risk
BANK_185,Rodriguez-Johnson Rural Bank,Upper East,Large,2021,Q3,3,2021-Q3,399.96,22.02,19.93,24.45,16.66,67.93,1,High-Risk
BANK_185,Rodriguez-Johnson Rural Bank,Upper East,Large,2021,Q4,4,2021-Q4,405.28,22.56,19.63,24.37,17.74,41.6,1,High-Risk
BANK_185,Rodriguez-Johnson Rural Bank,Upper East,Large,2022,Q1,5,2022-Q1,401.01,22.94,19.74,23.95,12.5,90.15,1,High-Risk
BANK_185,Rodriguez-Johnson Rural Bank,Upper East,Large,2022,Q2,6,2022-Q2,414.03,23.03,19.91,24.47,12.03,78.94,1,High-Risk
BANK_185,Rodriguez-Johnson Rural Bank,Upper East,Large,2022,Q3,7,2022-Q3,433.2,22.54,19.85,24.29,27.27,59.85,1,High-Risk
BANK_185,Rodriguez-Johnson Rural Bank,Upper East,Large,2022,Q4,8,2022-Q4,410.41,21.71,19.88,25.42,7.68,93.96,1,High-Risk
BANK_185,Rodriguez-Johnson Rural Bank,Upper East,Large,2023,Q1,9,2023-Q1,416.21,21.22,19.58,25.33,10.71,81.72,1,High-Risk
BANK_185,Rodriguez-Johnson Rural Bank,Upper East,Large,2023,Q2,10,2023-Q2,407.54,21.7,19.61,25.6,7.5,67.6,1,High-Risk
BANK_185,Rodriguez-Johnson Rural Bank,Upper East,Large,2023,Q3,11,2023-Q3,435.88,21.46,19.93,24.72,8.59,66.55,1,High-Risk
BANK_185,Rodriguez-Johnson Rural Bank,Upper East,Large,2023,Q4,12,2023-Q4,432.88,20.63,19.97,24.56,23.37,85.8,1,High-Risk
BANK_186,Johnston-Odonnell Rural Bank,Northern,Medium,2021,Q1,1,2021-Q1,190.8,12.03,15.23,15.32,36.9,84.73,1,High-Risk
BANK_186,Johnston-Odonnell Rural Bank,Northern,Medium,2021,Q2,2,2021-Q2,193.22,11.99,15.39,15.48,21.36,80.77,1,High-Risk
BANK_186,Johnston-Odonnell Rural Bank,Northern,Medium,2021,Q3,3,2021-Q3,156.46,11.21,15.31,16.42,19.25,47.43,1,High-Risk
BANK_186,Johnston-Odonnell Rural Bank,Northern,Medium,2021,Q4,4,2021-Q4,164.29,11.35,15.2,16.06,36.03,92.0,1,High-Risk
BANK_186,Johnston-Odonnell Rural Bank,Northern,Medium,2022,Q1,5,2022-Q1,171.46,11.29,15.16,16.24,25.81,55.6,1,High-Risk
BANK_186,Johnston-Odonnell Rural Bank,Northern,Medium,2022,Q2,6,2022-Q2,174.23,10.97,14.97,15.45,33.5,51.75,1,High-Risk
BANK_186,Johnston-Odonnell Rural Bank,Northern,Medium,2022,Q3,7,2022-Q3,189.32,10.93,15.04,14.8,22.82,88.03,1,High-Risk
BANK_186,Johnston-Odonnell Rural Bank,Northern,Medium,2022,Q4,8,2022-Q4,181.26,10.93,14.99,15.55,19.93,64.97,1,High-Risk
BANK_186,Johnston-Odonnell Rural Bank,Northern,Medium,2023,Q1,9,2023-Q1,190.06,10.37,14.87,16.18,17.6,60.6,1,High-Risk
BANK_186,Johnston-Odonnell Rural Bank,Northern,Medium,2023,Q2,10,2023-Q2,198.74,10.53,14.97,15.62,9.95,91.87,1,High-Risk
BANK_186,Johnston-Odonnell Rural Bank,Northern,Medium,2023,Q3,11,2023-Q3,216.96,9.94,15.22,15.46,28.46,49.16,1,High-Risk
BANK_186,Johnston-Odonnell Rural Bank,Northern,Medium,2023,Q4,12,2023-Q4,248.58,10.02,15.08,15.07,30.79,87.92,1,High-Risk
BANK_187,Sanders-Espinoza Rural Bank,Eastern,Medium,2021,Q1,1,2021-Q1,75.05,36.88,18.74,1.56,19.58,73.33,0,Healthy
BANK_187,Sanders-Espinoza Rural Bank,Eastern,Medium,2021,Q2,2,2021-Q2,72.22,39.92,18.89,1.62,18.73,64.68,0,Healthy
BANK_187,Sanders-Espinoza Rural Bank,Eastern,Medium,2021,Q3,3,2021-Q3,71.94,40.38,18.88,1.64,18.82,62.79,0,Healthy
BANK_187,Sanders-Espinoza Rural Bank,Eastern,Medium,2021,Q4,4,2021-Q4,72.8,40.74,18.69,1.66,5.27,83.5,0,Healthy
BANK_187,Sanders-Espinoza Rural Bank,Eastern,Medium,2022,Q1,5,2022-Q1,73.97,42.45,18.86,1.66,30.49,40.75,0,Healthy
BANK_187,Sanders-Espinoza Rural Bank,Eastern,Medium,2022,Q2,6,2022-Q2,79.58,43.98,18.7,1.64,14.63,90.1,0,Healthy
BANK_187,Sanders-Espinoza Rural Bank,Eastern,Medium,2022,Q3,7,2022-Q3,80.8,43.28,19.16,1.67,10.78,58.36,0,Healthy
BANK_187,Sanders-Espinoza Rural Bank,Eastern,Medium,2022,Q4,8,2022-Q4,78.16,41.88,19.09,1.69,26.58,60.84,0,Healthy
BANK_187,Sanders-Espinoza Rural Bank,Eastern,Medium,2023,Q1,9,2023-Q1,80.15,43.83,19.16,1.69,24.36,89.75,0,Healthy
BANK_187,Sanders-Espinoza Rural Bank,Eastern,Medium,2023,Q2,10,2023-Q2,83.17,43.86,19.33,1.7,10.61,61.5,0,Healthy
BANK_187,Sanders-Espinoza Rural Bank,Eastern,Medium,2023,Q3,11,2023-Q3,81.23,42.94,19.33,1.67,25.61,47.18,0,Healthy
BANK_187,Sanders-Espinoza Rural Bank,Eastern,Medium,2023,Q4,12,2023-Q4,79.55,40.12,19.51,1.75,6.23,56.59,0,Healthy
BANK_188,Vargas Ltd Rural Bank,Bono,Small,2021,Q1,1,2021-Q1,10.69,34.69,23.4,10.71,6.99,55.51,0,Healthy
BANK_188,Vargas Ltd Rural Bank,Bono,Small,2021,Q2,2,2021-Q2,10.65,34.38,23.39,10.88,14.72,60.68,0,Healthy
BANK_188,Vargas Ltd Rural Bank,Bono,Small,2021,Q3,3,2021-Q3,10.25,33.71,23.49,11.09,23.7,72.22,0,Healthy
BANK_188,Vargas Ltd Rural Bank,Bono,Small,2021,Q4,4,2021-Q4,10.64,32.73,23.65,11.57,16.56,79.88,0,Healthy
BANK_188,Vargas Ltd Rural Bank,Bono,Small,2022,Q1,5,2022-Q1,11.08,34.02,23.67,11.83,20.94,77.25,0,Healthy
BANK_188,Vargas Ltd Rural Bank,Bono,Small,2022,Q2,6,2022-Q2,12.11,33.71,23.56,11.98,21.71,53.37,0,Healthy
BANK_188,Vargas Ltd Rural Bank,Bono,Small,2022,Q3,7,2022-Q3,13.26,33.63,23.57,11.86,5.49,73.93,0,Healthy
BANK_188,Vargas Ltd Rural Bank,Bono,Small,2022,Q4,8,2022-Q4,12.47,32.49,23.35,11.82,17.22,91.73,0,Healthy
BANK_188,Vargas Ltd Rural Bank,Bono,Small,2023,Q1,9,2023-Q1,13.17,33.13,23.08,12.03,24.73,64.97,0,Healthy
BANK_188,Vargas Ltd Rural Bank,Bono,Small,2023,Q2,10,2023-Q2,13.02,31.17,23.34,11.99,19.37,83.53,0,Healthy
BANK_188,Vargas Ltd Rural Bank,Bono,Small,2023,Q3,11,2023-Q3,12.71,31.75,23.67,11.8,11.63,43.33,0,Healthy
BANK_188,Vargas Ltd Rural Bank,Bono,Small,2023,Q4,12,2023-Q4,13.37,31.54,23.89,11.55,20.89,72.86,0,Healthy
BANK_189,Garcia LLC Rural Bank,Ashanti,Medium,2021,Q1,1,2021-Q1,62.44,37.72,24.99,1.61,22.03,46.61,0,Healthy
BANK_189,Garcia LLC Rural Bank,Ashanti,Medium,2021,Q2,2,2021-Q2,60.5,38.08,24.85,1.65,11.76,94.83,0,Healthy
BANK_189,Garcia LLC Rural Bank,Ashanti,Medium,2021,Q3,3,2021-Q3,63.13,38.97,24.66,1.63,17.42,54.23,0,Healthy
BANK_189,Garcia LLC Rural Bank,Ashanti,Medium,2021,Q4,4,2021-Q4,62.07,39.09,24.77,1.61,15.29,94.55,0,Healthy
BANK_189,Garcia LLC Rural Bank,Ashanti,Medium,2022,Q1,5,2022-Q1,63.56,37.45,24.54,1.64,14.5,72.9,0,Healthy
BANK_189,Garcia LLC Rural Bank,Ashanti,Medium,2022,Q2,6,2022-Q2,72.62,39.61,24.45,1.57,21.14,57.72,0,Healthy
BANK_189,Garcia LLC Rural Bank,Ashanti,Medium,2022,Q3,7,2022-Q3,71.14,39.81,24.65,1.59,5.09,94.09,0,Healthy
BANK_189,Garcia LLC Rural Bank,Ashanti,Medium,2022,Q4,8,2022-Q4,64.42,40.18,24.09,1.61,12.24,53.89,0,Healthy
BANK_189,Garcia LLC Rural Bank,Ashanti,Medium,2023,Q1,9,2023-Q1,66.97,40.78,24.14,1.6,8.23,72.43,0,Healthy
BANK_189,Garcia LLC Rural Bank,Ashanti,Medium,2023,Q2,10,2023-Q2,68.27,39.66,24.28,1.63,11.97,85.42,0,Healthy
BANK_189,Garcia LLC Rural Bank,Ashanti,Medium,2023,Q3,11,2023-Q3,62.69,39.86,23.87,1.67,12.6,91.84,0,Healthy
BANK_189,Garcia LLC Rural Bank,Ashanti,Medium,2023,Q4,12,2023-Q4,67.5,41.32,24.12,1.68,9.75,60.18,0,Healthy
BANK_190,"Burke, Martinez and Riggs Rural Bank",Eastern,Small,2021,Q1,1,2021-Q1,49.07,30.02,15.07,7.32,11.93,76.43,0,Healthy
BANK_190,"Burke, Martinez and Riggs Rural Bank",Eastern,Small,2021,Q2,2,2021-Q2,50.12,30.1,14.98,7.56,37.27,50.62,0,Healthy
BANK_190,"Burke, Martinez and Riggs Rural Bank",Eastern,Small,2021,Q3,3,2021-Q3,53.11,31.48,15.07,7.46,19.56,68.23,0,Healthy
BANK_190,"Burke, Martinez and Riggs Rural Bank",Eastern,Small,2021,Q4,4,2021-Q4,57.32,31.5,15.12,7.03,25.35,41.32,0,Healthy
BANK_190,"Burke, Martinez and Riggs Rural Bank",Eastern,Small,2022,Q1,5,2022-Q1,67.06,30.5,14.81,7.12,16.23,78.25,0,Healthy
BANK_190,"Burke, Martinez and Riggs Rural Bank",Eastern,Small,2022,Q2,6,2022-Q2,68.49,31.69,14.79,6.85,15.94,91.32,0,Healthy
BANK_190,"Burke, Martinez and Riggs Rural Bank",Eastern,Small,2022,Q3,7,2022-Q3,71.86,31.97,14.83,6.96,16.94,54.81,0,Healthy
BANK_190,"Burke, Martinez and Riggs Rural Bank",Eastern,Small,2022,Q4,8,2022-Q4,65.18,31.77,15.01,7.2,30.19,64.74,0,Healthy
BANK_190,"Burke, Martinez and Riggs Rural Bank",Eastern,Small,2023,Q1,9,2023-Q1,66.51,32.08,15.04,7.18,35.07,72.27,0,Healthy
BANK_190,"Burke, Martinez and Riggs Rural Bank",Eastern,Small,2023,Q2,10,2023-Q2,65.34,31.33,15.12,6.92,17.92,70.31,0,Healthy
BANK_190,"Burke, Martinez and Riggs Rural Bank",Eastern,Small,2023,Q3,11,2023-Q3,63.08,31.7,15.1,7.35,15.74,57.04,0,Healthy
BANK_190,"Burke, Martinez and Riggs Rural Bank",Eastern,Small,2023,Q4,12,2023-Q4,62.11,32.38,14.83,7.79,23.03,79.03,0,Healthy
BANK_191,Reed Group Rural Bank,Eastern,Small,2021,Q1,1,2021-Q1,21.84,20.34,15.44,6.34,32.87,71.22,0,Healthy
BANK_191,Reed Group Rural Bank,Eastern,Small,2021,Q2,2,2021-Q2,21.17,20.03,15.52,6.39,13.2,84.64,0,Healthy
BANK_191,Reed Group Rural Bank,Eastern,Small,2021,Q3,3,2021-Q3,19.36,20.26,15.73,6.63,35.13,56.06,0,Healthy
BANK_191,Reed Group Rural Bank,Eastern,Small,2021,Q4,4,2021-Q4,18.71,20.79,15.36,6.4,6.71,82.42,0,Healthy
BANK_191,Reed Group Rural Bank,Eastern,Small,2022,Q1,5,2022-Q1,18.01,20.23,15.38,6.59,36.26,79.05,0,Healthy
BANK_191,Reed Group Rural Bank,Eastern,Small,2022,Q2,6,2022-Q2,16.92,21.34,15.12,6.69,32.13,49.82,0,Healthy
BANK_191,Reed Group Rural Bank,Eastern,Small,2022,Q3,7,2022-Q3,18.56,21.33,15.3,6.55,9.57,47.09,0,Healthy
BANK_191,Reed Group Rural Bank,Eastern,Small,2022,Q4,8,2022-Q4,16.68,21.15,15.22,6.7,33.03,74.49,0,Healthy
BANK_191,Reed Group Rural Bank,Eastern,Small,2023,Q1,9,2023-Q1,17.33,21.77,15.29,6.47,7.37,76.73,0,Healthy
BANK_191,Reed Group Rural Bank,Eastern,Small,2023,Q2,10,2023-Q2,18.49,22.34,15.34,6.41,12.22,57.48,0,Healthy
BANK_191,Reed Group Rural Bank,Eastern,Small,2023,Q3,11,2023-Q3,17.0,22.66,15.48,6.71,13.31,68.48,0,Healthy
BANK_191,Reed Group Rural Bank,Eastern,Small,2023,Q4,12,2023-Q4,15.4,22.37,15.55,6.71,7.43,84.18,0,Healthy
BANK_192,"Wood, Hunter and Peterson Rural Bank",Greater Accra,Small,2021,Q1,1,2021-Q1,17.74,22.14,11.93,13.59,48.69,93.31,1,High-Risk
BANK_192,"Wood, Hunter and Peterson Rural Bank",Greater Accra,Small,2021,Q2,2,2021-Q2,18.33,23.57,12.0,13.79,40.77,66.63,0,Healthy
BANK_192,"Wood, Hunter and Peterson Rural Bank",Greater Accra,Small,2021,Q3,3,2021-Q3,19.66,24.05,11.83,14.26,10.08,75.23,1,High-Risk
BANK_192,"Wood, Hunter and Peterson Rural Bank",Greater Accra,Small,2021,Q4,4,2021-Q4,19.21,22.86,11.85,14.38,44.07,47.51,1,High-Risk
BANK_192,"Wood, Hunter and Peterson Rural Bank",Greater Accra,Small,2022,Q1,5,2022-Q1,19.19,23.12,11.95,14.76,13.49,93.6,1,High-Risk
BANK_192,"Wood, Hunter and Peterson Rural Bank",Greater Accra,Small,2022,Q2,6,2022-Q2,19.4,24.23,11.73,14.6,8.33,70.88,1,High-Risk
BANK_192,"Wood, Hunter and Peterson Rural Bank",Greater Accra,Small,2022,Q3,7,2022-Q3,19.23,24.88,11.72,14.78,44.28,68.37,1,High-Risk
BANK_192,"Wood, Hunter and Peterson Rural Bank",Greater Accra,Small,2022,Q4,8,2022-Q4,18.19,25.54,11.85,15.31,45.54,57.8,1,High-Risk
BANK_192,"Wood, Hunter and Peterson Rural Bank",Greater Accra,Small,2023,Q1,9,2023-Q1,19.03,24.51,11.75,15.03,25.58,84.33,1,High-Risk
BANK_192,"Wood, Hunter and Peterson Rural Bank",Greater Accra,Small,2023,Q2,10,2023-Q2,18.91,24.08,11.9,14.93,34.66,55.09,1,High-Risk
BANK_192,"Wood, Hunter and Peterson Rural Bank",Greater Accra,Small,2023,Q3,11,2023-Q3,20.02,23.49,12.17,14.61,18.38,67.54,0,Healthy
BANK_192,"Wood, Hunter and Peterson Rural Bank",Greater Accra,Small,2023,Q4,12,2023-Q4,20.11,24.64,12.32,14.49,44.91,69.9,0,Healthy
BANK_193,Short-Garcia Rural Bank,Greater Accra,Medium,2021,Q1,1,2021-Q1,70.91,42.31,13.56,5.19,31.06,63.47,0,Healthy
BANK_193,Short-Garcia Rural Bank,Greater Accra,Medium,2021,Q2,2,2021-Q2,76.23,41.9,13.56,5.35,17.71,59.53,0,Healthy
BANK_193,Short-Garcia Rural Bank,Greater Accra,Medium,2021,Q3,3,2021-Q3,65.59,42.46,13.62,5.42,14.07,81.15,0,Healthy
BANK_193,Short-Garcia Rural Bank,Greater Accra,Medium,2021,Q4,4,2021-Q4,67.73,43.79,13.63,5.38,18.62,66.19,0,Healthy
BANK_193,Short-Garcia Rural Bank,Greater Accra,Medium,2022,Q1,5,2022-Q1,70.96,46.72,13.66,5.46,27.96,66.4,0,Healthy
BANK_193,Short-Garcia Rural Bank,Greater Accra,Medium,2022,Q2,6,2022-Q2,75.6,45.33,13.5,5.66,41.82,87.62,0,Healthy
BANK_193,Short-Garcia Rural Bank,Greater Accra,Medium,2022,Q3,7,2022-Q3,79.49,45.09,13.49,5.69,13.99,61.3,0,Healthy
BANK_193,Short-Garcia Rural Bank,Greater Accra,Medium,2022,Q4,8,2022-Q4,70.46,42.6,13.48,6.15,15.64,73.8,0,Healthy
BANK_193,Short-Garcia Rural Bank,Greater Accra,Medium,2023,Q1,9,2023-Q1,75.96,44.31,13.58,6.24,11.25,83.59,0,Healthy
BANK_193,Short-Garcia Rural Bank,Greater Accra,Medium,2023,Q2,10,2023-Q2,73.11,43.33,13.51,6.3,42.84,55.91,0,Healthy
BANK_193,Short-Garcia Rural Bank,Greater Accra,Medium,2023,Q3,11,2023-Q3,74.04,41.16,13.44,6.23,33.9,55.26,0,Healthy
BANK_193,Short-Garcia Rural Bank,Greater Accra,Medium,2023,Q4,12,2023-Q4,81.25,41.61,13.8,5.95,41.33,88.13,0,Healthy
BANK_194,Reid-Poole Rural Bank,Eastern,Medium,2021,Q1,1,2021-Q1,117.76,25.67,26.24,5.35,16.11,78.52,0,Healthy
BANK_194,Reid-Poole Rural Bank,Eastern,Medium,2021,Q2,2,2021-Q2,102.77,26.15,25.91,5.46,15.63,59.64,0,Healthy
BANK_194,Reid-Poole Rural Bank,Eastern,Medium,2021,Q3,3,2021-Q3,103.72,26.66,25.72,5.48,10.08,67.17,0,Healthy
BANK_194,Reid-Poole Rural Bank,Eastern,Medium,2021,Q4,4,2021-Q4,120.16,27.9,25.84,5.39,19.06,84.19,0,Healthy
BANK_194,Reid-Poole Rural Bank,Eastern,Medium,2022,Q1,5,2022-Q1,116.39,26.73,26.14,5.48,10.6,71.39,0,Healthy
BANK_194,Reid-Poole Rural Bank,Eastern,Medium,2022,Q2,6,2022-Q2,122.95,26.79,26.39,5.34,20.45,51.5,0,Healthy
BANK_194,Reid-Poole Rural Bank,Eastern,Medium,2022,Q3,7,2022-Q3,127.14,27.27,25.91,5.16,14.56,59.12,0,Healthy
BANK_194,Reid-Poole Rural Bank,Eastern,Medium,2022,Q4,8,2022-Q4,123.8,26.74,25.49,5.17,15.93,79.51,0,Healthy
BANK_194,Reid-Poole Rural Bank,Eastern,Medium,2023,Q1,9,2023-Q1,120.83,26.35,25.62,5.2,9.42,94.61,0,Healthy
BANK_194,Reid-Poole Rural Bank,Eastern,Medium,2023,Q2,10,2023-Q2,129.23,27.41,25.3,5.16,6.36,63.25,0,Healthy
BANK_194,Reid-Poole Rural Bank,Eastern,Medium,2023,Q3,11,2023-Q3,120.93,26.98,24.85,5.29,7.72,41.92,0,Healthy
BANK_194,Reid-Poole Rural Bank,Eastern,Medium,2023,Q4,12,2023-Q4,116.87,27.28,24.94,5.44,19.97,40.54,0,Healthy
BANK_195,"Hernandez, Thompson and Boyd Rural Bank",Greater Accra,Medium,2021,Q1,1,2021-Q1,94.56,24.83,28.31,24.82,4.03,61.24,1,High-Risk
BANK_195,"Hernandez, Thompson and Boyd Rural Bank",Greater Accra,Medium,2021,Q2,2,2021-Q2,101.32,25.04,28.63,24.65,5.89,77.98,1,High-Risk
BANK_195,"Hernandez, Thompson and Boyd Rural Bank",Greater Accra,Medium,2021,Q3,3,2021-Q3,104.76,25.33,28.55,25.15,7.23,52.45,1,High-Risk
BANK_195,"Hernandez, Thompson and Boyd Rural Bank",Greater Accra,Medium,2021,Q4,4,2021-Q4,104.66,24.02,28.54,25.87,4.79,64.19,1,High-Risk
BANK_195,"Hernandez, Thompson and Boyd Rural Bank",Greater Accra,Medium,2022,Q1,5,2022-Q1,94.75,24.07,28.83,25.57,18.2,48.36,1,High-Risk
BANK_195,"Hernandez, Thompson and Boyd Rural Bank",Greater Accra,Medium,2022,Q2,6,2022-Q2,99.97,23.25,28.96,26.91,17.59,86.94,1,High-Risk
BANK_195,"Hernandez, Thompson and Boyd Rural Bank",Greater Accra,Medium,2022,Q3,7,2022-Q3,98.44,23.51,29.25,26.72,15.78,48.28,1,High-Risk
BANK_195,"Hernandez, Thompson and Boyd Rural Bank",Greater Accra,Medium,2022,Q4,8,2022-Q4,95.68,23.58,28.75,27.93,13.73,65.05,1,High-Risk
BANK_195,"Hernandez, Thompson and Boyd Rural Bank",Greater Accra,Medium,2023,Q1,9,2023-Q1,106.91,23.6,28.92,27.84,14.29,71.81,1,High-Risk
BANK_195,"Hernandez, Thompson and Boyd Rural Bank",Greater Accra,Medium,2023,Q2,10,2023-Q2,98.85,23.07,28.82,27.91,7.28,61.31,1,High-Risk
BANK_195,"Hernandez, Thompson and Boyd Rural Bank",Greater Accra,Medium,2023,Q3,11,2023-Q3,109.32,22.77,29.24,28.64,15.18,87.01,1,High-Risk
BANK_195,"Hernandez, Thompson and Boyd Rural Bank",Greater Accra,Medium,2023,Q4,12,2023-Q4,105.75,23.28,29.9,28.45,7.67,58.36,1,High-Risk
BANK_196,"Nelson, Morton and Medina Rural Bank",Upper West,Medium,2021,Q1,1,2021-Q1,78.92,6.36,29.24,12.02,14.18,87.04,1,High-Risk
BANK_196,"Nelson, Morton and Medina Rural Bank",Upper West,Medium,2021,Q2,2,2021-Q2,81.53,6.62,29.2,12.32,5.04,52.62,1,High-Risk
BANK_196,"Nelson, Morton and Medina Rural Bank",Upper West,Medium,2021,Q3,3,2021-Q3,77.95,6.22,29.15,13.04,18.76,41.52,1,High-Risk
BANK_196,"Nelson, Morton and Medina Rural Bank",Upper West,Medium,2021,Q4,4,2021-Q4,81.18,6.3,28.32,13.21,5.56,66.78,1,High-Risk
BANK_196,"Nelson, Morton and Medina Rural Bank",Upper West,Medium,2022,Q1,5,2022-Q1,77.9,6.0,28.58,13.46,14.59,92.86,1,High-Risk
BANK_196,"Nelson, Morton and Medina Rural Bank",Upper West,Medium,2022,Q2,6,2022-Q2,89.49,5.93,28.53,13.29,19.93,94.25,1,High-Risk
BANK_196,"Nelson, Morton and Medina Rural Bank",Upper West,Medium,2022,Q3,7,2022-Q3,89.9,5.78,28.05,13.69,14.46,40.51,1,High-Risk
BANK_196,"Nelson, Morton and Medina Rural Bank",Upper West,Medium,2022,Q4,8,2022-Q4,88.16,5.73,27.75,14.23,6.37,85.13,1,High-Risk
BANK_196,"Nelson, Morton and Medina Rural Bank",Upper West,Medium,2023,Q1,9,2023-Q1,85.51,5.4,27.17,14.8,20.9,80.85,1,High-Risk
BANK_196,"Nelson, Morton and Medina Rural Bank",Upper West,Medium,2023,Q2,10,2023-Q2,85.83,5.42,27.47,15.47,11.35,61.24,1,High-Risk
BANK_196,"Nelson, Morton and Medina Rural Bank",Upper West,Medium,2023,Q3,11,2023-Q3,96.33,5.17,26.93,15.49,6.97,86.8,1,High-Risk
BANK_196,"Nelson, Morton and Medina Rural Bank",Upper West,Medium,2023,Q4,12,2023-Q4,100.0,5.16,27.19,15.57,8.4,72.55,1,High-Risk
BANK_197,Marshall-Petersen Rural Bank,Greater Accra,Small,2021,Q1,1,2021-Q1,22.62,32.45,18.73,12.55,8.28,64.33,0,Healthy
BANK_197,Marshall-Petersen Rural Bank,Greater Accra,Small,2021,Q2,2,2021-Q2,22.24,32.53,18.16,12.6,26.71,74.52,0,Healthy
BANK_197,Marshall-Petersen Rural Bank,Greater Accra,Small,2021,Q3,3,2021-Q3,21.91,33.18,18.29,12.87,32.03,48.5,0,Healthy
BANK_197,Marshall-Petersen Rural Bank,Greater Accra,Small,2021,Q4,4,2021-Q4,21.88,33.67,18.02,13.33,20.75,68.19,0,Healthy
BANK_197,Marshall-Petersen Rural Bank,Greater Accra,Small,2022,Q1,5,2022-Q1,21.58,32.92,18.16,13.6,9.87,71.11,0,Healthy
BANK_197,Marshall-Petersen Rural Bank,Greater Accra,Small,2022,Q2,6,2022-Q2,24.79,33.51,17.91,13.6,19.32,82.87,0,Healthy
BANK_197,Marshall-Petersen Rural Bank,Greater Accra,Small,2022,Q3,7,2022-Q3,25.57,33.22,17.89,13.73,22.88,44.37,0,Healthy
BANK_197,Marshall-Petersen Rural Bank,Greater Accra,Small,2022,Q4,8,2022-Q4,21.54,32.93,17.78,14.99,24.3,89.77,0,Healthy
BANK_197,Marshall-Petersen Rural Bank,Greater Accra,Small,2023,Q1,9,2023-Q1,21.38,34.02,17.76,15.24,29.88,83.2,1,High-Risk
BANK_197,Marshall-Petersen Rural Bank,Greater Accra,Small,2023,Q2,10,2023-Q2,20.23,34.82,17.77,15.5,28.58,50.05,1,High-Risk
BANK_197,Marshall-Petersen Rural Bank,Greater Accra,Small,2023,Q3,11,2023-Q3,20.39,34.05,17.72,15.42,27.78,81.98,1,High-Risk
BANK_197,Marshall-Petersen Rural Bank,Greater Accra,Small,2023,Q4,12,2023-Q4,20.63,33.2,18.19,15.22,8.27,49.58,1,High-Risk
BANK_198,"Adams, Christian and Rivas Rural Bank",Volta,Small,2021,Q1,1,2021-Q1,46.99,6.1,20.0,15.51,12.89,63.86,1,High-Risk
BANK_198,"Adams, Christian and Rivas Rural Bank",Volta,Small,2021,Q2,2,2021-Q2,46.52,6.09,19.88,15.56,11.44,55.05,1,High-Risk
BANK_198,"Adams, Christian and Rivas Rural Bank",Volta,Small,2021,Q3,3,2021-Q3,52.43,6.03,19.76,15.62,17.03,74.42,1,High-Risk
BANK_198,"Adams, Christian and Rivas Rural Bank",Volta,Small,2021,Q4,4,2021-Q4,53.63,5.88,19.76,15.27,4.95,48.36,1,High-Risk
BANK_198,"Adams, Christian and Rivas Rural Bank",Volta,Small,2022,Q1,5,2022-Q1,54.75,5.89,19.72,15.56,5.66,69.35,1,High-Risk
BANK_198,"Adams, Christian and Rivas Rural Bank",Volta,Small,2022,Q2,6,2022-Q2,58.32,6.18,19.52,15.42,8.82,86.33,1,High-Risk
BANK_198,"Adams, Christian and Rivas Rural Bank",Volta,Small,2022,Q3,7,2022-Q3,58.54,5.93,19.64,15.98,24.96,78.03,1,High-Risk
BANK_198,"Adams, Christian and Rivas Rural Bank",Volta,Small,2022,Q4,8,2022-Q4,52.94,5.74,19.85,16.69,16.21,78.86,1,High-Risk
BANK_198,"Adams, Christian and Rivas Rural Bank",Volta,Small,2023,Q1,9,2023-Q1,52.44,5.63,19.25,16.79,7.52,84.1,1,High-Risk
BANK_198,"Adams, Christian and Rivas Rural Bank",Volta,Small,2023,Q2,10,2023-Q2,51.91,5.48,19.64,16.98,23.86,92.5,1,High-Risk
BANK_198,"Adams, Christian and Rivas Rural Bank",Volta,Small,2023,Q3,11,2023-Q3,51.23,5.38,19.43,17.28,22.25,57.76,1,High-Risk
BANK_198,"Adams, Christian and Rivas Rural Bank",Volta,Small,2023,Q4,12,2023-Q4,50.49,5.5,19.42,17.43,29.94,48.52,1,High-Risk
BANK_199,Ramirez Group Rural Bank,Greater Accra,Small,2021,Q1,1,2021-Q1,45.09,37.89,25.81,0.83,10.72,68.69,0,Healthy
BANK_199,Ramirez Group Rural Bank,Greater Accra,Small,2021,Q2,2,2021-Q2,43.79,38.29,25.48,0.84,7.06,45.84,0,Healthy
BANK_199,Ramirez Group Rural Bank,Greater Accra,Small,2021,Q3,3,2021-Q3,43.26,37.9,25.42,0.86,21.16,54.37,0,Healthy
BANK_199,Ramirez Group Rural Bank,Greater Accra,Small,2021,Q4,4,2021-Q4,43.66,37.09,25.3,0.87,10.14,82.54,0,Healthy
BANK_199,Ramirez Group Rural Bank,Greater Accra,Small,2022,Q1,5,2022-Q1,43.43,38.4,25.52,0.87,9.47,77.76,0,Healthy
BANK_199,Ramirez Group Rural Bank,Greater Accra,Small,2022,Q2,6,2022-Q2,43.56,37.59,25.4,0.88,18.51,44.0,0,Healthy
BANK_199,Ramirez Group Rural Bank,Greater Accra,Small,2022,Q3,7,2022-Q3,44.5,38.59,25.2,0.86,7.58,80.07,0,Healthy
BANK_199,Ramirez Group Rural Bank,Greater Accra,Small,2022,Q4,8,2022-Q4,43.98,38.47,25.08,0.94,7.08,88.74,0,Healthy
BANK_199,Ramirez Group Rural Bank,Greater Accra,Small,2023,Q1,9,2023-Q1,41.92,37.51,25.06,0.96,11.49,50.93,0,Healthy
BANK_199,Ramirez Group Rural Bank,Greater Accra,Small,2023,Q2,10,2023-Q2,37.81,37.78,25.41,0.99,5.37,67.38,0,Healthy
BANK_199,Ramirez Group Rural Bank,Greater Accra,Small,2023,Q3,11,2023-Q3,40.35,40.94,25.11,0.96,4.74,68.24,0,Healthy
BANK_199,Ramirez Group Rural Bank,Greater Accra,Small,2023,Q4,12,2023-Q4,43.31,41.55,25.16,0.93,5.41,60.91,0,Healthy
BANK_200,Christensen PLC Rural Bank,Central,Small,2021,Q1,1,2021-Q1,44.58,8.64,27.13,18.12,20.91,63.49,1,High-Risk
BANK_200,Christensen PLC Rural Bank,Central,Small,2021,Q2,2,2021-Q2,45.97,8.8,27.7,18.26,5.16,78.96,1,High-Risk
BANK_200,Christensen PLC Rural Bank,Central,Small,2021,Q3,3,2021-Q3,43.62,8.95,27.74,17.59,7.54,89.07,1,High-Risk
BANK_200,Christensen PLC Rural Bank,Central,Small,2021,Q4,4,2021-Q4,44.62,8.98,28.08,18.15,9.87,77.13,1,High-Risk
BANK_200,Christensen PLC Rural Bank,Central,Small,2022,Q1,5,2022-Q1,50.72,9.21,28.22,17.88,14.07,86.98,1,High-Risk
BANK_200,Christensen PLC Rural Bank,Central,Small,2022,Q2,6,2022-Q2,57.82,9.64,28.2,16.71,11.1,71.26,1,High-Risk
BANK_200,Christensen PLC Rural Bank,Central,Small,2022,Q3,7,2022-Q3,65.25,9.55,28.23,16.42,16.26,53.55,1,High-Risk
BANK_200,Christensen PLC Rural Bank,Central,Small,2022,Q4,8,2022-Q4,67.8,9.27,27.89,15.88,13.74,79.84,1,High-Risk
BANK_200,Christensen PLC Rural Bank,Central,Small,2023,Q1,9,2023-Q1,68.41,9.9,28.14,15.57,19.41,70.78,1,High-Risk
BANK_200,Christensen PLC Rural Bank,Central,Small,2023,Q2,10,2023-Q2,72.9,9.27,28.59,15.58,17.13,66.52,1,High-Risk
BANK_200,Christensen PLC Rural Bank,Central,Small,2023,Q3,11,2023-Q3,76.18,9.37,28.5,16.62,18.21,76.36,1,High-Risk
BANK_200,Christensen PLC Rural Bank,Central,Small,2023,Q4,12,2023-Q4,85.33,9.43,28.85,16.53,8.86,66.57,1,High-Risk
BANK_201,"Barnett, Rogers and Snyder Rural Bank",Western,Large,2021,Q1,1,2021-Q1,304.93,10.49,11.49,10.85,28.45,46.43,1,High-Risk
BANK_201,"Barnett, Rogers and Snyder Rural Bank",Western,Large,2021,Q2,2,2021-Q2,275.21,10.38,11.36,10.78,41.15,69.48,1,High-Risk
BANK_201,"Barnett, Rogers and Snyder Rural Bank",Western,Large,2021,Q3,3,2021-Q3,275.34,10.1,11.51,10.94,31.76,51.01,1,High-Risk
BANK_201,"Barnett, Rogers and Snyder Rural Bank",Western,Large,2021,Q4,4,2021-Q4,287.27,10.46,11.48,10.28,33.71,47.48,1,High-Risk
BANK_201,"Barnett, Rogers and Snyder Rural Bank",Western,Large,2022,Q1,5,2022-Q1,305.52,10.89,11.42,10.05,22.29,70.78,1,High-Risk
BANK_201,"Barnett, Rogers and Snyder Rural Bank",Western,Large,2022,Q2,6,2022-Q2,353.25,11.25,11.43,9.56,48.19,83.62,1,High-Risk
BANK_201,"Barnett, Rogers and Snyder Rural Bank",Western,Large,2022,Q3,7,2022-Q3,347.29,11.72,11.51,9.56,33.78,40.44,1,High-Risk
BANK_201,"Barnett, Rogers and Snyder Rural Bank",Western,Large,2022,Q4,8,2022-Q4,323.13,11.54,11.53,10.0,13.44,70.39,1,High-Risk
BANK_201,"Barnett, Rogers and Snyder Rural Bank",Western,Large,2023,Q1,9,2023-Q1,338.65,11.98,11.61,10.5,38.34,54.11,1,High-Risk
BANK_201,"Barnett, Rogers and Snyder Rural Bank",Western,Large,2023,Q2,10,2023-Q2,389.86,11.95,11.52,9.66,7.33,43.43,1,High-Risk
BANK_201,"Barnett, Rogers and Snyder Rural Bank",Western,Large,2023,Q3,11,2023-Q3,384.04,11.65,11.7,9.84,43.26,56.79,1,High-Risk
BANK_201,"Barnett, Rogers and Snyder Rural Bank",Western,Large,2023,Q4,12,2023-Q4,392.69,11.44,11.6,9.96,25.15,82.16,1,High-Risk
BANK_202,White-Lewis Rural Bank,Upper East,Medium,2021,Q1,1,2021-Q1,54.31,25.29,19.31,9.39,26.69,64.87,0,Healthy
BANK_202,White-Lewis Rural Bank,Upper East,Medium,2021,Q2,2,2021-Q2,58.21,24.64,19.23,9.19,13.67,40.95,0,Healthy
BANK_202,White-Lewis Rural Bank,Upper East,Medium,2021,Q3,3,2021-Q3,51.23,24.35,19.29,9.79,16.95,67.18,0,Healthy
BANK_202,White-Lewis Rural Bank,Upper East,Medium,2021,Q4,4,2021-Q4,50.77,23.92,19.32,9.65,26.32,42.93,0,Healthy
BANK_202,White-Lewis Rural Bank,Upper East,Medium,2022,Q1,5,2022-Q1,50.16,25.42,19.29,9.98,18.6,46.16,0,Healthy
BANK_202,White-Lewis Rural Bank,Upper East,Medium,2022,Q2,6,2022-Q2,53.47,24.91,19.49,10.31,26.61,82.11,0,Healthy
BANK_202,White-Lewis Rural Bank,Upper East,Medium,2022,Q3,7,2022-Q3,54.17,25.93,19.19,10.52,19.57,40.24,0,Healthy
BANK_202,White-Lewis Rural Bank,Upper East,Medium,2022,Q4,8,2022-Q4,46.92,24.9,19.36,11.47,18.53,59.91,0,Healthy
BANK_202,White-Lewis Rural Bank,Upper East,Medium,2023,Q1,9,2023-Q1,50.05,25.96,19.7,11.38,8.92,82.19,0,Healthy
BANK_202,White-Lewis Rural Bank,Upper East,Medium,2023,Q2,10,2023-Q2,51.9,26.44,19.58,11.07,19.92,88.05,0,Healthy
BANK_202,White-Lewis Rural Bank,Upper East,Medium,2023,Q3,11,2023-Q3,56.64,25.92,19.92,10.85,15.73,72.09,0,Healthy
BANK_202,White-Lewis Rural Bank,Upper East,Medium,2023,Q4,12,2023-Q4,56.1,25.59,19.72,11.3,17.39,44.53,0,Healthy
BANK_203,Peterson-Beard Rural Bank,Eastern,Medium,2021,Q1,1,2021-Q1,154.47,28.01,18.13,1.91,10.6,44.14,0,Healthy
BANK_203,Peterson-Beard Rural Bank,Eastern,Medium,2021,Q2,2,2021-Q2,155.07,28.5,18.05,1.99,8.38,89.44,0,Healthy
BANK_203,Peterson-Beard Rural Bank,Eastern,Medium,2021,Q3,3,2021-Q3,150.26,27.9,17.97,2.05,12.74,70.85,0,Healthy
BANK_203,Peterson-Beard Rural Bank,Eastern,Medium,2021,Q4,4,2021-Q4,165.88,26.84,17.57,1.99,20.58,86.05,0,Healthy
BANK_203,Peterson-Beard Rural Bank,Eastern,Medium,2022,Q1,5,2022-Q1,163.94,26.45,17.69,1.91,32.94,80.29,0,Healthy
BANK_203,Peterson-Beard Rural Bank,Eastern,Medium,2022,Q2,6,2022-Q2,164.49,27.93,17.44,1.87,19.62,89.24,0,Healthy
BANK_203,Peterson-Beard Rural Bank,Eastern,Medium,2022,Q3,7,2022-Q3,150.05,29.06,17.38,1.84,21.11,92.7,0,Healthy
BANK_203,Peterson-Beard Rural Bank,Eastern,Medium,2022,Q4,8,2022-Q4,154.47,29.43,17.09,1.93,17.49,57.97,0,Healthy
BANK_203,Peterson-Beard Rural Bank,Eastern,Medium,2023,Q1,9,2023-Q1,165.92,30.18,17.18,1.97,18.75,67.06,0,Healthy
BANK_203,Peterson-Beard Rural Bank,Eastern,Medium,2023,Q2,10,2023-Q2,179.86,29.45,17.11,1.99,16.67,44.23,0,Healthy
BANK_203,Peterson-Beard Rural Bank,Eastern,Medium,2023,Q3,11,2023-Q3,170.79,28.97,16.97,2.02,29.07,43.42,0,Healthy
BANK_203,Peterson-Beard Rural Bank,Eastern,Medium,2023,Q4,12,2023-Q4,167.39,29.14,17.03,2.02,32.99,78.99,0,Healthy
BANK_204,"Beard, Peters and Black Rural Bank",Eastern,Small,2021,Q1,1,2021-Q1,32.69,25.46,9.94,5.74,35.09,91.84,1,High-Risk
BANK_204,"Beard, Peters and Black Rural Bank",Eastern,Small,2021,Q2,2,2021-Q2,31.56,26.33,9.91,5.8,60.47,53.46,1,High-Risk
BANK_204,"Beard, Peters and Black Rural Bank",Eastern,Small,2021,Q3,3,2021-Q3,30.12,26.89,9.94,5.95,33.44,60.97,1,High-Risk
BANK_204,"Beard, Peters and Black Rural Bank",Eastern,Small,2021,Q4,4,2021-Q4,31.02,28.34,10.1,5.97,24.18,59.84,1,High-Risk
BANK_204,"Beard, Peters and Black Rural Bank",Eastern,Small,2022,Q1,5,2022-Q1,32.66,28.15,10.05,5.78,47.5,59.36,1,High-Risk
BANK_204,"Beard, Peters and Black Rural Bank",Eastern,Small,2022,Q2,6,2022-Q2,34.14,28.15,9.95,5.52,45.01,52.6,1,High-Risk
BANK_204,"Beard, Peters and Black Rural Bank",Eastern,Small,2022,Q3,7,2022-Q3,35.62,27.12,9.98,5.63,31.8,65.21,1,High-Risk
BANK_204,"Beard, Peters and Black Rural Bank",Eastern,Small,2022,Q4,8,2022-Q4,34.58,27.31,10.0,5.75,36.69,86.09,1,High-Risk
BANK_204,"Beard, Peters and Black Rural Bank",Eastern,Small,2023,Q1,9,2023-Q1,35.07,27.35,9.98,5.93,29.02,52.05,1,High-Risk
BANK_204,"Beard, Peters and Black Rural Bank",Eastern,Small,2023,Q2,10,2023-Q2,37.61,28.5,9.93,5.89,20.27,87.85,1,High-Risk
BANK_204,"Beard, Peters and Black Rural Bank",Eastern,Small,2023,Q3,11,2023-Q3,38.09,27.28,9.79,6.05,50.15,82.63,1,High-Risk
BANK_204,"Beard, Peters and Black Rural Bank",Eastern,Small,2023,Q4,12,2023-Q4,39.15,27.02,9.5,6.04,44.06,43.03,1,High-Risk
BANK_205,Miller Ltd Rural Bank,Greater Accra,Medium,2021,Q1,1,2021-Q1,131.05,23.84,9.26,14.16,36.17,52.14,1,High-Risk
BANK_205,Miller Ltd Rural Bank,Greater Accra,Medium,2021,Q2,2,2021-Q2,128.36,23.51,9.16,14.12,14.26,92.13,1,High-Risk
BANK_205,Miller Ltd Rural Bank,Greater Accra,Medium,2021,Q3,3,2021-Q3,131.24,22.87,9.25,14.38,36.51,55.01,1,High-Risk
BANK_205,Miller Ltd Rural Bank,Greater Accra,Medium,2021,Q4,4,2021-Q4,128.56,23.48,9.34,14.41,62.47,41.63,1,High-Risk
BANK_205,Miller Ltd Rural Bank,Greater Accra,Medium,2022,Q1,5,2022-Q1,129.3,24.17,9.27,14.46,19.01,77.02,1,High-Risk
BANK_205,Miller Ltd Rural Bank,Greater Accra,Medium,2022,Q2,6,2022-Q2,137.71,23.02,9.32,14.68,19.78,57.6,1,High-Risk
BANK_205,Miller Ltd Rural Bank,Greater Accra,Medium,2022,Q3,7,2022-Q3,137.59,22.76,9.34,14.48,62.76,59.19,1,High-Risk
BANK_205,Miller Ltd Rural Bank,Greater Accra,Medium,2022,Q4,8,2022-Q4,120.23,22.5,9.51,15.69,46.22,40.24,1,High-Risk
BANK_205,Miller Ltd Rural Bank,Greater Accra,Medium,2023,Q1,9,2023-Q1,124.69,24.34,9.55,15.57,57.38,92.78,1,High-Risk
BANK_205,Miller Ltd Rural Bank,Greater Accra,Medium,2023,Q2,10,2023-Q2,127.15,24.02,9.42,15.65,17.83,79.82,1,High-Risk
BANK_205,Miller Ltd Rural Bank,Greater Accra,Medium,2023,Q3,11,2023-Q3,130.11,24.84,9.46,15.62,41.72,78.07,1,High-Risk
BANK_205,Miller Ltd Rural Bank,Greater Accra,Medium,2023,Q4,12,2023-Q4,139.86,25.36,9.45,15.55,14.46,64.49,1,High-Risk
BANK_206,Freeman-Chang Rural Bank,Central,Medium,2021,Q1,1,2021-Q1,154.14,33.11,18.38,6.54,24.38,81.26,0,Healthy
BANK_206,Freeman-Chang Rural Bank,Central,Medium,2021,Q2,2,2021-Q2,155.99,32.53,18.65,6.72,14.3,88.38,0,Healthy
BANK_206,Freeman-Chang Rural Bank,Central,Medium,2021,Q3,3,2021-Q3,167.16,32.76,18.75,6.86,22.33,47.17,0,Healthy
BANK_206,Freeman-Chang Rural Bank,Central,Medium,2021,Q4,4,2021-Q4,183.64,33.85,18.72,7.05,8.64,56.35,0,Healthy
BANK_206,Freeman-Chang Rural Bank,Central,Medium,2022,Q1,5,2022-Q1,190.86,33.81,18.85,6.94,13.53,80.73,0,Healthy
BANK_206,Freeman-Chang Rural Bank,Central,Medium,2022,Q2,6,2022-Q2,211.66,36.09,18.65,6.22,18.63,83.37,0,Healthy
BANK_206,Freeman-Chang Rural Bank,Central,Medium,2022,Q3,7,2022-Q3,225.21,36.49,18.61,6.36,6.7,40.48,0,Healthy
BANK_206,Freeman-Chang Rural Bank,Central,Medium,2022,Q4,8,2022-Q4,235.11,36.14,18.47,6.4,18.47,74.76,0,Healthy
BANK_206,Freeman-Chang Rural Bank,Central,Medium,2023,Q1,9,2023-Q1,248.8,37.64,18.52,6.13,10.21,82.8,0,Healthy
BANK_206,Freeman-Chang Rural Bank,Central,Medium,2023,Q2,10,2023-Q2,252.56,38.73,18.74,6.24,19.28,57.24,0,Healthy
BANK_206,Freeman-Chang Rural Bank,Central,Medium,2023,Q3,11,2023-Q3,249.02,39.27,18.35,6.61,7.13,40.68,0,Healthy
BANK_206,Freeman-Chang Rural Bank,Central,Medium,2023,Q4,12,2023-Q4,271.81,39.25,18.32,6.59,18.93,90.75,0,Healthy
BANK_207,"Alvarez, Joseph and West Rural Bank",Eastern,Medium,2021,Q1,1,2021-Q1,53.14,22.67,26.07,21.85,11.4,74.5,1,High-Risk
BANK_207,"Alvarez, Joseph and West Rural Bank",Eastern,Medium,2021,Q2,2,2021-Q2,50.55,22.02,26.31,21.87,11.89,60.53,1,High-Risk
BANK_207,"Alvarez, Joseph and West Rural Bank",Eastern,Medium,2021,Q3,3,2021-Q3,51.31,22.25,26.71,22.77,13.69,72.25,1,High-Risk
BANK_207,"Alvarez, Joseph and West Rural Bank",Eastern,Medium,2021,Q4,4,2021-Q4,55.97,23.56,27.08,23.03,19.65,43.56,1,High-Risk
BANK_207,"Alvarez, Joseph and West Rural Bank",Eastern,Medium,2022,Q1,5,2022-Q1,50.88,23.52,27.38,23.11,5.4,88.33,1,High-Risk
BANK_207,"Alvarez, Joseph and West Rural Bank",Eastern,Medium,2022,Q2,6,2022-Q2,52.33,23.22,27.14,22.97,4.83,45.33,1,High-Risk
BANK_207,"Alvarez, Joseph and West Rural Bank",Eastern,Medium,2022,Q3,7,2022-Q3,49.42,22.11,26.84,23.55,17.26,79.67,1,High-Risk
BANK_207,"Alvarez, Joseph and West Rural Bank",Eastern,Medium,2022,Q4,8,2022-Q4,46.73,21.0,26.64,24.12,8.44,65.37,1,High-Risk
BANK_207,"Alvarez, Joseph and West Rural Bank",Eastern,Medium,2023,Q1,9,2023-Q1,44.97,21.5,26.65,24.27,18.52,68.21,1,High-Risk
BANK_207,"Alvarez, Joseph and West Rural Bank",Eastern,Medium,2023,Q2,10,2023-Q2,46.3,22.05,26.92,23.79,9.03,44.21,1,High-Risk
BANK_207,"Alvarez, Joseph and West Rural Bank",Eastern,Medium,2023,Q3,11,2023-Q3,48.7,22.48,27.1,24.39,9.2,86.22,1,High-Risk
BANK_207,"Alvarez, Joseph and West Rural Bank",Eastern,Medium,2023,Q4,12,2023-Q4,45.21,23.52,27.58,24.45,19.62,50.0,1,High-Risk
BANK_208,Davis and Sons Rural Bank,Northern,Large,2021,Q1,1,2021-Q1,368.69,18.76,20.44,8.61,23.25,60.4,0,Healthy
BANK_208,Davis and Sons Rural Bank,Northern,Large,2021,Q2,2,2021-Q2,377.0,18.4,20.45,8.65,26.61,80.97,0,Healthy
BANK_208,Davis and Sons Rural Bank,Northern,Large,2021,Q3,3,2021-Q3,318.91,18.0,20.69,9.26,26.77,53.14,0,Healthy
BANK_208,Davis and Sons Rural Bank,Northern,Large,2021,Q4,4,2021-Q4,342.95,18.54,21.02,8.98,4.64,63.98,0,Healthy
BANK_208,Davis and Sons Rural Bank,Northern,Large,2022,Q1,5,2022-Q1,336.76,19.13,20.94,8.83,15.16,60.12,0,Healthy
BANK_208,Davis and Sons Rural Bank,Northern,Large,2022,Q2,6,2022-Q2,364.4,18.49,21.0,8.52,14.45,85.46,0,Healthy
BANK_208,Davis and Sons Rural Bank,Northern,Large,2022,Q3,7,2022-Q3,425.36,19.41,20.99,8.59,4.81,62.06,0,Healthy
BANK_208,Davis and Sons Rural Bank,Northern,Large,2022,Q4,8,2022-Q4,402.78,18.72,20.9,9.2,9.39,49.8,0,Healthy
BANK_208,Davis and Sons Rural Bank,Northern,Large,2023,Q1,9,2023-Q1,409.25,18.62,21.17,9.41,14.79,63.65,0,Healthy
BANK_208,Davis and Sons Rural Bank,Northern,Large,2023,Q2,10,2023-Q2,456.75,17.44,21.34,9.34,5.22,86.63,0,Healthy
BANK_208,Davis and Sons Rural Bank,Northern,Large,2023,Q3,11,2023-Q3,446.99,18.09,21.53,9.24,22.14,73.66,0,Healthy
BANK_208,Davis and Sons Rural Bank,Northern,Large,2023,Q4,12,2023-Q4,477.38,17.55,21.41,9.42,18.98,56.89,0,Healthy
BANK_209,Holt-Torres Rural Bank,Ashanti,Small,2021,Q1,1,2021-Q1,6.9,24.46,12.43,6.38,17.96,91.4,0,Healthy
BANK_209,Holt-Torres Rural Bank,Ashanti,Small,2021,Q2,2,2021-Q2,7.35,24.3,12.3,6.56,32.48,69.78,0,Healthy
BANK_209,Holt-Torres Rural Bank,Ashanti,Small,2021,Q3,3,2021-Q3,7.23,24.48,12.26,6.69,31.58,91.24,0,Healthy
BANK_209,Holt-Torres Rural Bank,Ashanti,Small,2021,Q4,4,2021-Q4,7.56,24.73,12.21,6.59,46.24,80.46,0,Healthy
BANK_209,Holt-Torres Rural Bank,Ashanti,Small,2022,Q1,5,2022-Q1,7.12,24.05,12.39,6.75,12.23,49.81,0,Healthy
BANK_209,Holt-Torres Rural Bank,Ashanti,Small,2022,Q2,6,2022-Q2,7.62,24.08,12.52,6.4,7.87,51.85,0,Healthy
BANK_209,Holt-Torres Rural Bank,Ashanti,Small,2022,Q3,7,2022-Q3,8.03,23.56,12.59,6.45,35.45,76.54,0,Healthy
BANK_209,Holt-Torres Rural Bank,Ashanti,Small,2022,Q4,8,2022-Q4,7.75,22.69,12.55,6.54,41.34,49.89,0,Healthy
BANK_209,Holt-Torres Rural Bank,Ashanti,Small,2023,Q1,9,2023-Q1,8.03,22.1,12.41,6.47,17.72,49.96,0,Healthy
BANK_209,Holt-Torres Rural Bank,Ashanti,Small,2023,Q2,10,2023-Q2,8.97,21.99,12.33,6.27,41.13,75.76,0,Healthy
BANK_209,Holt-Torres Rural Bank,Ashanti,Small,2023,Q3,11,2023-Q3,9.3,21.58,12.32,6.18,41.6,80.7,0,Healthy
BANK_209,Holt-Torres Rural Bank,Ashanti,Small,2023,Q4,12,2023-Q4,9.9,22.32,12.5,6.14,34.93,55.38,0,Healthy
BANK_210,"Wood, Tran and Cooper Rural Bank",Ashanti,Large,2021,Q1,1,2021-Q1,394.39,24.06,10.61,20.59,26.7,44.64,1,High-Risk
BANK_210,"Wood, Tran and Cooper Rural Bank",Ashanti,Large,2021,Q2,2,2021-Q2,405.8,23.67,10.66,21.24,26.84,93.3,1,High-Risk
BANK_210,"Wood, Tran and Cooper Rural Bank",Ashanti,Large,2021,Q3,3,2021-Q3,402.39,23.2,10.63,21.97,27.76,61.03,1,High-Risk
BANK_210,"Wood, Tran and Cooper Rural Bank",Ashanti,Large,2021,Q4,4,2021-Q4,422.91,22.69,10.65,22.02,15.71,43.4,1,High-Risk
BANK_210,"Wood, Tran and Cooper Rural Bank",Ashanti,Large,2022,Q1,5,2022-Q1,432.97,22.21,10.71,22.36,42.01,49.19,1,High-Risk
BANK_210,"Wood, Tran and Cooper Rural Bank",Ashanti,Large,2022,Q2,6,2022-Q2,442.94,23.48,10.59,21.71,25.27,45.05,1,High-Risk
BANK_210,"Wood, Tran and Cooper Rural Bank",Ashanti,Large,2022,Q3,7,2022-Q3,475.2,23.66,10.79,20.92,51.41,50.41,1,High-Risk
BANK_210,"Wood, Tran and Cooper Rural Bank",Ashanti,Large,2022,Q4,8,2022-Q4,447.33,23.1,10.73,21.45,28.37,61.45,1,High-Risk
BANK_210,"Wood, Tran and Cooper Rural Bank",Ashanti,Large,2023,Q1,9,2023-Q1,438.8,22.58,10.61,21.37,33.7,66.59,1,High-Risk
BANK_210,"Wood, Tran and Cooper Rural Bank",Ashanti,Large,2023,Q2,10,2023-Q2,469.5,23.49,10.57,21.57,31.4,92.99,1,High-Risk
BANK_210,"Wood, Tran and Cooper Rural Bank",Ashanti,Large,2023,Q3,11,2023-Q3,477.41,24.69,10.58,22.06,53.12,63.28,1,High-Risk
BANK_210,"Wood, Tran and Cooper Rural Bank",Ashanti,Large,2023,Q4,12,2023-Q4,458.8,25.96,10.45,22.21,42.76,40.91,1,High-Risk
BANK_211,"Pierce, Bell and Chavez Rural Bank",Greater Accra,Medium,2021,Q1,1,2021-Q1,171.35,26.81,25.65,11.85,14.08,92.38,0,Healthy
BANK_211,"Pierce, Bell and Chavez Rural Bank",Greater Accra,Medium,2021,Q2,2,2021-Q2,167.25,26.65,25.52,11.93,11.9,56.65,0,Healthy
BANK_211,"Pierce, Bell and Chavez Rural Bank",Greater Accra,Medium,2021,Q3,3,2021-Q3,178.76,26.98,25.48,12.71,5.62,60.44,0,Healthy
BANK_211,"Pierce, Bell and Chavez Rural Bank",Greater Accra,Medium,2021,Q4,4,2021-Q4,176.77,27.05,25.73,12.73,17.24,64.83,0,Healthy
BANK_211,"Pierce, Bell and Chavez Rural Bank",Greater Accra,Medium,2022,Q1,5,2022-Q1,187.1,26.73,25.72,13.07,8.96,81.75,0,Healthy
BANK_211,"Pierce, Bell and Chavez Rural Bank",Greater Accra,Medium,2022,Q2,6,2022-Q2,193.11,25.94,25.76,13.04,17.04,56.05,0,Healthy
BANK_211,"Pierce, Bell and Chavez Rural Bank",Greater Accra,Medium,2022,Q3,7,2022-Q3,209.28,25.72,26.1,13.05,14.67,43.99,0,Healthy
BANK_211,"Pierce, Bell and Chavez Rural Bank",Greater Accra,Medium,2022,Q4,8,2022-Q4,220.5,25.71,25.99,13.97,13.97,92.62,0,Healthy
BANK_211,"Pierce, Bell and Chavez Rural Bank",Greater Accra,Medium,2023,Q1,9,2023-Q1,204.68,26.14,26.29,13.83,9.87,43.8,0,Healthy
BANK_211,"Pierce, Bell and Chavez Rural Bank",Greater Accra,Medium,2023,Q2,10,2023-Q2,201.35,26.45,26.35,14.38,12.28,62.08,0,Healthy
BANK_211,"Pierce, Bell and Chavez Rural Bank",Greater Accra,Medium,2023,Q3,11,2023-Q3,206.06,26.62,26.06,13.98,10.87,84.04,0,Healthy
BANK_211,"Pierce, Bell and Chavez Rural Bank",Greater Accra,Medium,2023,Q4,12,2023-Q4,194.87,27.59,26.34,13.69,11.54,63.04,0,Healthy
BANK_212,King-Martinez Rural Bank,Ashanti,Small,2021,Q1,1,2021-Q1,18.52,29.62,8.21,6.51,43.87,58.98,1,High-Risk
BANK_212,King-Martinez Rural Bank,Ashanti,Small,2021,Q2,2,2021-Q2,19.33,29.6,8.2,6.7,54.12,66.96,1,High-Risk
BANK_212,King-Martinez Rural Bank,Ashanti,Small,2021,Q3,3,2021-Q3,20.21,30.47,7.98,7.07,25.49,82.94,1,High-Risk
BANK_212,King-Martinez Rural Bank,Ashanti,Small,2021,Q4,4,2021-Q4,20.19,29.36,7.95,7.02,39.68,49.4,1,High-Risk
BANK_212,King-Martinez Rural Bank,Ashanti,Small,2022,Q1,5,2022-Q1,18.42,27.64,8.06,7.15,57.7,73.4,1,High-Risk
BANK_212,King-Martinez Rural Bank,Ashanti,Small,2022,Q2,6,2022-Q2,21.07,27.93,7.81,7.02,44.91,66.67,1,High-Risk
BANK_212,King-Martinez Rural Bank,Ashanti,Small,2022,Q3,7,2022-Q3,21.12,29.45,7.9,7.21,47.57,47.18,1,High-Risk
BANK_212,King-Martinez Rural Bank,Ashanti,Small,2022,Q4,8,2022-Q4,18.97,28.18,7.83,7.55,54.01,86.74,1,High-Risk
BANK_212,King-Martinez Rural Bank,Ashanti,Small,2023,Q1,9,2023-Q1,19.96,28.48,7.91,7.74,66.0,53.75,1,High-Risk
BANK_212,King-Martinez Rural Bank,Ashanti,Small,2023,Q2,10,2023-Q2,21.78,28.53,7.98,7.46,58.94,93.22,1,High-Risk
BANK_212,King-Martinez Rural Bank,Ashanti,Small,2023,Q3,11,2023-Q3,22.96,28.88,8.06,7.28,21.27,48.22,1,High-Risk
BANK_212,King-Martinez Rural Bank,Ashanti,Small,2023,Q4,12,2023-Q4,23.36,29.03,7.93,7.46,41.24,83.67,1,High-Risk
BANK_213,Stewart Ltd Rural Bank,Eastern,Small,2021,Q1,1,2021-Q1,7.87,28.91,25.8,5.87,22.22,87.14,0,Healthy
BANK_213,Stewart Ltd Rural Bank,Eastern,Small,2021,Q2,2,2021-Q2,7.48,30.12,26.04,6.14,11.96,54.61,0,Healthy
BANK_213,Stewart Ltd Rural Bank,Eastern,Small,2021,Q3,3,2021-Q3,8.04,30.26,26.07,6.34,21.39,71.4,0,Healthy
BANK_213,Stewart Ltd Rural Bank,Eastern,Small,2021,Q4,4,2021-Q4,8.68,31.28,26.08,6.19,10.71,55.75,0,Healthy
BANK_213,Stewart Ltd Rural Bank,Eastern,Small,2022,Q1,5,2022-Q1,9.11,32.82,26.02,6.37,9.88,85.21,0,Healthy
BANK_213,Stewart Ltd Rural Bank,Eastern,Small,2022,Q2,6,2022-Q2,9.11,34.02,25.92,6.41,11.87,91.61,0,Healthy
BANK_213,Stewart Ltd Rural Bank,Eastern,Small,2022,Q3,7,2022-Q3,9.65,32.99,25.92,6.4,9.84,63.08,0,Healthy
BANK_213,Stewart Ltd Rural Bank,Eastern,Small,2022,Q4,8,2022-Q4,9.59,32.31,26.28,6.63,15.33,93.16,0,Healthy
BANK_213,Stewart Ltd Rural Bank,Eastern,Small,2023,Q1,9,2023-Q1,10.0,32.23,26.3,6.53,14.39,53.45,0,Healthy
BANK_213,Stewart Ltd Rural Bank,Eastern,Small,2023,Q2,10,2023-Q2,10.99,30.78,26.45,6.51,5.97,59.66,0,Healthy
BANK_213,Stewart Ltd Rural Bank,Eastern,Small,2023,Q3,11,2023-Q3,11.51,30.62,26.8,6.59,20.52,88.68,0,Healthy
BANK_213,Stewart Ltd Rural Bank,Eastern,Small,2023,Q4,12,2023-Q4,11.72,31.4,26.88,6.78,17.88,89.81,0,Healthy
BANK_214,"Tapia, Vaughn and Lee Rural Bank",Volta,Medium,2021,Q1,1,2021-Q1,154.99,15.67,29.9,8.16,15.47,49.56,0,Healthy
BANK_214,"Tapia, Vaughn and Lee Rural Bank",Volta,Medium,2021,Q2,2,2021-Q2,158.56,16.19,29.32,8.26,3.4,92.95,0,Healthy
BANK_214,"Tapia, Vaughn and Lee Rural Bank",Volta,Medium,2021,Q3,3,2021-Q3,176.31,16.82,29.27,8.16,10.55,68.02,0,Healthy
BANK_214,"Tapia, Vaughn and Lee Rural Bank",Volta,Medium,2021,Q4,4,2021-Q4,183.56,16.6,29.78,7.98,12.24,70.92,0,Healthy
BANK_214,"Tapia, Vaughn and Lee Rural Bank",Volta,Medium,2022,Q1,5,2022-Q1,191.19,15.98,29.53,7.97,5.02,79.53,0,Healthy
BANK_214,"Tapia, Vaughn and Lee Rural Bank",Volta,Medium,2022,Q2,6,2022-Q2,203.22,16.28,29.44,7.86,17.31,42.74,0,Healthy
BANK_214,"Tapia, Vaughn and Lee Rural Bank",Volta,Medium,2022,Q3,7,2022-Q3,209.98,16.19,29.22,8.02,20.19,44.71,0,Healthy
BANK_214,"Tapia, Vaughn and Lee Rural Bank",Volta,Medium,2022,Q4,8,2022-Q4,216.62,15.83,29.41,8.3,19.53,92.9,0,Healthy
BANK_214,"Tapia, Vaughn and Lee Rural Bank",Volta,Medium,2023,Q1,9,2023-Q1,234.43,15.63,29.45,8.32,17.87,70.6,0,Healthy
BANK_214,"Tapia, Vaughn and Lee Rural Bank",Volta,Medium,2023,Q2,10,2023-Q2,247.53,15.67,29.42,8.46,15.88,83.22,0,Healthy
BANK_214,"Tapia, Vaughn and Lee Rural Bank",Volta,Medium,2023,Q3,11,2023-Q3,233.87,16.26,28.88,8.23,18.36,45.31,0,Healthy
BANK_214,"Tapia, Vaughn and Lee Rural Bank",Volta,Medium,2023,Q4,12,2023-Q4,240.14,16.92,28.98,8.4,8.54,49.14,0,Healthy
BANK_215,"Washington, Hardy and Bray Rural Bank",Western,Medium,2021,Q1,1,2021-Q1,134.02,32.13,17.68,5.25,22.26,91.73,0,Healthy
BANK_215,"Washington, Hardy and Bray Rural Bank",Western,Medium,2021,Q2,2,2021-Q2,155.11,31.74,17.62,5.39,12.24,86.94,0,Healthy
BANK_215,"Washington, Hardy and Bray Rural Bank",Western,Medium,2021,Q3,3,2021-Q3,160.57,29.5,17.39,5.45,12.06,73.45,0,Healthy
BANK_215,"Washington, Hardy and Bray Rural Bank",Western,Medium,2021,Q4,4,2021-Q4,154.03,29.45,17.36,5.33,24.62,88.15,0,Healthy
BANK_215,"Washington, Hardy and Bray Rural Bank",Western,Medium,2022,Q1,5,2022-Q1,155.35,29.6,17.2,5.28,13.01,55.07,0,Healthy
BANK_215,"Washington, Hardy and Bray Rural Bank",Western,Medium,2022,Q2,6,2022-Q2,157.2,29.61,17.19,5.02,31.75,81.04,0,Healthy
BANK_215,"Washington, Hardy and Bray Rural Bank",Western,Medium,2022,Q3,7,2022-Q3,160.92,30.61,17.49,5.12,12.7,51.13,0,Healthy
BANK_215,"Washington, Hardy and Bray Rural Bank",Western,Medium,2022,Q4,8,2022-Q4,140.2,31.23,17.35,5.34,22.15,83.76,0,Healthy
BANK_215,"Washington, Hardy and Bray Rural Bank",Western,Medium,2023,Q1,9,2023-Q1,141.42,30.21,17.56,5.43,17.54,58.09,0,Healthy
BANK_215,"Washington, Hardy and Bray Rural Bank",Western,Medium,2023,Q2,10,2023-Q2,158.11,31.94,17.7,5.26,15.56,71.43,0,Healthy
BANK_215,"Washington, Hardy and Bray Rural Bank",Western,Medium,2023,Q3,11,2023-Q3,162.58,31.81,18.1,5.15,27.1,59.84,0,Healthy
BANK_215,"Washington, Hardy and Bray Rural Bank",Western,Medium,2023,Q4,12,2023-Q4,179.57,30.41,18.25,5.29,17.54,43.28,0,Healthy
BANK_216,"Carlson, Hooper and Wall Rural Bank",Upper West,Medium,2021,Q1,1,2021-Q1,131.77,23.68,16.04,3.66,15.74,82.85,0,Healthy
BANK_216,"Carlson, Hooper and Wall Rural Bank",Upper West,Medium,2021,Q2,2,2021-Q2,122.83,23.95,16.03,3.68,31.81,94.26,0,Healthy
BANK_216,"Carlson, Hooper and Wall Rural Bank",Upper West,Medium,2021,Q3,3,2021-Q3,98.39,23.85,15.95,3.95,28.81,69.98,0,Healthy
BANK_216,"Carlson, Hooper and Wall Rural Bank",Upper West,Medium,2021,Q4,4,2021-Q4,97.64,23.78,16.12,4.0,13.24,54.78,0,Healthy
BANK_216,"Carlson, Hooper and Wall Rural Bank",Upper West,Medium,2022,Q1,5,2022-Q1,105.52,23.34,16.17,4.12,22.0,69.35,0,Healthy
BANK_216,"Carlson, Hooper and Wall Rural Bank",Upper West,Medium,2022,Q2,6,2022-Q2,109.15,24.86,16.27,4.13,20.96,83.75,0,Healthy
BANK_216,"Carlson, Hooper and Wall Rural Bank",Upper West,Medium,2022,Q3,7,2022-Q3,120.92,25.03,16.36,4.12,16.98,58.16,0,Healthy
BANK_216,"Carlson, Hooper and Wall Rural Bank",Upper West,Medium,2022,Q4,8,2022-Q4,117.61,24.46,16.33,4.31,7.48,83.62,0,Healthy
BANK_216,"Carlson, Hooper and Wall Rural Bank",Upper West,Medium,2023,Q1,9,2023-Q1,113.81,23.74,16.35,4.48,9.49,70.7,0,Healthy
BANK_216,"Carlson, Hooper and Wall Rural Bank",Upper West,Medium,2023,Q2,10,2023-Q2,118.53,23.15,15.94,4.52,19.95,59.64,0,Healthy
BANK_216,"Carlson, Hooper and Wall Rural Bank",Upper West,Medium,2023,Q3,11,2023-Q3,123.9,22.03,15.91,4.6,26.94,42.82,0,Healthy
BANK_216,"Carlson, Hooper and Wall Rural Bank",Upper West,Medium,2023,Q4,12,2023-Q4,125.49,22.59,15.91,4.54,7.55,40.15,0,Healthy
BANK_217,Perez-White Rural Bank,Greater Accra,Medium,2021,Q1,1,2021-Q1,76.35,20.44,9.19,16.67,38.7,53.74,1,High-Risk
BANK_217,Perez-White Rural Bank,Greater Accra,Medium,2021,Q2,2,2021-Q2,75.94,21.64,9.18,16.85,56.05,92.18,1,High-Risk
BANK_217,Perez-White Rural Bank,Greater Accra,Medium,2021,Q3,3,2021-Q3,74.76,22.69,9.2,17.02,60.76,72.75,1,High-Risk
BANK_217,Perez-White Rural Bank,Greater Accra,Medium,2021,Q4,4,2021-Q4,70.34,22.16,9.19,17.4,36.16,72.16,1,High-Risk
BANK_217,Perez-White Rural Bank,Greater Accra,Medium,2022,Q1,5,2022-Q1,70.7,21.91,9.14,17.34,53.17,64.22,1,High-Risk
BANK_217,Perez-White Rural Bank,Greater Accra,Medium,2022,Q2,6,2022-Q2,66.61,21.06,9.09,17.41,63.58,85.26,1,High-Risk
BANK_217,Perez-White Rural Bank,Greater Accra,Medium,2022,Q3,7,2022-Q3,69.47,20.56,9.07,17.27,44.99,89.85,1,High-Risk
BANK_217,Perez-White Rural Bank,Greater Accra,Medium,2022,Q4,8,2022-Q4,60.59,19.75,9.13,17.67,58.56,59.77,1,High-Risk
BANK_217,Perez-White Rural Bank,Greater Accra,Medium,2023,Q1,9,2023-Q1,60.84,19.22,9.12,18.88,24.25,75.31,1,High-Risk
BANK_217,Perez-White Rural Bank,Greater Accra,Medium,2023,Q2,10,2023-Q2,59.8,20.09,9.03,19.74,32.02,86.88,1,High-Risk
BANK_217,Perez-White Rural Bank,Greater Accra,Medium,2023,Q3,11,2023-Q3,66.34,20.17,9.1,19.43,48.41,78.54,1,High-Risk
BANK_217,Perez-White Rural Bank,Greater Accra,Medium,2023,Q4,12,2023-Q4,70.0,20.43,9.06,19.46,47.88,57.97,1,High-Risk
BANK_218,Erickson and Sons Rural Bank,Upper West,Small,2021,Q1,1,2021-Q1,33.95,31.55,27.29,8.65,15.83,53.36,0,Healthy
BANK_218,Erickson and Sons Rural Bank,Upper West,Small,2021,Q2,2,2021-Q2,33.13,31.17,26.98,8.69,9.37,43.04,0,Healthy
BANK_218,Erickson and Sons Rural Bank,Upper West,Small,2021,Q3,3,2021-Q3,32.42,30.21,27.06,9.03,6.85,92.94,0,Healthy
BANK_218,Erickson and Sons Rural Bank,Upper West,Small,2021,Q4,4,2021-Q4,33.78,30.1,26.5,9.39,16.78,51.02,0,Healthy
BANK_218,Erickson and Sons Rural Bank,Upper West,Small,2022,Q1,5,2022-Q1,32.99,31.07,26.77,9.5,19.9,74.54,0,Healthy
BANK_218,Erickson and Sons Rural Bank,Upper West,Small,2022,Q2,6,2022-Q2,35.15,31.71,26.78,9.26,7.88,48.94,0,Healthy
BANK_218,Erickson and Sons Rural Bank,Upper West,Small,2022,Q3,7,2022-Q3,39.28,30.12,27.24,9.11,10.5,75.88,0,Healthy
BANK_218,Erickson and Sons Rural Bank,Upper West,Small,2022,Q4,8,2022-Q4,32.1,27.94,27.16,9.47,18.12,62.15,0,Healthy
BANK_218,Erickson and Sons Rural Bank,Upper West,Small,2023,Q1,9,2023-Q1,29.8,28.38,27.27,9.9,5.77,56.52,0,Healthy
BANK_218,Erickson and Sons Rural Bank,Upper West,Small,2023,Q2,10,2023-Q2,30.25,28.16,27.65,9.73,11.18,65.37,0,Healthy
BANK_218,Erickson and Sons Rural Bank,Upper West,Small,2023,Q3,11,2023-Q3,30.29,27.85,26.99,9.44,17.29,68.29,0,Healthy
BANK_218,Erickson and Sons Rural Bank,Upper West,Small,2023,Q4,12,2023-Q4,33.03,26.95,27.21,9.59,19.38,81.06,0,Healthy
BANK_219,Williams-Brown Rural Bank,Greater Accra,Medium,2021,Q1,1,2021-Q1,182.82,24.57,27.95,13.36,4.36,67.51,0,Healthy
BANK_219,Williams-Brown Rural Bank,Greater Accra,Medium,2021,Q2,2,2021-Q2,174.98,24.91,28.28,13.77,21.09,81.1,0,Healthy
BANK_219,Williams-Brown Rural Bank,Greater Accra,Medium,2021,Q3,3,2021-Q3,179.47,24.82,28.25,13.83,12.15,46.82,0,Healthy
BANK_219,Williams-Brown Rural Bank,Greater Accra,Medium,2021,Q4,4,2021-Q4,180.35,24.64,28.34,14.45,20.56,43.36,0,Healthy
BANK_219,Williams-Brown Rural Bank,Greater Accra,Medium,2022,Q1,5,2022-Q1,185.29,24.92,28.3,14.33,7.42,75.38,0,Healthy
BANK_219,Williams-Brown Rural Bank,Greater Accra,Medium,2022,Q2,6,2022-Q2,177.4,24.18,29.18,14.59,7.3,94.68,0,Healthy
BANK_219,Williams-Brown Rural Bank,Greater Accra,Medium,2022,Q3,7,2022-Q3,174.82,24.4,29.44,14.63,6.64,93.43,0,Healthy
BANK_219,Williams-Brown Rural Bank,Greater Accra,Medium,2022,Q4,8,2022-Q4,159.84,22.69,29.73,15.96,14.24,53.21,1,High-Risk
BANK_219,Williams-Brown Rural Bank,Greater Accra,Medium,2023,Q1,9,2023-Q1,157.13,22.67,29.92,15.74,16.24,47.44,1,High-Risk
BANK_219,Williams-Brown Rural Bank,Greater Accra,Medium,2023,Q2,10,2023-Q2,156.8,22.07,29.61,16.07,14.75,65.08,1,High-Risk
BANK_219,Williams-Brown Rural Bank,Greater Accra,Medium,2023,Q3,11,2023-Q3,162.75,22.52,29.37,15.98,19.18,73.57,1,High-Risk
BANK_219,Williams-Brown Rural Bank,Greater Accra,Medium,2023,Q4,12,2023-Q4,172.81,22.99,29.69,15.93,16.12,73.2,1,High-Risk
BANK_220,Terry-Martinez Rural Bank,Northern,Medium,2021,Q1,1,2021-Q1,169.88,23.13,12.24,10.04,29.92,51.93,0,Healthy
BANK_220,Terry-Martinez Rural Bank,Northern,Medium,2021,Q2,2,2021-Q2,166.52,24.3,12.28,10.25,40.63,43.89,0,Healthy
BANK_220,Terry-Martinez Rural Bank,Northern,Medium,2021,Q3,3,2021-Q3,151.06,22.64,12.34,10.75,49.98,81.82,0,Healthy
BANK_220,Terry-Martinez Rural Bank,Northern,Medium,2021,Q4,4,2021-Q4,153.56,21.68,12.41,10.79,42.82,46.97,0,Healthy
BANK_220,Terry-Martinez Rural Bank,Northern,Medium,2022,Q1,5,2022-Q1,162.05,22.42,12.36,10.72,37.38,50.57,0,Healthy
BANK_220,Terry-Martinez Rural Bank,Northern,Medium,2022,Q2,6,2022-Q2,161.54,23.59,12.25,11.09,8.02,78.55,0,Healthy
BANK_220,Terry-Martinez Rural Bank,Northern,Medium,2022,Q3,7,2022-Q3,155.37,24.13,12.32,11.05,20.49,52.51,0,Healthy
BANK_220,Terry-Martinez Rural Bank,Northern,Medium,2022,Q4,8,2022-Q4,158.27,22.75,12.22,11.37,12.39,55.53,0,Healthy
BANK_220,Terry-Martinez Rural Bank,Northern,Medium,2023,Q1,9,2023-Q1,155.92,21.88,12.23,11.82,35.18,46.04,0,Healthy
BANK_220,Terry-Martinez Rural Bank,Northern,Medium,2023,Q2,10,2023-Q2,158.91,21.52,12.3,11.58,23.36,65.19,0,Healthy
BANK_220,Terry-Martinez Rural Bank,Northern,Medium,2023,Q3,11,2023-Q3,157.82,21.29,12.4,11.39,9.04,84.45,0,Healthy
BANK_220,Terry-Martinez Rural Bank,Northern,Medium,2023,Q4,12,2023-Q4,153.73,20.63,12.39,11.82,32.46,53.16,0,Healthy
BANK_221,Garcia-Smith Rural Bank,Greater Accra,Large,2021,Q1,1,2021-Q1,516.25,35.65,23.42,4.68,6.41,93.95,0,Healthy
BANK_221,Garcia-Smith Rural Bank,Greater Accra,Large,2021,Q2,2,2021-Q2,561.83,35.03,23.38,4.69,20.2,91.74,0,Healthy
BANK_221,Garcia-Smith Rural Bank,Greater Accra,Large,2021,Q3,3,2021-Q3,583.36,35.69,23.48,4.83,21.65,43.0,0,Healthy
BANK_221,Garcia-Smith Rural Bank,Greater Accra,Large,2021,Q4,4,2021-Q4,583.72,34.63,23.74,5.02,5.85,85.3,0,Healthy
BANK_221,Garcia-Smith Rural Bank,Greater Accra,Large,2022,Q1,5,2022-Q1,575.9,35.73,23.86,4.89,22.29,89.42,0,Healthy
BANK_221,Garcia-Smith Rural Bank,Greater Accra,Large,2022,Q2,6,2022-Q2,558.18,35.88,24.18,4.87,6.46,92.85,0,Healthy
BANK_221,Garcia-Smith Rural Bank,Greater Accra,Large,2022,Q3,7,2022-Q3,572.36,35.91,24.0,4.97,21.95,82.12,0,Healthy
BANK_221,Garcia-Smith Rural Bank,Greater Accra,Large,2022,Q4,8,2022-Q4,540.47,34.38,23.72,5.23,10.05,80.3,0,Healthy
BANK_221,Garcia-Smith Rural Bank,Greater Accra,Large,2023,Q1,9,2023-Q1,507.05,35.83,23.1,5.16,10.24,41.15,0,Healthy
BANK_221,Garcia-Smith Rural Bank,Greater Accra,Large,2023,Q2,10,2023-Q2,505.74,35.81,23.38,5.17,5.57,85.2,0,Healthy
BANK_221,Garcia-Smith Rural Bank,Greater Accra,Large,2023,Q3,11,2023-Q3,527.35,37.1,23.14,5.11,22.23,49.03,0,Healthy
BANK_221,Garcia-Smith Rural Bank,Greater Accra,Large,2023,Q4,12,2023-Q4,512.51,36.44,23.53,4.97,22.22,46.96,0,Healthy
BANK_222,Harrison-Alexander Rural Bank,Volta,Small,2021,Q1,1,2021-Q1,15.04,16.13,13.44,8.4,9.31,74.27,0,Healthy
BANK_222,Harrison-Alexander Rural Bank,Volta,Small,2021,Q2,2,2021-Q2,14.96,15.74,13.35,8.48,43.54,84.69,0,Healthy
BANK_222,Harrison-Alexander Rural Bank,Volta,Small,2021,Q3,3,2021-Q3,16.16,16.3,13.34,8.27,19.06,73.95,0,Healthy
BANK_222,Harrison-Alexander Rural Bank,Volta,Small,2021,Q4,4,2021-Q4,17.06,16.21,12.94,8.31,25.52,92.86,0,Healthy
BANK_222,Harrison-Alexander Rural Bank,Volta,Small,2022,Q1,5,2022-Q1,17.38,16.24,12.9,8.38,33.84,41.89,0,Healthy
BANK_222,Harrison-Alexander Rural Bank,Volta,Small,2022,Q2,6,2022-Q2,18.04,17.02,12.97,8.26,27.02,68.98,0,Healthy
BANK_222,Harrison-Alexander Rural Bank,Volta,Small,2022,Q3,7,2022-Q3,18.41,17.43,12.91,8.17,9.51,51.79,0,Healthy
BANK_222,Harrison-Alexander Rural Bank,Volta,Small,2022,Q4,8,2022-Q4,18.07,16.42,12.74,8.79,10.38,51.13,0,Healthy
BANK_222,Harrison-Alexander Rural Bank,Volta,Small,2023,Q1,9,2023-Q1,18.37,17.22,12.66,8.48,40.17,55.34,0,Healthy
BANK_222,Harrison-Alexander Rural Bank,Volta,Small,2023,Q2,10,2023-Q2,18.98,18.02,12.68,8.56,22.51,47.73,0,Healthy
BANK_222,Harrison-Alexander Rural Bank,Volta,Small,2023,Q3,11,2023-Q3,18.93,17.8,12.63,8.65,29.19,64.25,0,Healthy
BANK_222,Harrison-Alexander Rural Bank,Volta,Small,2023,Q4,12,2023-Q4,19.51,18.31,12.45,8.4,31.96,77.28,0,Healthy
BANK_223,Sheppard LLC Rural Bank,Eastern,Medium,2021,Q1,1,2021-Q1,69.88,33.62,21.9,8.83,11.73,78.42,0,Healthy
BANK_223,Sheppard LLC Rural Bank,Eastern,Medium,2021,Q2,2,2021-Q2,69.86,33.19,21.93,8.88,22.82,67.4,0,Healthy
BANK_223,Sheppard LLC Rural Bank,Eastern,Medium,2021,Q3,3,2021-Q3,61.44,32.44,21.89,9.14,14.41,60.0,0,Healthy
BANK_223,Sheppard LLC Rural Bank,Eastern,Medium,2021,Q4,4,2021-Q4,69.79,33.46,21.72,8.66,17.4,62.67,0,Healthy
BANK_223,Sheppard LLC Rural Bank,Eastern,Medium,2022,Q1,5,2022-Q1,69.69,34.05,21.89,8.64,8.11,64.67,0,Healthy
BANK_223,Sheppard LLC Rural Bank,Eastern,Medium,2022,Q2,6,2022-Q2,71.4,32.91,21.93,8.87,17.05,53.14,0,Healthy
BANK_223,Sheppard LLC Rural Bank,Eastern,Medium,2022,Q3,7,2022-Q3,72.06,34.59,22.11,8.53,21.48,56.19,0,Healthy
BANK_223,Sheppard LLC Rural Bank,Eastern,Medium,2022,Q4,8,2022-Q4,71.78,34.13,22.19,8.8,6.84,70.98,0,Healthy
BANK_223,Sheppard LLC Rural Bank,Eastern,Medium,2023,Q1,9,2023-Q1,64.53,31.67,22.26,8.79,10.21,51.9,0,Healthy
BANK_223,Sheppard LLC Rural Bank,Eastern,Medium,2023,Q2,10,2023-Q2,72.59,32.16,22.49,8.86,14.72,70.83,0,Healthy
BANK_223,Sheppard LLC Rural Bank,Eastern,Medium,2023,Q3,11,2023-Q3,75.58,32.76,22.38,8.9,10.21,90.48,0,Healthy
BANK_223,Sheppard LLC Rural Bank,Eastern,Medium,2023,Q4,12,2023-Q4,78.42,33.74,22.45,8.99,13.89,60.61,0,Healthy
BANK_224,Wilson-Jones Rural Bank,Ashanti,Medium,2021,Q1,1,2021-Q1,133.38,20.77,26.41,9.71,5.31,87.03,0,Healthy
BANK_224,Wilson-Jones Rural Bank,Ashanti,Medium,2021,Q2,2,2021-Q2,139.95,21.09,26.73,10.05,6.75,46.85,0,Healthy
BANK_224,Wilson-Jones Rural Bank,Ashanti,Medium,2021,Q3,3,2021-Q3,137.03,20.34,27.23,10.56,14.12,83.78,0,Healthy
BANK_224,Wilson-Jones Rural Bank,Ashanti,Medium,2021,Q4,4,2021-Q4,147.22,19.1,26.79,10.56,13.73,64.38,0,Healthy
BANK_224,Wilson-Jones Rural Bank,Ashanti,Medium,2022,Q1,5,2022-Q1,147.12,18.21,26.95,10.12,4.64,79.61,0,Healthy
BANK_224,Wilson-Jones Rural Bank,Ashanti,Medium,2022,Q2,6,2022-Q2,166.24,19.38,26.87,9.8,19.17,86.12,0,Healthy
BANK_224,Wilson-Jones Rural Bank,Ashanti,Medium,2022,Q3,7,2022-Q3,174.94,18.23,26.54,9.93,19.37,68.54,0,Healthy
BANK_224,Wilson-Jones Rural Bank,Ashanti,Medium,2022,Q4,8,2022-Q4,177.34,16.88,26.82,10.05,14.35,94.62,0,Healthy
BANK_224,Wilson-Jones Rural Bank,Ashanti,Medium,2023,Q1,9,2023-Q1,180.04,16.96,27.02,10.39,19.21,66.19,0,Healthy
BANK_224,Wilson-Jones Rural Bank,Ashanti,Medium,2023,Q2,10,2023-Q2,182.29,16.92,26.92,10.54,10.57,61.36,0,Healthy
BANK_224,Wilson-Jones Rural Bank,Ashanti,Medium,2023,Q3,11,2023-Q3,199.25,16.31,26.67,10.56,15.39,49.44,0,Healthy
BANK_224,Wilson-Jones Rural Bank,Ashanti,Medium,2023,Q4,12,2023-Q4,187.29,17.03,26.44,10.4,20.0,44.01,0,Healthy
