bank_id,bank_name,region,bank_size,lending_style,quarter_num,year,quarter,date,total_assets,total_equity,liquid_assets,total_loans,non_performing_loans,loan_loss_provisions,current_deposits,liquidity_ratio,capital_adequacy_ratio,cash_reserve_ratio,leverage_ratio,loan_to_deposit_ratio,npl_ratio,net_income,return_on_assets,return_on_equity,net_interest_margin,operating_expenses,cost_to_income_ratio,staff_count,branches,concentration_risk,deposit_volatility,financial_health_status,consecutive_losses,risk_reasons
BANK_001,"Rodriguez, Figueroa and Sanchez Rural Bank",Upper West,Small,Moderate,1,2021,Q1,2021-Q1,47.72,7.98,8.7,17.48,1.09,0.96,36.87,18.24,16.73,22.31,19.31,47.43,6.24,2.46,5.16,30.85,11.55,1.8,70.52,57.0,6.0,30.82,17.38,0,0,
BANK_001,"Rodriguez, Figueroa and Sanchez Rural Bank",Upper West,Small,Moderate,2,2021,Q2,2021-Q2,49.23,8.37,8.75,15.48,1.0,1.18,35.03,17.77,17.0,21.43,11.9,44.18,6.48,2.2,4.47,26.32,7.21,1.69,92.28,80.0,10.0,49.16,26.72,0,0,
BANK_001,"Rodriguez, Figueroa and Sanchez Rural Bank",Upper West,Small,Moderate,3,2021,Q3,2021-Q3,44.0,7.48,7.43,26.73,1.86,0.99,35.37,16.88,17.0,18.0,18.55,75.57,6.95,2.74,6.22,36.58,7.56,2.36,50.34,29.0,11.0,23.67,8.46,0,0,
BANK_001,"Rodriguez, Figueroa and Sanchez Rural Bank",Upper West,Small,Moderate,4,2021,Q4,2021-Q4,47.6,8.06,8.1,15.73,1.15,1.1,36.57,17.02,16.94,14.2,16.18,43.02,7.31,1.8,3.78,22.31,6.81,3.53,64.47,55.0,7.0,40.76,29.12,0,0,
BANK_001,"Rodriguez, Figueroa and Sanchez Rural Bank",Upper West,Small,Moderate,5,2022,Q1,2022-Q1,51.87,8.83,9.01,27.19,2.02,1.66,39.63,17.36,17.02,24.84,16.07,68.61,7.43,0.53,1.03,6.05,3.85,2.55,90.62,25.0,2.0,17.37,7.66,0,0,
BANK_001,"Rodriguez, Figueroa and Sanchez Rural Bank",Upper West,Small,Moderate,6,2022,Q2,2022-Q2,54.14,9.16,9.28,22.6,1.66,1.44,41.13,17.14,16.93,20.45,13.71,54.94,7.33,0.5,0.93,5.5,6.67,2.43,85.43,77.0,9.0,,32.31,0,0,
BANK_001,"Rodriguez, Figueroa and Sanchez Rural Bank",Upper West,Small,Moderate,7,2022,Q3,2022-Q3,53.21,8.98,9.16,32.98,2.43,2.72,39.31,17.22,16.88,18.21,19.35,83.89,7.37,2.91,5.46,32.34,11.89,3.57,34.22,52.0,12.0,25.38,29.92,0,0,
BANK_001,"Rodriguez, Figueroa and Sanchez Rural Bank",Upper West,Small,Moderate,8,2022,Q4,2022-Q4,48.53,8.18,8.28,34.01,2.57,2.21,39.8,17.07,16.86,18.15,19.36,85.44,7.54,1.83,3.76,22.31,4.6,2.71,61.93,99.0,13.0,35.85,23.69,0,0,
BANK_001,"Rodriguez, Figueroa and Sanchez Rural Bank",Upper West,Small,Moderate,9,2023,Q1,2023-Q1,42.73,7.14,7.19,20.0,1.55,1.57,30.2,16.83,16.71,12.78,9.09,66.22,7.76,0.97,2.28,13.64,2.05,2.77,33.17,62.0,14.0,19.93,31.83,0,0,
BANK_001,"Rodriguez, Figueroa and Sanchez Rural Bank",Upper West,Small,Moderate,10,2023,Q2,2023-Q2,43.55,7.35,7.35,24.86,1.98,2.01,34.81,16.88,16.88,16.86,18.6,71.42,7.98,2.31,5.31,31.43,4.45,1.65,40.43,46.0,5.0,56.85,8.18,0,0,
BANK_001,"Rodriguez, Figueroa and Sanchez Rural Bank",Upper West,Small,Moderate,11,2023,Q3,2023-Q3,43.43,7.37,7.52,31.05,2.43,2.77,33.43,17.32,16.98,8.02,18.22,92.87,7.84,1.6,3.69,21.76,9.57,1.86,42.55,26.0,6.0,40.19,8.48,0,0,
BANK_001,"Rodriguez, Figueroa and Sanchez Rural Bank",Upper West,Small,Moderate,12,2023,Q4,2023-Q4,44.47,7.57,7.99,13.95,1.08,0.68,34.01,17.97,17.01,20.81,9.25,41.01,7.77,2.17,4.88,28.66,3.74,3.05,91.57,33.0,12.0,46.89,19.21,0,0,
BANK_002,Doyle Ltd Rural Bank,Greater Accra,Small,Conservative,1,2021,Q1,2021-Q1,7.61,0.73,2.65,5.76,0.21,0.2,6.1,34.86,9.64,14.52,17.79,94.46,3.57,0.1,1.32,13.67,10.22,0.37,83.22,,2.0,22.15,19.06,1,0,Low Capital; 
BANK_002,Doyle Ltd Rural Bank,Greater Accra,Small,Conservative,2,2021,Q2,2021-Q2,7.66,0.75,2.71,3.57,0.13,0.08,6.33,35.44,9.75,22.76,17.39,56.41,3.57,0.45,5.83,59.83,2.31,0.51,89.12,88.0,14.0,49.2,18.27,1,0,Low Capital; 
BANK_002,Doyle Ltd Rural Bank,Greater Accra,Small,Conservative,3,2021,Q3,2021-Q3,7.22,0.7,2.6,4.27,0.16,0.14,5.27,35.95,9.64,16.02,15.87,81.02,3.65,0.27,3.74,38.82,3.59,0.29,35.93,,7.0,38.87,5.54,1,0,Low Capital; 
BANK_002,Doyle Ltd Rural Bank,Greater Accra,Small,Conservative,4,2021,Q4,2021-Q4,6.89,0.67,2.56,4.68,0.18,0.12,5.02,37.21,9.73,17.49,18.68,93.21,3.85,0.15,2.17,22.35,3.61,,51.19,67.0,7.0,59.3,9.49,1,0,Low Capital; 
BANK_002,Doyle Ltd Rural Bank,Greater Accra,Small,Conservative,5,2022,Q1,2022-Q1,7.72,0.75,2.94,5.84,0.23,0.27,6.24,38.06,9.69,23.43,10.93,93.61,3.96,0.35,4.6,47.43,9.49,0.29,36.68,65.0,2.0,36.71,11.31,1,0,Low Capital; 
BANK_002,Doyle Ltd Rural Bank,Greater Accra,Small,Conservative,6,2022,Q2,2022-Q2,8.34,0.8,3.28,2.86,0.11,0.08,6.5,39.29,9.63,24.62,19.12,43.98,3.94,0.17,1.98,20.61,8.93,0.59,32.68,,14.0,20.59,31.89,1,0,Low Capital; 
BANK_002,Doyle Ltd Rural Bank,Greater Accra,Small,Conservative,7,2022,Q3,2022-Q3,9.17,0.9,3.65,4.35,0.17,0.18,7.71,39.84,9.76,18.41,14.19,56.44,3.98,0.31,3.41,34.96,8.61,0.53,68.84,82.0,8.0,16.83,9.92,1,0,Low Capital; 
BANK_002,Doyle Ltd Rural Bank,Greater Accra,Small,Conservative,8,2022,Q4,2022-Q4,9.12,0.89,3.63,5.33,0.22,0.18,7.04,39.79,9.72,20.65,13.9,75.77,4.09,0.51,5.56,57.22,6.34,0.29,,,10.0,29.95,21.27,1,0,Low Capital; 
BANK_002,Doyle Ltd Rural Bank,Greater Accra,Small,Conservative,9,2023,Q1,2023-Q1,8.97,0.87,3.53,3.57,0.15,0.09,6.84,39.36,9.72,24.33,11.05,52.13,4.14,0.27,3.05,31.36,10.46,0.55,77.8,81.0,8.0,39.45,,1,0,Low Capital; 
BANK_002,Doyle Ltd Rural Bank,Greater Accra,Small,Conservative,10,2023,Q2,2023-Q2,8.79,0.85,3.56,5.09,0.22,0.26,6.94,40.46,9.73,12.83,10.93,73.34,4.25,0.25,2.81,28.93,5.84,0.47,84.34,38.0,12.0,33.24,23.06,1,0,Low Capital; 
BANK_002,Doyle Ltd Rural Bank,Greater Accra,Small,Conservative,11,2023,Q3,2023-Q3,8.68,0.86,3.53,3.86,0.16,0.12,6.16,40.73,9.87,18.08,12.69,62.72,4.12,0.33,3.8,38.54,8.63,0.3,72.39,44.0,7.0,53.61,5.27,1,0,Low Capital; 
BANK_002,Doyle Ltd Rural Bank,Greater Accra,Small,Conservative,12,2023,Q4,2023-Q4,9.84,0.99,4.16,3.84,0.16,0.11,7.24,42.29,10.02,15.63,10.95,53.04,4.07,0.42,4.27,42.61,3.46,0.52,68.21,95.0,5.0,31.17,16.38,1,0,Low Capital; 
BANK_003,"Mcclain, Miller and Henderson Rural Bank",Greater Accra,Small,Moderate,1,2021,Q1,2021-Q1,32.25,5.11,8.44,21.57,1.8,1.99,25.99,26.16,15.85,17.18,13.0,83.0,8.36,0.37,1.14,7.18,11.87,1.17,45.02,24.0,10.0,25.11,10.4,0,0,
BANK_003,"Mcclain, Miller and Henderson Rural Bank",Greater Accra,Small,Moderate,2,2021,Q2,2021-Q2,35.08,5.6,9.24,18.7,1.59,1.08,28.16,26.33,15.97,16.87,10.96,66.39,8.49,0.95,2.71,16.95,7.32,1.27,38.63,31.0,14.0,47.98,9.87,0,0,
BANK_003,"Mcclain, Miller and Henderson Rural Bank",Greater Accra,Small,Moderate,3,2021,Q3,2021-Q3,36.09,5.72,9.09,16.12,1.41,1.67,30.48,25.2,15.84,14.36,7.34,52.9,8.76,0.39,1.09,6.86,4.44,,86.2,81.0,3.0,50.8,,0,0,
BANK_003,"Mcclain, Miller and Henderson Rural Bank",Greater Accra,Small,Moderate,4,2021,Q4,2021-Q4,36.74,5.83,9.04,22.16,1.94,1.8,28.9,24.62,15.86,13.41,17.4,76.68,8.77,1.97,5.35,33.75,11.93,2.48,35.88,43.0,3.0,44.27,27.96,0,0,
BANK_003,"Mcclain, Miller and Henderson Rural Bank",Greater Accra,Small,Moderate,5,2022,Q1,2022-Q1,37.35,5.97,9.46,24.65,2.16,1.53,27.92,25.34,15.98,19.03,18.52,88.28,8.75,0.97,2.59,16.23,8.3,2.26,66.62,50.0,9.0,41.84,21.37,0,0,
BANK_003,"Mcclain, Miller and Henderson Rural Bank",Greater Accra,Small,Moderate,6,2022,Q2,2022-Q2,37.55,6.0,9.98,14.73,1.3,1.14,29.9,26.58,15.97,24.18,13.81,49.26,8.79,1.95,5.19,32.49,11.14,2.65,37.08,31.0,8.0,26.07,19.3,0,0,
BANK_003,"Mcclain, Miller and Henderson Rural Bank",Greater Accra,Small,Moderate,7,2022,Q3,2022-Q3,40.01,6.25,11.02,24.71,2.18,2.45,31.14,27.54,15.62,9.21,16.2,79.35,8.81,2.3,5.74,36.75,8.55,1.96,42.82,58.0,4.0,22.48,23.52,0,0,
BANK_003,"Mcclain, Miller and Henderson Rural Bank",Greater Accra,Small,Moderate,8,2022,Q4,2022-Q4,40.51,6.35,10.63,22.09,2.07,1.62,31.89,26.24,15.66,24.6,18.94,69.27,9.38,2.14,5.29,33.77,7.22,1.46,85.86,83.0,4.0,28.29,28.8,0,0,
BANK_003,"Mcclain, Miller and Henderson Rural Bank",Greater Accra,Small,Moderate,9,2023,Q1,2023-Q1,39.88,6.24,11.19,18.81,1.78,1.63,31.07,28.06,15.64,21.49,17.24,60.54,9.45,1.66,4.17,26.7,3.75,1.92,88.88,81.0,9.0,26.5,14.06,0,0,
BANK_003,"Mcclain, Miller and Henderson Rural Bank",Greater Accra,Small,Moderate,10,2023,Q2,2023-Q2,41.26,6.48,11.12,28.42,2.71,1.65,33.63,26.94,15.71,12.0,15.07,84.52,9.55,2.2,5.34,33.98,6.73,2.34,41.6,44.0,4.0,24.28,24.14,0,0,
BANK_003,"Mcclain, Miller and Henderson Rural Bank",Greater Accra,Small,Moderate,11,2023,Q3,2023-Q3,45.09,6.99,12.62,15.98,1.56,1.26,33.42,27.98,15.5,15.58,5.88,47.8,9.74,2.03,4.5,29.05,2.16,2.12,,68.0,6.0,55.75,28.18,0,0,
BANK_003,"Mcclain, Miller and Henderson Rural Bank",Greater Accra,Small,Moderate,12,2023,Q4,2023-Q4,49.08,7.51,13.21,23.0,2.27,1.84,37.06,26.91,15.3,22.14,13.94,62.07,9.88,2.08,4.24,27.73,2.7,3.04,47.62,67.0,10.0,25.39,18.71,0,0,
BANK_004,Davis and Sons Rural Bank,Volta,Large,Conservative,1,2021,Q1,2021-Q1,314.19,28.75,108.43,160.01,5.71,4.19,266.85,34.51,9.15,9.51,10.68,59.96,3.57,18.13,5.77,63.07,8.35,21.28,41.08,263.0,37.0,51.98,5.04,1,0,Low Capital; 
BANK_004,Davis and Sons Rural Bank,Volta,Large,Conservative,2,2021,Q2,2021-Q2,290.73,26.47,103.29,191.26,6.9,4.63,204.38,35.53,9.1,19.42,6.8,93.58,3.61,4.08,1.4,15.4,4.57,20.18,86.2,343.0,42.0,22.17,6.89,1,0,Low Capital; 
BANK_004,Davis and Sons Rural Bank,Volta,Large,Conservative,3,2021,Q3,2021-Q3,305.43,27.68,104.74,139.98,4.97,5.36,229.67,34.29,9.06,12.75,10.13,60.95,3.55,17.12,5.6,61.83,10.73,11.63,81.11,329.0,46.0,,20.03,1,0,Low Capital; 
BANK_004,Davis and Sons Rural Bank,Volta,Large,Conservative,4,2021,Q4,2021-Q4,334.79,29.64,117.39,201.27,6.97,4.52,261.09,35.06,8.85,21.92,14.42,77.09,3.46,8.48,2.53,28.6,2.23,12.62,,482.0,47.0,56.97,22.25,1,0,Low Capital; 
BANK_004,Davis and Sons Rural Bank,Volta,Large,Conservative,5,2022,Q1,2022-Q1,306.82,27.09,110.41,122.05,4.21,4.91,256.11,35.99,8.83,22.03,14.1,47.66,3.45,13.27,4.32,48.97,3.22,16.54,62.9,193.0,15.0,49.95,,1,0,Low Capital; 
BANK_004,Davis and Sons Rural Bank,Volta,Large,Conservative,6,2022,Q2,2022-Q2,333.57,29.5,125.81,152.62,5.03,3.87,276.1,37.72,8.84,17.6,18.14,55.28,3.29,6.25,1.87,21.19,4.12,18.09,79.03,347.0,29.0,34.37,10.12,1,0,Low Capital; 
BANK_004,Davis and Sons Rural Bank,Volta,Large,Conservative,7,2022,Q3,2022-Q3,329.6,28.97,121.8,193.88,6.3,4.12,262.03,36.95,8.79,10.95,15.37,73.99,3.25,14.01,4.25,48.34,10.48,,81.49,261.0,52.0,30.94,20.77,1,0,Low Capital; 
BANK_004,Davis and Sons Rural Bank,Volta,Large,Conservative,8,2022,Q4,2022-Q4,294.38,25.86,103.37,201.87,6.76,7.12,217.04,35.11,8.78,17.9,10.81,93.01,3.35,13.28,4.51,51.35,3.9,17.94,51.03,433.0,50.0,23.95,6.94,1,0,Low Capital; 
BANK_004,Davis and Sons Rural Bank,Volta,Large,Conservative,9,2023,Q1,2023-Q1,303.59,26.54,105.68,177.7,5.85,3.45,235.25,34.81,8.74,22.7,8.99,75.53,3.29,6.58,2.17,24.78,8.52,21.41,69.92,,35.0,58.03,8.99,1,0,Low Capital; 
BANK_004,Davis and Sons Rural Bank,Volta,Large,Conservative,10,2023,Q2,2023-Q2,314.03,27.25,108.76,188.76,6.28,4.25,223.42,34.63,8.68,21.28,19.14,84.49,3.33,16.04,5.11,58.89,6.95,15.49,59.26,190.0,67.0,35.28,31.47,1,0,Low Capital; 
BANK_004,Davis and Sons Rural Bank,Volta,Large,Conservative,11,2023,Q3,2023-Q3,310.19,26.9,107.66,200.82,6.71,3.52,247.8,34.71,8.67,16.65,5.57,81.04,3.34,9.07,2.93,33.73,6.62,24.69,93.1,476.0,60.0,30.97,17.36,1,0,Low Capital; 
BANK_004,Davis and Sons Rural Bank,Volta,Large,Conservative,12,2023,Q4,2023-Q4,340.98,29.62,119.06,153.85,5.22,5.47,242.91,34.92,8.69,11.87,6.03,63.34,3.39,19.88,5.83,67.12,8.67,10.41,46.6,204.0,14.0,58.19,19.35,1,0,Low Capital; 
BANK_005,"Guzman, Hoffman and Baldwin Rural Bank",Central,Medium,Conservative,1,2021,Q1,2021-Q1,184.37,27.82,60.88,87.38,3.4,3.89,132.21,33.02,15.09,18.48,6.88,66.09,3.89,3.24,1.76,11.65,2.44,6.55,68.9,69.0,17.0,39.75,16.66,0,0,
BANK_005,"Guzman, Hoffman and Baldwin Rural Bank",Central,Medium,Conservative,2,2021,Q2,2021-Q2,183.21,27.44,62.55,109.5,4.18,4.66,141.88,34.14,14.98,12.39,18.92,77.18,3.82,6.78,3.7,24.72,8.36,7.52,93.6,199.0,23.0,23.13,6.62,0,0,
BANK_005,"Guzman, Hoffman and Baldwin Rural Bank",Central,Medium,Conservative,3,2021,Q3,2021-Q3,195.11,28.99,65.02,110.0,4.27,2.41,157.88,33.33,14.86,24.41,9.04,69.68,3.89,6.72,3.45,23.18,3.51,9.19,56.87,,29.0,42.54,8.18,0,0,
BANK_005,"Guzman, Hoffman and Baldwin Rural Bank",Central,Medium,Conservative,4,2021,Q4,2021-Q4,202.8,30.2,68.53,77.63,3.12,3.48,158.93,33.79,14.89,12.72,11.51,48.85,4.02,4.08,2.01,13.51,10.8,12.75,50.21,198.0,31.0,42.67,,0,0,
BANK_005,"Guzman, Hoffman and Baldwin Rural Bank",Central,Medium,Conservative,5,2022,Q1,2022-Q1,219.56,31.97,76.59,157.13,6.36,6.2,181.35,34.89,14.56,20.86,12.86,86.64,4.05,11.27,5.13,35.25,6.7,12.1,38.11,127.0,25.0,50.12,11.52,0,0,
BANK_005,"Guzman, Hoffman and Baldwin Rural Bank",Central,Medium,Conservative,6,2022,Q2,2022-Q2,258.86,37.36,92.97,90.82,3.41,2.63,182.33,35.92,14.43,14.84,5.03,49.81,3.76,13.13,5.07,35.16,7.1,17.13,36.77,95.0,27.0,,19.6,0,0,
BANK_005,"Guzman, Hoffman and Baldwin Rural Bank",Central,Medium,Conservative,7,2022,Q3,2022-Q3,291.89,42.78,103.14,134.01,5.04,5.15,232.19,35.33,14.66,24.69,5.34,57.72,3.76,5.77,1.98,13.48,10.25,16.35,54.28,74.0,,25.61,16.14,0,0,
BANK_005,"Guzman, Hoffman and Baldwin Rural Bank",Central,Medium,Conservative,8,2022,Q4,2022-Q4,292.58,43.27,101.57,115.32,4.36,4.28,232.78,34.72,14.79,24.85,9.49,49.54,3.78,14.13,4.83,32.66,9.4,22.68,43.19,163.0,36.0,22.44,26.01,0,0,
BANK_005,"Guzman, Hoffman and Baldwin Rural Bank",Central,Medium,Conservative,9,2023,Q1,2023-Q1,336.45,50.59,113.86,250.62,9.19,7.57,275.01,33.84,15.04,16.18,15.47,91.13,3.67,10.32,3.07,20.39,11.37,21.97,71.03,59.0,34.0,55.92,28.41,0,0,
BANK_005,"Guzman, Hoffman and Baldwin Rural Bank",Central,Medium,Conservative,10,2023,Q2,2023-Q2,336.18,50.39,110.59,235.14,8.5,8.93,259.13,32.9,14.99,24.57,10.98,90.74,3.61,9.52,2.83,18.9,6.29,24.29,47.43,,32.0,17.09,23.59,0,0,
BANK_005,"Guzman, Hoffman and Baldwin Rural Bank",Central,Medium,Conservative,11,2023,Q3,2023-Q3,304.08,45.94,96.82,178.75,6.65,5.87,216.8,31.84,15.11,10.18,9.73,82.45,3.72,16.51,5.43,35.93,5.93,21.71,81.2,174.0,21.0,59.08,,0,0,
BANK_005,"Guzman, Hoffman and Baldwin Rural Bank",Central,Medium,Conservative,12,2023,Q4,2023-Q4,298.31,45.35,94.6,143.12,5.26,5.14,251.19,31.71,15.2,17.27,10.07,56.98,3.67,17.54,5.88,38.67,4.27,14.97,65.27,208.0,22.0,42.58,11.78,0,0,
BANK_006,"Gardner, Robinson and Lawrence Rural Bank",Central,Small,Conservative,1,2021,Q1,2021-Q1,43.11,7.51,13.58,24.16,0.19,0.21,31.58,31.5,17.43,20.74,7.11,76.53,0.78,1.05,2.44,14.01,9.87,1.53,53.14,98.0,12.0,37.38,15.19,0,0,
BANK_006,"Gardner, Robinson and Lawrence Rural Bank",Central,Small,Conservative,2,2021,Q2,2021-Q2,44.22,7.79,13.58,25.32,0.2,0.12,31.07,30.7,17.62,12.34,16.38,81.48,0.79,2.53,5.73,32.53,7.6,2.99,66.27,64.0,3.0,30.46,13.47,0,0,
BANK_006,"Gardner, Robinson and Lawrence Rural Bank",Central,Small,Conservative,3,2021,Q3,2021-Q3,47.4,8.31,14.12,23.35,0.19,0.12,36.01,29.79,17.54,11.17,10.58,64.84,0.8,0.71,1.49,8.49,5.57,3.22,47.97,44.0,10.0,23.81,31.91,0,0,
BANK_006,"Gardner, Robinson and Lawrence Rural Bank",Central,Small,Conservative,4,2021,Q4,2021-Q4,40.35,7.15,11.81,15.7,0.13,0.08,31.96,29.27,17.73,16.62,13.37,49.13,0.83,1.63,4.05,22.83,2.33,1.94,77.62,85.0,6.0,50.94,34.03,0,0,
BANK_006,"Gardner, Robinson and Lawrence Rural Bank",Central,Small,Conservative,5,2022,Q1,2022-Q1,40.57,7.27,12.39,19.44,0.16,0.19,29.14,30.55,17.93,24.66,19.83,66.69,0.81,1.71,4.22,23.53,3.3,2.61,36.05,22.0,12.0,24.44,16.37,0,0,
BANK_006,"Gardner, Robinson and Lawrence Rural Bank",Central,Small,Conservative,6,2022,Q2,2022-Q2,48.01,8.59,15.6,33.3,0.25,0.18,40.73,32.5,17.89,12.32,6.66,81.78,0.76,2.31,4.81,26.91,10.8,,45.88,,3.0,47.36,17.6,0,0,
BANK_006,"Gardner, Robinson and Lawrence Rural Bank",Central,Small,Conservative,7,2022,Q3,2022-Q3,50.88,9.14,16.93,28.72,0.22,0.24,38.94,33.27,17.97,22.34,7.87,73.76,0.78,1.13,2.21,12.31,2.31,3.41,,45.0,2.0,45.68,10.01,0,0,
BANK_006,"Gardner, Robinson and Lawrence Rural Bank",Central,Small,Conservative,8,2022,Q4,2022-Q4,51.24,9.17,17.5,21.77,0.17,0.18,36.4,34.15,17.9,23.36,8.23,59.82,0.8,1.16,2.27,12.69,10.07,1.69,88.43,72.0,13.0,15.01,10.07,0,0,
BANK_006,"Gardner, Robinson and Lawrence Rural Bank",Central,Small,Conservative,9,2023,Q1,2023-Q1,50.6,8.93,17.32,22.2,0.18,0.15,36.4,34.23,17.64,8.31,8.4,60.99,0.81,1.52,3.01,17.07,2.27,3.96,,76.0,14.0,52.17,25.98,0,0,
BANK_006,"Gardner, Robinson and Lawrence Rural Bank",Central,Small,Conservative,10,2023,Q2,2023-Q2,54.27,9.77,18.44,29.91,0.24,0.14,43.16,33.99,18.0,9.16,14.42,69.3,0.79,1.25,2.31,12.82,2.46,,48.45,85.0,2.0,25.19,26.91,0,0,
BANK_006,"Gardner, Robinson and Lawrence Rural Bank",Central,Small,Conservative,11,2023,Q3,2023-Q3,52.59,9.48,18.99,34.79,0.28,0.31,39.42,36.1,18.03,12.85,18.16,88.25,0.81,1.67,3.18,17.63,4.68,3.65,67.27,72.0,5.0,24.91,19.65,0,0,
BANK_006,"Gardner, Robinson and Lawrence Rural Bank",Central,Small,Conservative,12,2023,Q4,2023-Q4,54.27,9.95,19.75,33.81,0.27,0.31,38.52,36.39,18.34,15.9,5.49,87.77,0.8,0.91,1.68,9.15,5.41,2.08,41.09,95.0,7.0,50.5,24.19,0,0,
BANK_007,Blake and Sons Rural Bank,Greater Accra,Small,Moderate,1,2021,Q1,2021-Q1,35.44,3.86,8.67,24.95,1.54,1.06,29.97,24.46,10.9,24.73,8.51,83.27,6.15,0.82,2.32,21.31,6.07,2.64,30.19,23.0,9.0,55.83,12.17,1,0,Low Capital; 
BANK_007,Blake and Sons Rural Bank,Greater Accra,Small,Moderate,2,2021,Q2,2021-Q2,31.07,3.34,6.96,17.77,1.08,0.99,23.94,22.4,10.73,17.13,12.09,74.24,6.08,1.64,5.28,49.16,2.49,2.23,84.86,42.0,8.0,34.73,11.56,1,0,Low Capital; 
BANK_007,Blake and Sons Rural Bank,Greater Accra,Small,Moderate,3,2021,Q3,2021-Q3,30.24,3.24,7.0,19.07,1.18,1.32,22.46,23.15,10.72,17.77,9.17,84.92,6.19,0.35,1.16,10.82,8.75,0.98,59.29,94.0,4.0,32.54,26.9,1,0,Low Capital; 
BANK_007,Blake and Sons Rural Bank,Greater Accra,Small,Moderate,4,2021,Q4,2021-Q4,30.37,3.28,7.05,17.43,1.12,0.56,22.61,23.21,10.8,20.2,8.87,77.1,6.41,1.57,5.18,47.97,2.41,2.23,46.69,73.0,12.0,44.82,7.77,1,0,Low Capital; 
BANK_007,Blake and Sons Rural Bank,Greater Accra,Small,Moderate,5,2022,Q1,2022-Q1,32.76,3.62,7.95,15.25,0.97,0.92,24.51,24.27,11.04,18.99,18.5,62.23,6.37,1.77,5.4,48.96,7.99,1.81,39.03,29.0,4.0,22.73,24.14,1,0,Low Capital; 
BANK_007,Blake and Sons Rural Bank,Greater Accra,Small,Moderate,6,2022,Q2,2022-Q2,33.78,3.79,8.67,26.27,1.69,1.38,27.8,25.66,11.23,9.43,17.44,94.52,6.44,1.0,2.96,26.4,11.1,2.38,44.04,57.0,12.0,,16.62,1,0,Low Capital; 
BANK_007,Blake and Sons Rural Bank,Greater Accra,Small,Moderate,7,2022,Q3,2022-Q3,33.77,3.83,8.77,19.56,1.23,0.95,28.0,25.98,11.35,15.65,6.16,69.84,6.31,1.31,3.88,34.14,9.59,1.18,87.83,20.0,6.0,16.23,16.79,1,0,Low Capital; 
BANK_007,Blake and Sons Rural Bank,Greater Accra,Small,Moderate,8,2022,Q4,2022-Q4,33.09,3.87,7.77,17.66,1.19,0.91,23.39,23.47,11.7,8.11,7.48,75.52,6.72,1.03,3.12,26.63,9.92,1.98,36.58,87.0,8.0,52.88,22.41,1,0,Low Capital; 
BANK_007,Blake and Sons Rural Bank,Greater Accra,Small,Moderate,9,2023,Q1,2023-Q1,32.39,3.79,7.71,22.23,1.5,0.89,23.78,23.8,11.72,9.69,7.51,93.46,6.74,0.65,2.0,17.06,11.26,1.64,55.7,45.0,3.0,36.95,8.9,1,0,Low Capital; 
BANK_007,Blake and Sons Rural Bank,Greater Accra,Small,Moderate,10,2023,Q2,2023-Q2,31.72,3.76,7.54,16.07,1.1,0.62,24.32,23.77,11.85,18.32,10.62,66.07,6.84,0.56,1.76,14.89,2.31,2.49,80.28,98.0,8.0,38.95,10.05,1,0,Low Capital; 
BANK_007,Blake and Sons Rural Bank,Greater Accra,Small,Moderate,11,2023,Q3,2023-Q3,34.54,4.07,7.97,23.81,1.61,1.57,27.85,23.09,11.79,12.0,10.34,85.47,6.75,1.74,5.05,42.8,7.45,1.32,67.89,99.0,3.0,51.75,11.22,1,0,Low Capital; 
BANK_007,Blake and Sons Rural Bank,Greater Accra,Small,Moderate,12,2023,Q4,2023-Q4,37.43,4.45,8.64,17.75,1.23,0.74,30.65,23.09,11.89,22.49,9.51,57.92,6.92,1.67,4.46,37.54,11.07,1.37,68.55,67.0,6.0,35.63,6.14,1,0,Low Capital; 
BANK_008,"Henderson, Ramirez and Lewis Rural Bank",Eastern,Medium,Conservative,1,2021,Q1,2021-Q1,161.88,32.51,70.79,96.53,0.27,0.31,124.65,43.73,20.09,16.72,5.87,77.44,0.28,2.56,1.58,7.86,9.55,8.84,,148.0,21.0,40.32,18.24,0,0,
BANK_008,"Henderson, Ramirez and Lewis Rural Bank",Eastern,Medium,Conservative,2,2021,Q2,2021-Q2,166.32,33.48,68.35,110.87,0.3,0.28,138.74,41.09,20.13,18.05,10.43,79.91,0.27,8.47,5.09,25.29,6.76,13.27,33.87,50.0,25.0,28.43,12.21,0,0,
BANK_008,"Henderson, Ramirez and Lewis Rural Bank",Eastern,Medium,Conservative,3,2021,Q3,2021-Q3,154.13,30.76,64.1,105.57,0.3,0.34,112.99,41.59,19.96,8.52,5.46,93.43,0.28,8.38,5.44,27.23,7.27,9.5,71.89,213.0,15.0,47.99,20.86,0,0,
BANK_008,"Henderson, Ramirez and Lewis Rural Bank",Eastern,Medium,Conservative,4,2021,Q4,2021-Q4,161.87,32.19,68.35,49.69,0.14,0.14,113.45,42.23,19.89,9.77,14.49,43.8,0.28,4.73,2.92,14.69,9.23,7.12,74.68,54.0,14.0,39.71,23.96,0,0,
BANK_008,"Henderson, Ramirez and Lewis Rural Bank",Eastern,Medium,Conservative,5,2022,Q1,2022-Q1,178.11,35.67,75.84,67.37,0.19,0.2,147.9,42.58,20.02,12.12,5.09,45.55,0.28,6.06,3.4,16.99,3.45,11.67,73.35,92.0,33.0,33.06,13.78,0,0,
BANK_008,"Henderson, Ramirez and Lewis Rural Bank",Eastern,Medium,Conservative,6,2022,Q2,2022-Q2,181.09,36.0,78.17,107.86,0.29,0.15,149.64,43.17,19.88,11.65,5.33,72.08,0.27,5.5,3.04,15.29,9.6,7.13,76.79,223.0,19.0,51.96,21.64,0,0,
BANK_008,"Henderson, Ramirez and Lewis Rural Bank",Eastern,Medium,Conservative,7,2022,Q3,2022-Q3,187.64,38.13,76.66,74.01,0.2,0.12,139.88,40.85,20.32,23.59,11.95,52.91,0.27,8.65,4.61,22.7,6.01,7.12,87.33,214.0,28.0,27.22,17.07,0,0,
BANK_008,"Henderson, Ramirez and Lewis Rural Bank",Eastern,Medium,Conservative,8,2022,Q4,2022-Q4,187.1,38.37,74.11,131.52,0.35,0.41,147.34,39.61,20.51,9.41,13.9,89.26,0.27,10.79,5.77,28.13,10.27,6.83,66.72,223.0,23.0,55.82,33.29,0,0,
BANK_008,"Henderson, Ramirez and Lewis Rural Bank",Eastern,Medium,Conservative,9,2023,Q1,2023-Q1,172.81,35.02,67.26,95.62,0.26,0.3,123.97,38.92,20.27,22.35,19.04,77.13,0.27,7.57,4.38,21.63,3.39,7.38,86.91,86.0,14.0,20.83,25.28,0,0,
BANK_008,"Henderson, Ramirez and Lewis Rural Bank",Eastern,Medium,Conservative,10,2023,Q2,2023-Q2,199.61,40.29,77.5,70.78,0.19,0.16,154.65,38.83,20.19,9.89,19.99,45.76,0.27,8.23,4.12,20.43,9.71,6.02,85.83,87.0,22.0,33.71,26.59,0,0,
BANK_008,"Henderson, Ramirez and Lewis Rural Bank",Eastern,Medium,Conservative,11,2023,Q3,2023-Q3,209.29,42.12,80.42,129.69,0.36,0.21,171.5,38.43,20.12,20.53,15.96,75.62,0.28,12.36,5.91,29.36,2.52,13.42,60.43,165.0,7.0,16.94,25.01,0,0,
BANK_008,"Henderson, Ramirez and Lewis Rural Bank",Eastern,Medium,Conservative,12,2023,Q4,2023-Q4,214.71,43.46,81.57,78.46,0.22,0.24,172.46,37.99,20.24,20.06,13.16,45.49,0.29,12.42,5.78,28.57,2.31,14.35,51.47,231.0,13.0,47.62,31.33,0,0,
BANK_009,Garcia-James Rural Bank,Western,Medium,Conservative,1,2021,Q1,2021-Q1,56.25,9.42,23.3,27.07,0.48,0.28,41.63,41.43,16.75,17.78,16.43,65.02,1.76,0.81,1.44,8.57,5.83,2.72,41.81,137.0,15.0,30.38,27.17,0,0,
BANK_009,Garcia-James Rural Bank,Western,Medium,Conservative,2,2021,Q2,2021-Q2,59.23,9.8,24.65,33.74,0.61,0.59,47.35,41.61,16.54,17.3,13.56,71.25,1.8,3.04,5.14,31.05,8.06,2.64,43.46,80.0,34.0,46.96,,0,0,
BANK_009,Garcia-James Rural Bank,Western,Medium,Conservative,3,2021,Q3,2021-Q3,56.96,9.65,23.82,34.51,0.66,0.63,44.85,41.81,16.94,17.54,5.9,76.94,1.91,2.81,4.93,29.1,4.05,3.78,70.28,229.0,32.0,29.18,13.29,0,0,
BANK_009,Garcia-James Rural Bank,Western,Medium,Conservative,4,2021,Q4,2021-Q4,58.43,9.94,23.8,22.81,0.45,0.39,46.53,40.74,17.0,9.03,18.6,49.01,1.96,2.59,4.43,26.06,8.9,4.47,62.33,96.0,6.0,33.7,14.06,0,0,
BANK_009,Garcia-James Rural Bank,Western,Medium,Conservative,5,2022,Q1,2022-Q1,58.16,10.01,23.9,42.86,0.82,0.67,46.13,41.1,17.21,17.53,19.24,92.93,1.91,3.08,5.29,30.73,6.81,4.36,73.83,77.0,37.0,38.73,16.76,0,0,
BANK_009,Garcia-James Rural Bank,Western,Medium,Conservative,6,2022,Q2,2022-Q2,62.1,10.72,26.66,31.85,0.59,0.38,47.26,42.93,17.26,15.8,14.55,67.4,1.84,3.36,5.42,31.37,3.76,2.53,30.85,52.0,31.0,47.95,15.65,0,0,
BANK_009,Garcia-James Rural Bank,Western,Medium,Conservative,7,2022,Q3,2022-Q3,59.99,10.52,26.07,42.43,0.8,0.57,45.53,43.46,17.53,11.94,19.29,93.19,1.88,1.98,3.31,18.86,9.81,4.68,79.63,221.0,24.0,52.59,28.53,0,0,
BANK_009,Garcia-James Rural Bank,Western,Medium,Conservative,8,2022,Q4,2022-Q4,58.52,10.04,23.74,20.44,0.4,0.43,48.06,40.57,17.16,12.31,17.07,42.53,1.98,1.4,2.4,13.97,6.03,4.37,30.03,230.0,9.0,59.55,33.65,0,0,
BANK_009,Garcia-James Rural Bank,Western,Medium,Conservative,9,2023,Q1,2023-Q1,68.36,11.56,27.16,36.56,0.71,0.67,48.78,39.73,16.91,24.87,12.22,74.95,1.95,2.03,2.98,17.6,7.74,3.47,85.07,230.0,33.0,58.85,5.83,0,0,
BANK_009,Garcia-James Rural Bank,Western,Medium,Conservative,10,2023,Q2,2023-Q2,79.74,13.57,33.51,53.33,0.96,0.77,57.59,42.03,17.02,20.23,8.43,92.6,1.8,2.84,3.56,20.94,6.28,3.69,84.58,,18.0,55.67,30.38,0,0,
BANK_009,Garcia-James Rural Bank,Western,Medium,Conservative,11,2023,Q3,2023-Q3,85.56,14.48,34.91,59.45,1.07,0.76,66.88,40.8,16.93,18.09,17.35,88.89,1.8,1.02,1.19,7.04,8.36,4.13,49.19,225.0,19.0,19.28,29.8,0,0,
BANK_009,Garcia-James Rural Bank,Western,Medium,Conservative,12,2023,Q4,2023-Q4,81.3,13.93,33.47,42.77,0.79,0.69,62.56,41.16,17.14,17.04,17.37,68.36,1.84,3.27,4.02,23.44,2.61,3.91,77.0,90.0,11.0,15.45,18.12,0,0,
BANK_010,Abbott-Munoz Rural Bank,Volta,Large,Moderate,1,2021,Q1,2021-Q1,729.64,66.7,220.22,337.1,36.03,28.5,590.83,30.18,9.14,18.36,7.87,57.05,10.69,39.46,5.41,59.16,10.18,31.11,47.64,150.0,31.0,59.98,17.17,1,0,Low Capital; 
BANK_010,Abbott-Munoz Rural Bank,Volta,Large,Moderate,2,2021,Q2,2021-Q2,786.09,71.31,235.22,287.03,31.42,16.16,595.15,29.92,9.07,12.57,13.14,48.23,10.95,27.43,3.49,38.46,4.69,48.28,61.32,244.0,71.0,43.45,8.9,1,0,Low Capital; 
BANK_010,Abbott-Munoz Rural Bank,Volta,Large,Moderate,3,2021,Q3,2021-Q3,894.52,81.39,269.81,374.27,39.28,24.59,756.64,30.16,9.1,9.67,15.63,49.46,10.49,43.61,4.87,53.58,3.22,32.43,85.28,237.0,12.0,17.34,9.27,1,0,Low Capital; 
BANK_010,Abbott-Munoz Rural Bank,Volta,Large,Moderate,4,2021,Q4,2021-Q4,969.56,87.25,311.67,367.61,37.59,33.25,789.91,32.15,9.0,13.3,7.36,46.54,10.23,31.97,3.3,36.65,7.07,47.86,88.93,106.0,60.0,20.6,28.93,1,0,Low Capital; 
BANK_010,Abbott-Munoz Rural Bank,Volta,Large,Moderate,5,2022,Q1,2022-Q1,1036.14,93.59,351.02,568.2,58.92,51.76,803.18,33.88,9.03,15.3,6.46,70.74,10.37,25.93,2.5,27.71,6.82,37.22,92.5,385.0,71.0,25.2,31.38,1,0,Low Capital; 
BANK_010,Abbott-Munoz Rural Bank,Volta,Large,Moderate,6,2022,Q2,2022-Q2,1122.45,102.38,384.23,530.0,53.43,38.42,923.17,34.23,9.12,23.9,14.38,57.41,10.08,57.63,5.13,56.29,11.82,68.92,,165.0,22.0,15.89,16.72,1,0,Low Capital; 
BANK_010,Abbott-Munoz Rural Bank,Volta,Large,Moderate,7,2022,Q3,2022-Q3,1131.74,101.89,395.1,599.39,58.79,44.04,941.26,34.91,9.0,9.43,19.02,63.68,9.81,29.48,2.61,28.93,8.78,38.03,43.35,252.0,73.0,50.32,27.0,1,0,Low Capital; 
BANK_010,Abbott-Munoz Rural Bank,Volta,Large,Moderate,8,2022,Q4,2022-Q4,1100.27,98.67,375.14,682.12,69.86,79.66,933.64,34.1,8.97,8.2,16.78,73.06,10.24,36.54,3.32,37.04,11.77,38.68,65.61,491.0,46.0,,22.47,1,0,Low Capital; 
BANK_010,Abbott-Munoz Rural Bank,Volta,Large,Moderate,9,2023,Q1,2023-Q1,1146.72,101.38,409.08,653.55,67.67,59.87,891.59,35.67,8.84,19.73,6.11,73.3,10.35,18.73,1.63,18.47,7.95,44.27,90.16,127.0,37.0,46.31,,1,0,Low Capital; 
BANK_010,Abbott-Munoz Rural Bank,Volta,Large,Moderate,10,2023,Q2,2023-Q2,1176.0,103.05,446.34,699.75,70.4,68.32,889.04,37.95,8.76,17.92,14.62,78.71,10.06,42.09,3.58,40.84,4.5,35.4,41.32,146.0,39.0,42.55,11.39,1,0,Low Capital; 
BANK_010,Abbott-Munoz Rural Bank,Volta,Large,Moderate,11,2023,Q3,2023-Q3,1232.31,109.35,465.1,418.62,42.89,37.72,978.61,37.74,8.87,23.97,10.6,42.78,10.25,25.33,2.06,23.16,9.26,75.0,78.06,185.0,53.0,37.41,27.28,1,0,Low Capital; 
BANK_010,Abbott-Munoz Rural Bank,Volta,Large,Moderate,12,2023,Q4,2023-Q4,1322.15,116.9,521.61,925.25,94.63,76.36,1096.32,39.45,8.84,24.94,6.26,84.4,10.23,27.26,2.06,23.32,7.47,84.0,75.56,181.0,52.0,51.83,6.5,1,0,Low Capital; 
BANK_011,Blair PLC Rural Bank,Ashanti,Small,Moderate,1,2021,Q1,2021-Q1,46.02,3.98,10.81,13.38,1.86,1.4,32.75,23.5,8.65,11.66,10.34,40.87,13.93,1.82,3.95,45.71,7.95,2.24,51.65,90.0,6.0,37.21,13.5,1,0,Low Capital; 
BANK_011,Blair PLC Rural Bank,Ashanti,Small,Moderate,2,2021,Q2,2021-Q2,45.19,3.96,10.33,20.67,2.97,2.37,38.32,22.87,8.76,11.51,12.7,53.93,14.37,2.24,4.96,56.54,5.34,3.31,89.49,88.0,2.0,50.43,17.34,1,0,Low Capital; 
BANK_011,Blair PLC Rural Bank,Ashanti,Small,Moderate,3,2021,Q3,2021-Q3,45.83,4.05,10.26,24.12,3.55,2.82,35.76,22.39,8.84,16.5,17.5,67.47,14.71,2.24,4.9,55.4,7.99,1.84,68.37,52.0,8.0,16.27,11.3,1,0,Low Capital; 
BANK_011,Blair PLC Rural Bank,Ashanti,Small,Moderate,4,2021,Q4,2021-Q4,49.63,4.34,10.82,26.01,3.82,4.01,41.62,21.81,8.75,24.02,5.17,62.48,14.69,2.3,4.63,52.94,9.21,3.54,,84.0,2.0,56.61,18.3,1,0,Low Capital; 
BANK_011,Blair PLC Rural Bank,Ashanti,Small,Moderate,5,2022,Q1,2022-Q1,46.41,4.08,10.28,17.05,2.5,2.66,38.56,22.16,8.78,21.37,16.14,44.21,14.65,1.9,4.1,46.64,5.74,2.02,45.07,45.0,13.0,18.49,29.87,1,0,Low Capital; 
BANK_011,Blair PLC Rural Bank,Ashanti,Small,Moderate,6,2022,Q2,2022-Q2,52.31,4.49,11.55,34.86,4.66,2.37,39.33,22.07,8.59,13.03,16.92,88.64,13.36,1.59,3.05,35.45,6.11,3.46,55.01,59.0,7.0,48.33,30.89,1,0,Low Capital; 
BANK_011,Blair PLC Rural Bank,Ashanti,Small,Moderate,7,2022,Q3,2022-Q3,56.07,4.82,12.08,29.41,4.11,4.6,42.15,21.55,8.6,10.07,9.45,69.78,13.99,2.32,4.15,48.18,7.82,2.01,43.77,44.0,4.0,25.97,13.03,1,0,Low Capital; 
BANK_011,Blair PLC Rural Bank,Ashanti,Small,Moderate,8,2022,Q4,2022-Q4,57.35,4.89,12.28,41.19,6.02,5.87,43.71,21.42,8.53,15.0,13.58,94.24,14.61,2.76,4.81,56.37,4.04,2.66,65.53,66.0,,57.53,25.9,1,0,Low Capital; 
BANK_011,Blair PLC Rural Bank,Ashanti,Small,Moderate,9,2023,Q1,2023-Q1,60.72,5.18,12.84,44.3,6.54,6.38,47.17,21.15,8.53,21.14,11.59,93.92,14.76,3.45,5.68,66.61,9.76,3.68,85.73,73.0,7.0,54.85,11.66,1,0,Low Capital; 
BANK_011,Blair PLC Rural Bank,Ashanti,Small,Moderate,10,2023,Q2,2023-Q2,66.12,5.66,14.1,42.11,6.26,4.02,53.75,21.32,8.56,10.17,15.97,78.35,14.87,1.51,2.28,26.62,7.32,3.67,83.34,52.0,8.0,15.6,17.29,1,0,Low Capital; 
BANK_011,Blair PLC Rural Bank,Ashanti,Small,Moderate,11,2023,Q3,2023-Q3,64.45,5.48,13.93,31.1,4.71,4.15,46.87,21.61,8.5,24.69,5.63,66.36,15.14,2.05,3.18,37.37,7.13,5.12,45.05,95.0,2.0,35.09,7.1,1,0,Low Capital; High NPL; 
BANK_011,Blair PLC Rural Bank,Ashanti,Small,Moderate,12,2023,Q4,2023-Q4,67.37,5.81,14.34,30.84,4.7,5.41,50.89,21.29,8.63,14.45,15.6,60.6,15.25,3.44,5.1,59.12,10.42,3.28,71.08,27.0,3.0,17.19,22.43,1,0,Low Capital; High NPL; 
BANK_012,Dudley Group Rural Bank,Greater Accra,Medium,Aggressive,1,2021,Q1,2021-Q1,113.91,22.85,10.42,54.11,11.31,5.77,91.31,9.14,20.06,20.13,12.82,59.26,20.89,3.23,2.84,14.15,8.62,5.39,55.4,81.0,13.0,42.24,17.99,1,0,Low Liquidity; High NPL; 
BANK_012,Dudley Group Rural Bank,Greater Accra,Medium,Aggressive,2,2021,Q2,2021-Q2,117.14,23.6,10.44,71.4,15.62,12.03,87.39,8.91,20.14,18.0,13.12,81.7,21.87,2.17,1.85,9.2,8.0,8.56,86.46,194.0,29.0,40.11,22.54,1,0,Low Liquidity; High NPL; 
BANK_012,Dudley Group Rural Bank,Greater Accra,Medium,Aggressive,3,2021,Q3,2021-Q3,116.03,23.12,11.02,82.26,18.86,17.83,88.72,9.5,19.92,20.72,11.76,92.72,22.92,2.38,2.05,10.31,7.29,8.27,60.1,105.0,26.0,52.07,6.89,1,0,Low Liquidity; High NPL; 
BANK_012,Dudley Group Rural Bank,Greater Accra,Medium,Aggressive,4,2021,Q4,2021-Q4,118.08,23.65,11.38,90.88,21.58,13.07,96.59,9.64,20.03,11.69,11.92,94.08,23.75,3.86,3.27,16.32,4.64,5.99,87.75,214.0,25.0,53.62,28.51,1,0,Low Liquidity; High NPL; 
BANK_012,Dudley Group Rural Bank,Greater Accra,Medium,Aggressive,5,2022,Q1,2022-Q1,112.68,22.5,10.96,69.43,16.33,16.72,86.26,9.73,19.97,21.82,12.71,80.49,23.52,4.97,4.41,22.1,11.67,8.04,88.7,236.0,31.0,45.34,5.17,1,0,Low Liquidity; High NPL; 
BANK_012,Dudley Group Rural Bank,Greater Accra,Medium,Aggressive,6,2022,Q2,2022-Q2,128.79,25.42,12.52,62.51,14.72,8.18,108.72,9.72,19.74,13.31,9.56,57.5,23.54,1.24,0.96,4.86,2.17,9.77,75.9,111.0,9.0,38.02,5.16,1,0,Low Liquidity; High NPL; 
BANK_012,Dudley Group Rural Bank,Greater Accra,Medium,Aggressive,7,2022,Q3,2022-Q3,129.83,25.8,12.9,56.71,13.81,13.44,92.23,9.94,19.87,10.35,11.04,61.48,24.36,4.91,3.78,19.04,7.69,9.53,54.64,,25.0,43.49,19.08,1,0,Low Liquidity; High NPL; 
BANK_012,Dudley Group Rural Bank,Greater Accra,Medium,Aggressive,8,2022,Q4,2022-Q4,116.19,22.41,11.17,63.87,16.7,18.08,97.72,9.61,19.29,14.16,17.92,65.36,26.14,6.28,5.41,28.04,3.1,,71.06,60.0,25.0,58.84,,1,0,Low Liquidity; High NPL; 
BANK_012,Dudley Group Rural Bank,Greater Accra,Medium,Aggressive,9,2023,Q1,2023-Q1,128.52,24.88,12.17,58.93,15.47,12.64,93.9,9.47,19.36,24.13,17.15,62.76,26.24,1.49,1.16,5.99,8.85,4.02,41.14,140.0,19.0,45.86,32.31,1,0,Low Liquidity; High NPL; 
BANK_012,Dudley Group Rural Bank,Greater Accra,Medium,Aggressive,10,2023,Q2,2023-Q2,131.34,25.46,12.44,78.18,20.56,20.94,108.36,9.48,19.39,9.61,18.22,72.15,26.29,5.09,3.88,20.01,9.03,4.38,45.0,233.0,25.0,26.08,25.72,1,0,Low Liquidity; High NPL; 
BANK_012,Dudley Group Rural Bank,Greater Accra,Medium,Aggressive,11,2023,Q3,2023-Q3,139.0,27.64,13.4,81.57,21.27,12.5,105.12,9.64,19.89,11.41,19.64,77.59,26.08,2.61,1.88,9.45,8.91,8.36,70.23,238.0,30.0,20.76,15.43,1,0,Low Liquidity; High NPL; 
BANK_012,Dudley Group Rural Bank,Greater Accra,Medium,Aggressive,12,2023,Q4,2023-Q4,131.68,25.86,12.9,87.47,23.26,18.41,98.22,9.8,19.64,10.86,15.04,89.05,26.59,4.19,3.19,16.22,2.55,10.16,34.86,137.0,22.0,59.34,9.98,1,0,Low Liquidity; High NPL; 
BANK_013,Arnold Ltd Rural Bank,Northern,Small,Moderate,1,2021,Q1,2021-Q1,10.15,0.83,3.2,4.15,0.23,0.12,8.06,31.53,8.19,14.22,7.33,51.4,5.64,0.27,2.71,33.07,5.02,,41.06,91.0,12.0,18.44,34.6,1,0,Low Capital; 
BANK_013,Arnold Ltd Rural Bank,Northern,Small,Moderate,2,2021,Q2,2021-Q2,10.19,0.83,3.1,6.37,0.36,0.38,8.08,30.46,8.17,13.16,17.44,78.87,5.64,0.26,2.51,30.77,2.03,0.39,86.9,55.0,14.0,32.81,26.46,1,0,Low Capital; 
BANK_013,Arnold Ltd Rural Bank,Northern,Small,Moderate,3,2021,Q3,2021-Q3,8.66,0.7,2.45,4.0,0.24,0.25,6.77,28.35,8.06,23.99,7.86,59.09,6.05,0.11,1.3,16.18,7.23,0.46,72.64,64.0,10.0,44.61,8.51,1,0,Low Capital; 
BANK_013,Arnold Ltd Rural Bank,Northern,Small,Moderate,4,2021,Q4,2021-Q4,9.19,0.74,2.75,4.49,0.27,0.27,7.14,29.97,8.08,16.72,15.48,62.89,5.92,0.48,5.21,64.44,6.03,0.72,90.6,79.0,5.0,20.92,30.64,1,0,Low Capital; 
BANK_013,Arnold Ltd Rural Bank,Northern,Small,Moderate,5,2022,Q1,2022-Q1,9.5,0.77,3.01,4.95,0.3,0.27,7.94,31.68,8.06,14.31,12.36,62.36,6.11,0.46,4.89,60.69,4.53,0.73,88.11,46.0,11.0,40.8,15.13,1,0,Low Capital; 
BANK_013,Arnold Ltd Rural Bank,Northern,Small,Moderate,6,2022,Q2,2022-Q2,9.79,0.78,3.26,5.76,0.36,0.19,7.95,33.29,7.93,14.4,12.83,72.39,6.29,0.21,2.12,26.77,4.65,0.56,42.97,43.0,5.0,57.68,33.34,1,0,Low Capital; 
BANK_013,Arnold Ltd Rural Bank,Northern,Small,Moderate,7,2022,Q3,2022-Q3,10.48,0.83,3.61,5.32,0.34,0.32,7.35,34.44,7.94,20.93,16.79,72.45,6.37,0.37,3.5,44.08,9.04,0.8,54.43,76.0,8.0,45.35,27.89,1,0,Low Capital; 
BANK_013,Arnold Ltd Rural Bank,Northern,Small,Moderate,8,2022,Q4,2022-Q4,9.78,0.77,3.31,5.79,0.38,0.36,7.53,33.8,7.91,12.73,8.4,76.85,6.64,0.53,5.42,68.52,11.28,0.78,81.74,80.0,4.0,30.12,18.97,1,0,Low Capital; 
BANK_013,Arnold Ltd Rural Bank,Northern,Small,Moderate,9,2023,Q1,2023-Q1,9.5,0.75,3.2,6.93,0.46,0.25,7.64,33.7,7.92,17.66,7.84,90.73,6.69,0.41,4.34,54.76,4.11,0.55,85.67,86.0,14.0,31.46,14.54,1,0,Low Capital; 
BANK_013,Arnold Ltd Rural Bank,Northern,Small,Moderate,10,2023,Q2,2023-Q2,9.73,0.78,3.18,4.12,0.27,0.19,7.42,32.72,8.04,8.71,6.31,55.55,6.5,0.4,4.1,50.98,7.97,0.61,42.5,43.0,10.0,41.98,20.19,1,0,Low Capital; 
BANK_013,Arnold Ltd Rural Bank,Northern,Small,Moderate,11,2023,Q3,2023-Q3,10.42,0.84,3.49,5.43,0.34,0.27,8.35,33.45,8.02,21.51,10.1,65.06,6.21,0.24,2.33,29.0,3.42,0.48,85.22,27.0,14.0,39.35,34.55,1,0,Low Capital; 
BANK_013,Arnold Ltd Rural Bank,Northern,Small,Moderate,12,2023,Q4,2023-Q4,10.54,0.85,3.62,3.81,0.23,0.17,7.76,34.35,8.08,15.63,7.98,49.07,6.13,0.58,5.54,68.65,3.89,0.32,33.91,92.0,10.0,27.29,10.32,1,0,Low Capital; 
BANK_014,"Mcclure, Ward and Lee Rural Bank",Greater Accra,Medium,Aggressive,1,2021,Q1,2021-Q1,94.14,9.91,18.21,60.21,13.67,9.22,72.43,19.34,10.53,22.55,19.12,83.13,22.7,2.52,2.68,25.45,9.57,4.21,49.43,71.0,,47.84,33.21,1,0,Low Capital; High NPL; 
BANK_014,"Mcclure, Ward and Lee Rural Bank",Greater Accra,Medium,Aggressive,2,2021,Q2,2021-Q2,99.11,10.47,18.64,37.94,8.79,10.24,76.6,18.81,10.56,10.33,17.34,49.53,23.18,4.55,4.59,43.46,8.32,5.87,55.36,121.0,6.0,24.81,5.46,1,0,Low Capital; High NPL; 
BANK_014,"Mcclure, Ward and Lee Rural Bank",Greater Accra,Medium,Aggressive,3,2021,Q3,2021-Q3,94.47,9.99,16.56,52.3,12.65,14.67,76.04,17.53,10.58,9.41,18.1,68.77,24.19,2.07,2.19,20.71,9.8,3.3,34.92,122.0,7.0,41.33,11.79,1,0,Low Capital; High NPL; 
BANK_014,"Mcclure, Ward and Lee Rural Bank",Greater Accra,Medium,Aggressive,4,2021,Q4,2021-Q4,94.14,9.99,16.18,57.74,14.39,15.15,78.09,17.19,10.61,20.72,15.5,73.93,24.92,3.53,3.75,35.33,4.46,4.82,81.58,56.0,30.0,25.8,9.33,1,0,Low Capital; High NPL; 
BANK_014,"Mcclure, Ward and Lee Rural Bank",Greater Accra,Medium,Aggressive,5,2022,Q1,2022-Q1,89.15,9.47,15.48,46.0,11.65,11.91,64.25,17.36,10.62,9.3,19.84,71.59,25.34,4.77,5.35,50.34,9.94,3.38,33.37,161.0,10.0,52.56,,1,0,Low Capital; High NPL; 
BANK_014,"Mcclure, Ward and Lee Rural Bank",Greater Accra,Medium,Aggressive,6,2022,Q2,2022-Q2,91.57,9.81,16.23,34.34,8.87,6.15,72.02,17.73,10.71,11.47,7.74,47.68,25.84,0.87,0.95,8.9,8.79,3.1,57.35,170.0,35.0,29.03,12.49,1,0,Low Capital; High NPL; 
BANK_014,"Mcclure, Ward and Lee Rural Bank",Greater Accra,Medium,Aggressive,7,2022,Q3,2022-Q3,98.34,10.69,17.01,74.02,19.0,16.31,81.3,17.3,10.87,21.15,9.98,91.05,25.67,1.08,1.1,10.14,8.93,6.14,45.05,186.0,35.0,17.11,14.59,1,0,Low Capital; High NPL; 
BANK_014,"Mcclure, Ward and Lee Rural Bank",Greater Accra,Medium,Aggressive,8,2022,Q4,2022-Q4,93.98,10.2,16.67,49.19,13.97,9.71,76.36,17.74,10.85,11.69,19.43,64.43,28.41,2.37,2.52,23.2,7.56,2.96,88.97,81.0,12.0,38.32,26.3,1,0,Low Capital; High NPL; 
BANK_014,"Mcclure, Ward and Lee Rural Bank",Greater Accra,Medium,Aggressive,9,2023,Q1,2023-Q1,95.06,10.25,16.56,38.65,10.51,7.58,71.0,17.42,10.78,12.86,19.53,54.43,27.19,1.24,1.31,12.15,5.15,3.06,80.76,129.0,19.0,55.21,24.74,1,0,Low Capital; High NPL; 
BANK_014,"Mcclure, Ward and Lee Rural Bank",Greater Accra,Medium,Aggressive,10,2023,Q2,2023-Q2,93.17,10.02,15.35,48.14,13.36,9.25,71.28,16.47,10.75,23.33,16.52,67.53,27.76,1.84,1.98,18.39,10.84,5.4,83.85,192.0,27.0,29.6,12.02,1,0,Low Capital; High NPL; 
BANK_014,"Mcclure, Ward and Lee Rural Bank",Greater Accra,Medium,Aggressive,11,2023,Q3,2023-Q3,100.51,10.77,16.0,46.47,13.12,10.73,72.35,15.92,10.71,21.26,17.31,64.23,28.22,5.8,5.77,53.91,3.91,5.33,58.01,110.0,11.0,17.96,31.61,1,0,Low Capital; High NPL; 
BANK_014,"Mcclure, Ward and Lee Rural Bank",Greater Accra,Medium,Aggressive,12,2023,Q4,2023-Q4,104.82,10.92,17.82,62.37,16.83,17.8,75.42,17.0,10.42,20.31,18.75,82.7,26.98,4.47,4.26,40.89,5.41,7.36,33.41,81.0,15.0,18.46,12.05,1,0,Low Capital; High NPL; 
BANK_015,Williams and Sons Rural Bank,Upper East,Large,Moderate,1,2021,Q1,2021-Q1,698.09,201.48,234.13,282.55,17.89,9.4,517.97,33.54,28.86,11.63,9.57,54.55,6.33,21.85,3.13,10.84,2.1,50.89,77.53,478.0,60.0,29.12,12.44,0,0,
BANK_015,Williams and Sons Rural Bank,Upper East,Large,Moderate,2,2021,Q2,2021-Q2,680.61,199.2,237.42,194.76,12.97,13.3,482.75,34.88,29.27,10.24,13.49,40.34,6.66,24.0,3.53,12.05,3.94,23.59,56.68,165.0,24.0,29.29,12.78,0,0,
BANK_015,Williams and Sons Rural Bank,Upper East,Large,Moderate,3,2021,Q3,2021-Q3,535.24,158.01,180.56,249.28,18.15,18.31,427.88,33.73,29.52,16.23,9.2,58.26,7.28,25.45,4.76,16.11,7.53,21.84,43.56,218.0,69.0,39.63,27.02,0,0,
BANK_015,Williams and Sons Rural Bank,Upper East,Large,Moderate,4,2021,Q4,2021-Q4,517.78,150.19,179.48,210.88,14.89,15.81,426.7,34.66,29.01,12.19,6.88,49.42,7.06,30.27,5.85,20.15,5.45,24.27,50.27,148.0,17.0,44.16,31.25,0,0,
BANK_015,Williams and Sons Rural Bank,Upper East,Large,Moderate,5,2022,Q1,2022-Q1,527.4,153.54,195.33,170.75,12.1,6.75,372.76,37.04,29.11,8.59,13.18,45.81,7.09,30.97,5.87,20.17,2.3,27.54,62.8,146.0,20.0,30.83,,0,0,
BANK_015,Williams and Sons Rural Bank,Upper East,Large,Moderate,6,2022,Q2,2022-Q2,602.34,175.54,217.31,379.03,28.03,27.07,460.88,36.08,29.14,16.51,19.78,82.24,7.39,25.12,4.17,14.31,2.24,31.01,48.13,151.0,16.0,42.14,20.71,0,0,
BANK_015,Williams and Sons Rural Bank,Upper East,Large,Moderate,7,2022,Q3,2022-Q3,618.96,177.37,228.76,250.49,18.69,17.23,493.82,36.96,28.66,16.7,12.38,50.73,7.46,7.63,1.23,4.3,4.88,21.46,92.65,154.0,19.0,55.03,33.32,0,0,
BANK_015,Williams and Sons Rural Bank,Upper East,Large,Moderate,8,2022,Q4,2022-Q4,598.52,171.44,207.07,364.65,28.94,18.77,477.52,34.6,28.64,10.07,9.86,76.36,7.94,27.78,4.64,16.2,3.13,47.79,41.92,337.0,36.0,20.69,5.84,0,0,
BANK_015,Williams and Sons Rural Bank,Upper East,Large,Moderate,9,2023,Q1,2023-Q1,658.89,189.61,235.72,358.07,28.95,24.46,538.06,35.77,28.78,18.77,17.63,66.55,8.09,32.58,4.95,17.18,5.98,46.32,68.48,166.0,11.0,31.32,21.4,0,0,
BANK_015,Williams and Sons Rural Bank,Upper East,Large,Moderate,10,2023,Q2,2023-Q2,702.39,202.78,258.58,517.66,42.26,50.54,596.13,36.82,28.87,18.29,7.26,86.84,8.16,17.17,2.44,8.47,10.38,42.65,67.78,201.0,59.0,18.68,32.73,0,0,
BANK_015,Williams and Sons Rural Bank,Upper East,Large,Moderate,11,2023,Q3,2023-Q3,720.57,207.25,243.6,244.87,19.59,14.16,578.4,33.81,28.76,23.2,11.64,42.34,8.0,29.49,4.09,14.23,4.88,32.38,87.93,105.0,30.0,39.95,9.45,0,0,
BANK_015,Williams and Sons Rural Bank,Upper East,Large,Moderate,12,2023,Q4,2023-Q4,737.62,214.1,231.19,360.65,28.78,17.17,590.05,31.34,29.03,9.38,17.18,61.12,7.98,37.72,5.11,17.62,11.77,37.06,35.7,126.0,67.0,35.87,14.6,0,0,
BANK_016,Galloway-Wyatt Rural Bank,Eastern,Small,Moderate,1,2021,Q1,2021-Q1,26.44,3.97,7.87,18.2,2.06,1.56,20.86,29.77,15.0,19.33,12.34,87.28,11.34,0.44,1.65,11.01,7.73,1.13,82.27,54.0,14.0,19.16,28.41,0,0,
BANK_016,Galloway-Wyatt Rural Bank,Eastern,Small,Moderate,2,2021,Q2,2021-Q2,27.67,4.18,7.99,15.21,1.73,1.54,22.68,28.86,15.11,16.9,9.61,67.06,11.4,0.67,2.41,15.97,4.98,1.21,80.15,72.0,12.0,58.9,,0,0,
BANK_016,Galloway-Wyatt Rural Bank,Eastern,Small,Moderate,3,2021,Q3,2021-Q3,27.69,4.18,8.16,11.56,1.39,0.85,21.04,29.47,15.08,24.61,12.85,54.95,12.06,1.04,3.74,24.8,3.36,2.07,34.85,92.0,14.0,46.52,28.11,0,0,
BANK_016,Galloway-Wyatt Rural Bank,Eastern,Small,Moderate,4,2021,Q4,2021-Q4,29.89,4.5,8.95,20.12,2.43,2.36,25.07,29.96,15.05,13.22,12.95,80.28,12.05,0.81,2.72,18.05,7.5,2.08,50.67,66.0,6.0,51.71,19.0,0,0,
BANK_016,Galloway-Wyatt Rural Bank,Eastern,Small,Moderate,5,2022,Q1,2022-Q1,30.31,4.53,9.35,11.8,1.43,1.7,25.5,30.86,14.94,8.0,6.6,46.28,12.11,1.22,4.02,26.91,8.16,1.6,55.8,56.0,7.0,47.87,9.06,0,0,
BANK_016,Galloway-Wyatt Rural Bank,Eastern,Small,Moderate,6,2022,Q2,2022-Q2,30.74,4.57,9.75,15.18,1.81,1.11,22.03,31.72,14.87,19.49,8.94,68.89,11.95,0.34,1.09,7.33,8.2,2.0,43.97,23.0,6.0,19.44,8.49,0,0,
BANK_016,Galloway-Wyatt Rural Bank,Eastern,Small,Moderate,7,2022,Q3,2022-Q3,29.88,4.4,9.38,18.23,2.18,2.43,23.58,31.4,14.72,17.49,12.95,77.31,11.98,1.58,5.3,36.01,5.72,1.81,,,8.0,37.61,11.02,0,0,
BANK_016,Galloway-Wyatt Rural Bank,Eastern,Small,Moderate,8,2022,Q4,2022-Q4,30.27,4.43,9.05,13.5,1.69,1.23,22.59,29.89,14.62,24.79,18.74,59.79,12.53,0.81,2.68,18.34,5.94,1.82,82.11,57.0,7.0,59.8,5.31,0,0,
BANK_016,Galloway-Wyatt Rural Bank,Eastern,Small,Moderate,9,2023,Q1,2023-Q1,31.6,4.68,9.02,19.54,2.48,1.85,22.18,28.55,14.81,18.38,10.13,88.06,12.7,0.34,1.06,7.17,3.16,1.15,42.3,56.0,11.0,55.75,30.06,0,0,
BANK_016,Galloway-Wyatt Rural Bank,Eastern,Small,Moderate,10,2023,Q2,2023-Q2,32.54,4.75,9.56,13.77,1.73,1.41,25.24,29.38,14.61,8.25,7.99,54.55,12.6,0.69,2.13,14.57,10.66,1.24,,21.0,8.0,15.95,29.59,0,0,
BANK_016,Galloway-Wyatt Rural Bank,Eastern,Small,Moderate,11,2023,Q3,2023-Q3,33.41,4.91,9.34,22.47,2.95,1.5,26.11,27.95,14.69,10.43,9.25,86.05,13.14,1.56,4.68,31.87,4.44,2.0,55.03,88.0,14.0,54.76,13.12,0,0,
BANK_016,Galloway-Wyatt Rural Bank,Eastern,Small,Moderate,12,2023,Q4,2023-Q4,33.22,4.81,9.23,10.77,1.44,0.93,26.01,27.79,14.49,12.39,5.11,41.42,13.39,0.51,1.54,10.63,11.18,2.29,83.45,92.0,8.0,35.3,14.91,0,0,
BANK_017,James Group Rural Bank,Northern,Medium,Moderate,1,2021,Q1,2021-Q1,138.38,24.9,39.59,107.36,13.48,13.88,117.29,28.61,17.99,10.82,11.77,91.53,12.56,1.66,1.2,6.68,8.91,9.19,33.05,235.0,7.0,27.87,25.17,0,0,
BANK_017,James Group Rural Bank,Northern,Medium,Moderate,2,2021,Q2,2021-Q2,150.28,26.84,43.18,89.78,11.4,6.62,118.26,28.73,17.86,16.34,11.21,75.91,12.7,2.66,1.77,9.89,2.51,9.15,43.51,,8.0,,28.45,0,0,
BANK_017,James Group Rural Bank,Northern,Medium,Moderate,3,2021,Q3,2021-Q3,149.25,26.39,41.3,96.56,13.13,13.28,111.75,27.67,17.68,16.33,14.71,86.41,13.6,6.48,4.34,24.55,9.4,9.05,31.08,88.0,31.0,27.27,26.95,0,0,
BANK_017,James Group Rural Bank,Northern,Medium,Moderate,4,2021,Q4,2021-Q4,163.5,28.25,47.06,68.92,9.22,7.57,137.93,28.79,17.28,19.49,6.02,49.97,13.37,6.4,3.91,22.66,7.69,,71.13,203.0,37.0,15.5,26.91,0,0,
BANK_017,James Group Rural Bank,Northern,Medium,Moderate,5,2022,Q1,2022-Q1,153.04,26.94,42.88,72.04,9.87,9.78,115.26,28.02,17.61,18.01,6.91,62.5,13.71,8.6,5.62,31.92,5.5,6.46,72.63,89.0,15.0,25.11,7.07,0,0,
BANK_017,James Group Rural Bank,Northern,Medium,Moderate,6,2022,Q2,2022-Q2,152.53,27.05,41.73,52.03,7.33,5.78,122.77,27.36,17.74,11.33,12.1,42.38,14.08,5.32,3.49,19.67,3.31,7.94,50.62,232.0,6.0,46.23,10.48,0,0,
BANK_017,James Group Rural Bank,Northern,Medium,Moderate,7,2022,Q3,2022-Q3,151.75,26.45,41.32,57.77,8.0,4.72,108.3,27.23,17.43,17.76,18.62,53.34,13.85,1.83,1.2,6.91,2.31,9.97,53.51,75.0,13.0,43.89,13.27,0,0,
BANK_017,James Group Rural Bank,Northern,Medium,Moderate,8,2022,Q4,2022-Q4,132.6,23.11,36.42,60.42,8.87,6.27,105.29,27.46,17.43,12.35,13.82,57.38,14.69,3.65,2.75,15.78,3.65,5.18,81.39,126.0,,41.73,22.69,0,0,
BANK_017,James Group Rural Bank,Northern,Medium,Moderate,9,2023,Q1,2023-Q1,131.58,22.75,37.13,82.12,12.08,13.34,103.53,28.22,17.29,13.25,16.59,79.32,14.71,3.3,2.51,14.49,4.66,6.14,66.23,191.0,26.0,51.35,31.58,0,0,
BANK_017,James Group Rural Bank,Northern,Medium,Moderate,10,2023,Q2,2023-Q2,132.17,23.01,36.41,74.26,10.44,11.88,98.86,27.55,17.41,8.68,6.99,75.12,14.06,4.54,3.44,19.75,8.8,10.12,70.32,210.0,7.0,32.37,16.22,0,0,
BANK_017,James Group Rural Bank,Northern,Medium,Moderate,11,2023,Q3,2023-Q3,134.11,23.14,35.97,56.69,8.25,8.32,113.29,26.82,17.25,14.24,5.82,50.04,14.55,2.19,1.63,9.45,4.07,6.12,71.34,129.0,5.0,38.55,32.65,0,0,
BANK_017,James Group Rural Bank,Northern,Medium,Moderate,12,2023,Q4,2023-Q4,139.31,24.14,36.29,65.61,9.69,9.2,113.5,26.05,17.33,8.43,16.93,57.81,14.77,6.79,4.87,28.14,11.03,6.04,82.81,66.0,24.0,36.85,21.38,0,0,
BANK_018,"Flowers, Martin and Kelly Rural Bank",Ashanti,Small,Moderate,1,2021,Q1,2021-Q1,46.68,12.68,10.07,21.5,0.9,0.98,39.06,21.56,27.17,8.91,16.78,55.05,4.17,2.04,4.36,16.06,4.31,1.97,49.89,25.0,4.0,15.23,18.36,0,0,
BANK_018,"Flowers, Martin and Kelly Rural Bank",Ashanti,Small,Moderate,2,2021,Q2,2021-Q2,47.52,12.84,9.99,36.28,1.56,1.66,39.48,21.01,27.02,24.77,8.53,91.9,4.3,1.9,4.0,14.79,2.82,2.96,70.62,71.0,5.0,53.69,33.78,0,0,
BANK_018,"Flowers, Martin and Kelly Rural Bank",Ashanti,Small,Moderate,3,2021,Q3,2021-Q3,47.26,12.76,10.37,32.25,1.38,1.24,37.88,21.94,27.01,13.23,7.92,85.13,4.26,1.61,3.41,12.62,9.93,3.74,90.61,94.0,7.0,36.1,,0,0,
BANK_018,"Flowers, Martin and Kelly Rural Bank",Ashanti,Small,Moderate,4,2021,Q4,2021-Q4,47.02,12.65,10.18,20.02,0.85,0.94,35.22,21.65,26.9,11.96,14.18,56.85,4.23,2.08,4.43,16.46,8.3,3.44,38.6,98.0,9.0,59.8,32.35,0,0,
BANK_018,"Flowers, Martin and Kelly Rural Bank",Ashanti,Small,Moderate,5,2022,Q1,2022-Q1,48.23,12.76,10.39,18.26,0.77,0.6,37.11,21.54,26.45,16.06,7.57,49.21,4.2,1.56,3.24,12.26,10.69,,60.42,52.0,12.0,55.28,,0,0,
BANK_018,"Flowers, Martin and Kelly Rural Bank",Ashanti,Small,Moderate,6,2022,Q2,2022-Q2,51.59,13.7,11.68,18.42,0.76,0.55,43.32,22.65,26.56,22.38,9.15,42.53,4.13,1.08,2.09,7.88,2.02,,67.1,58.0,13.0,,21.61,0,0,
BANK_018,"Flowers, Martin and Kelly Rural Bank",Ashanti,Small,Moderate,7,2022,Q3,2022-Q3,46.85,12.46,10.74,30.89,1.31,0.86,37.94,22.93,26.59,19.99,17.33,81.41,4.23,1.2,2.56,9.63,4.42,1.58,78.36,76.0,5.0,48.72,32.54,0,0,
BANK_018,"Flowers, Martin and Kelly Rural Bank",Ashanti,Small,Moderate,8,2022,Q4,2022-Q4,44.5,11.79,9.78,19.46,0.85,0.86,35.32,21.97,26.49,19.67,16.25,55.1,4.36,2.3,5.17,19.51,10.77,3.06,73.65,22.0,8.0,16.7,29.24,0,0,
BANK_018,"Flowers, Martin and Kelly Rural Bank",Ashanti,Small,Moderate,9,2023,Q1,2023-Q1,46.87,12.18,10.21,32.42,1.45,1.0,39.04,21.79,26.0,17.09,9.19,83.04,4.47,2.47,5.27,20.27,5.26,3.64,37.92,21.0,13.0,18.09,34.76,0,0,
BANK_018,"Flowers, Martin and Kelly Rural Bank",Ashanti,Small,Moderate,10,2023,Q2,2023-Q2,46.41,12.09,9.62,14.77,0.64,0.76,34.04,20.72,26.04,21.73,11.42,43.38,4.33,2.13,4.59,17.63,7.37,3.34,52.06,76.0,14.0,29.16,25.22,0,0,
BANK_018,"Flowers, Martin and Kelly Rural Bank",Ashanti,Small,Moderate,11,2023,Q3,2023-Q3,45.04,11.84,9.28,15.08,0.68,0.41,36.67,20.61,26.3,15.48,9.89,41.14,4.5,1.53,3.39,12.9,4.12,1.61,84.37,60.0,2.0,51.13,34.42,0,0,
BANK_018,"Flowers, Martin and Kelly Rural Bank",Ashanti,Small,Moderate,12,2023,Q4,2023-Q4,45.69,12.32,9.03,34.33,1.63,1.61,37.16,19.77,26.95,11.3,18.18,92.39,4.74,1.48,3.23,11.99,10.3,2.87,56.73,73.0,3.0,33.07,28.79,0,0,
BANK_019,"Adams, Zuniga and Wong Rural Bank",Greater Accra,Small,Conservative,1,2021,Q1,2021-Q1,14.92,1.8,5.59,5.69,0.44,0.45,11.03,37.49,12.09,22.5,19.26,51.54,7.76,0.23,1.55,12.81,9.06,0.82,83.89,60.0,10.0,36.5,19.34,0,0,
BANK_019,"Adams, Zuniga and Wong Rural Bank",Greater Accra,Small,Conservative,2,2021,Q2,2021-Q2,15.41,1.89,5.84,7.78,0.62,0.61,12.02,37.9,12.25,23.71,14.5,64.77,7.98,0.79,5.1,41.63,7.62,0.98,90.21,69.0,12.0,46.0,21.56,0,0,
BANK_019,"Adams, Zuniga and Wong Rural Bank",Greater Accra,Small,Conservative,3,2021,Q3,2021-Q3,15.06,1.82,5.79,9.0,0.73,0.64,11.81,38.45,12.06,20.91,19.52,76.18,8.13,0.69,4.57,37.84,3.93,0.81,60.71,50.0,8.0,33.59,10.98,0,0,
BANK_019,"Adams, Zuniga and Wong Rural Bank",Greater Accra,Small,Conservative,4,2021,Q4,2021-Q4,14.32,1.72,5.41,10.07,0.82,0.53,11.58,37.8,12.04,17.27,13.64,86.95,8.19,0.3,2.06,17.11,7.44,0.6,85.18,51.0,5.0,51.55,15.29,0,0,
BANK_019,"Adams, Zuniga and Wong Rural Bank",Greater Accra,Small,Conservative,5,2022,Q1,2022-Q1,14.76,1.76,5.51,8.62,0.68,0.38,10.87,37.32,11.92,22.9,13.72,79.31,7.94,0.68,4.6,38.58,5.01,0.89,43.08,91.0,3.0,15.17,20.06,1,0,Low Capital; 
BANK_019,"Adams, Zuniga and Wong Rural Bank",Greater Accra,Small,Conservative,6,2022,Q2,2022-Q2,16.3,1.98,6.03,7.23,0.58,0.33,12.63,36.98,12.13,16.29,5.82,57.27,8.04,0.72,4.42,36.41,4.62,1.0,83.91,35.0,13.0,39.91,13.98,0,0,
BANK_019,"Adams, Zuniga and Wong Rural Bank",Greater Accra,Small,Conservative,7,2022,Q3,2022-Q3,15.07,1.82,5.74,10.42,0.82,0.72,12.43,38.08,12.05,8.7,15.88,83.8,7.83,0.71,4.7,38.97,6.46,0.47,34.06,50.0,9.0,35.89,23.58,0,0,
BANK_019,"Adams, Zuniga and Wong Rural Bank",Greater Accra,Small,Conservative,8,2022,Q4,2022-Q4,15.3,1.84,5.63,5.58,0.46,0.35,12.08,36.81,12.02,9.8,8.29,46.21,8.23,0.59,3.84,31.91,5.96,0.93,82.36,43.0,14.0,39.1,23.55,0,0,
BANK_019,"Adams, Zuniga and Wong Rural Bank",Greater Accra,Small,Conservative,9,2023,Q1,2023-Q1,16.57,2.02,6.09,7.46,0.61,0.45,11.73,36.76,12.17,14.59,12.66,63.58,8.24,0.27,1.64,13.47,9.38,1.21,91.02,59.0,11.0,53.5,17.55,0,0,
BANK_019,"Adams, Zuniga and Wong Rural Bank",Greater Accra,Small,Conservative,10,2023,Q2,2023-Q2,16.9,2.05,6.37,8.27,0.67,0.43,12.28,37.67,12.15,17.44,12.74,67.35,8.11,0.66,3.92,32.26,4.07,1.23,35.48,48.0,10.0,27.34,29.83,0,0,
BANK_019,"Adams, Zuniga and Wong Rural Bank",Greater Accra,Small,Conservative,11,2023,Q3,2023-Q3,18.55,2.27,7.09,6.58,0.54,0.59,13.78,38.22,12.23,19.97,6.79,47.73,8.27,1.03,5.53,45.2,9.39,0.84,47.23,75.0,4.0,19.17,20.97,0,0,
BANK_019,"Adams, Zuniga and Wong Rural Bank",Greater Accra,Small,Conservative,12,2023,Q4,2023-Q4,19.98,2.46,7.93,6.26,0.52,0.59,14.51,39.7,12.3,17.91,12.23,43.15,8.37,0.3,1.52,12.38,3.21,1.32,41.95,46.0,8.0,16.11,12.46,0,0,
BANK_020,"Reid, Ferguson and Sanchez Rural Bank",Greater Accra,Medium,Conservative,1,2021,Q1,2021-Q1,111.18,15.73,32.95,73.15,1.51,1.57,91.39,29.64,14.15,16.61,7.05,80.04,2.06,5.87,5.28,37.3,9.5,7.81,38.89,63.0,34.0,32.45,13.64,0,0,
BANK_020,"Reid, Ferguson and Sanchez Rural Bank",Greater Accra,Medium,Conservative,2,2021,Q2,2021-Q2,115.65,16.45,34.27,54.93,1.13,0.82,95.74,29.63,14.22,19.44,17.94,57.38,2.06,3.14,2.71,19.07,3.8,5.1,59.74,145.0,30.0,48.76,18.7,0,0,
BANK_020,"Reid, Ferguson and Sanchez Rural Bank",Greater Accra,Medium,Conservative,3,2021,Q3,2021-Q3,119.66,16.92,36.64,86.57,1.8,1.43,92.13,30.62,14.14,14.51,10.67,93.96,2.07,5.54,4.63,32.72,7.48,9.24,46.31,70.0,17.0,42.75,30.82,0,0,
BANK_020,"Reid, Ferguson and Sanchez Rural Bank",Greater Accra,Medium,Conservative,4,2021,Q4,2021-Q4,125.82,17.56,36.51,77.48,1.62,1.94,104.78,29.02,13.96,22.77,10.25,73.95,2.09,4.88,3.88,27.79,7.17,5.57,63.62,219.0,27.0,28.05,11.04,0,0,
BANK_020,"Reid, Ferguson and Sanchez Rural Bank",Greater Accra,Medium,Conservative,5,2022,Q1,2022-Q1,123.91,17.21,34.61,56.02,1.18,0.73,88.84,27.93,13.89,9.09,6.43,63.05,2.11,3.19,2.57,18.52,4.2,,36.65,200.0,34.0,48.45,20.98,0,0,
BANK_020,"Reid, Ferguson and Sanchez Rural Bank",Greater Accra,Medium,Conservative,6,2022,Q2,2022-Q2,129.08,18.07,35.96,65.89,1.39,1.42,106.83,27.86,14.0,21.63,5.16,61.67,2.11,2.31,1.79,12.8,7.37,5.11,76.75,,15.0,53.02,19.29,0,0,
BANK_020,"Reid, Ferguson and Sanchez Rural Bank",Greater Accra,Medium,Conservative,7,2022,Q3,2022-Q3,124.72,17.75,34.13,67.11,1.39,1.37,90.2,27.36,14.24,24.05,9.47,74.4,2.07,7.46,5.98,42.0,6.5,5.32,58.78,219.0,11.0,57.84,15.26,0,0,
BANK_020,"Reid, Ferguson and Sanchez Rural Bank",Greater Accra,Medium,Conservative,8,2022,Q4,2022-Q4,109.84,15.8,28.56,49.95,1.1,0.86,81.86,26.0,14.38,18.79,5.13,61.02,2.19,4.74,4.31,30.0,3.21,8.66,42.15,,20.0,51.59,7.98,0,0,
BANK_020,"Reid, Ferguson and Sanchez Rural Bank",Greater Accra,Medium,Conservative,9,2023,Q1,2023-Q1,123.29,17.54,31.09,77.03,1.66,1.3,103.38,25.21,14.23,12.12,8.23,74.51,2.16,2.46,2.0,14.03,11.55,9.36,33.05,117.0,18.0,25.76,23.87,0,0,
BANK_020,"Reid, Ferguson and Sanchez Rural Bank",Greater Accra,Medium,Conservative,10,2023,Q2,2023-Q2,129.36,18.48,30.88,72.1,1.6,1.35,103.23,23.88,14.29,10.27,16.11,69.84,2.22,2.9,2.24,15.69,4.92,9.86,44.98,107.0,17.0,44.87,8.55,0,0,
BANK_020,"Reid, Ferguson and Sanchez Rural Bank",Greater Accra,Medium,Conservative,11,2023,Q3,2023-Q3,148.25,21.35,35.36,71.23,1.55,1.41,121.47,23.85,14.4,12.36,5.25,58.64,2.18,8.28,5.59,38.79,3.31,10.36,63.02,200.0,15.0,38.15,30.71,0,0,
BANK_020,"Reid, Ferguson and Sanchez Rural Bank",Greater Accra,Medium,Conservative,12,2023,Q4,2023-Q4,139.29,19.95,33.82,84.83,1.83,1.52,106.77,24.28,14.33,20.87,13.04,79.45,2.15,6.1,4.38,30.56,10.64,11.12,57.75,72.0,5.0,47.71,31.22,0,0,
BANK_021,Gray-Mayo Rural Bank,Northern,Small,Moderate,1,2021,Q1,2021-Q1,14.93,1.72,4.75,9.51,0.74,0.63,11.15,31.79,11.49,19.06,5.93,85.25,7.82,0.6,4.01,34.87,3.76,0.83,76.5,97.0,4.0,15.43,7.26,1,0,Low Capital; 
BANK_021,Gray-Mayo Rural Bank,Northern,Small,Moderate,2,2021,Q2,2021-Q2,16.21,1.85,5.07,7.91,0.62,0.42,12.15,31.26,11.44,13.98,5.11,65.12,7.81,0.72,4.47,39.09,7.22,0.59,92.49,70.0,11.0,18.56,6.41,1,0,Low Capital; 
BANK_021,Gray-Mayo Rural Bank,Northern,Small,Moderate,3,2021,Q3,2021-Q3,15.02,1.72,4.39,6.59,0.55,0.5,11.78,29.23,11.42,21.46,11.86,55.96,8.39,0.92,6.15,53.8,4.51,0.83,89.08,82.0,8.0,57.54,6.72,1,0,Low Capital; 
BANK_021,Gray-Mayo Rural Bank,Northern,Small,Moderate,4,2021,Q4,2021-Q4,16.89,1.93,5.26,8.34,0.69,0.75,12.65,31.16,11.43,14.67,8.94,65.97,8.31,0.52,3.08,26.98,9.3,0.81,34.15,25.0,3.0,54.14,19.17,1,0,Low Capital; 
BANK_021,Gray-Mayo Rural Bank,Northern,Small,Moderate,5,2022,Q1,2022-Q1,16.62,1.93,5.21,8.04,0.68,0.66,13.61,31.34,11.61,17.69,8.88,59.1,8.44,0.67,4.0,34.5,11.42,1.15,31.56,62.0,,48.69,11.39,1,0,Low Capital; 
BANK_021,Gray-Mayo Rural Bank,Northern,Small,Moderate,6,2022,Q2,2022-Q2,17.38,2.01,5.43,5.38,0.46,0.26,12.5,31.23,11.57,13.02,6.45,43.06,8.45,0.24,1.4,12.13,8.68,0.64,85.37,85.0,2.0,55.31,5.87,1,0,Low Capital; 
BANK_021,Gray-Mayo Rural Bank,Northern,Small,Moderate,7,2022,Q3,2022-Q3,18.15,2.06,5.57,8.57,0.73,0.49,14.63,30.69,11.33,10.44,16.95,58.59,8.53,0.34,1.85,16.36,3.82,1.01,84.91,26.0,11.0,44.45,31.18,1,0,Low Capital; 
BANK_021,Gray-Mayo Rural Bank,Northern,Small,Moderate,8,2022,Q4,2022-Q4,16.54,1.84,4.84,9.57,0.85,0.77,12.54,29.27,11.15,20.21,18.89,76.3,8.9,0.29,1.76,15.82,8.0,0.95,63.41,75.0,12.0,29.53,31.67,1,0,Low Capital; 
BANK_021,Gray-Mayo Rural Bank,Northern,Small,Moderate,9,2023,Q1,2023-Q1,15.67,1.74,4.43,5.36,0.5,0.27,11.51,28.25,11.11,24.12,9.0,46.57,9.27,0.72,4.62,41.59,2.07,1.07,63.42,82.0,8.0,43.85,28.59,1,0,Low Capital; 
BANK_021,Gray-Mayo Rural Bank,Northern,Small,Moderate,10,2023,Q2,2023-Q2,16.12,1.81,4.47,5.04,0.48,0.51,12.47,27.71,11.23,15.1,12.44,40.43,9.49,0.39,2.45,21.81,11.38,1.03,37.74,25.0,,24.9,12.62,1,0,Low Capital; 
BANK_021,Gray-Mayo Rural Bank,Northern,Small,Moderate,11,2023,Q3,2023-Q3,15.91,1.8,4.44,8.9,0.82,0.91,11.16,27.87,11.33,22.82,16.4,79.73,9.24,0.48,3.01,26.57,6.44,0.72,76.58,48.0,5.0,34.45,7.74,1,0,Low Capital; 
BANK_021,Gray-Mayo Rural Bank,Northern,Small,Moderate,12,2023,Q4,2023-Q4,15.29,1.74,4.35,9.73,0.89,0.56,12.98,28.42,11.39,22.73,8.49,74.96,9.18,0.49,3.18,27.96,3.37,1.12,83.05,98.0,13.0,53.33,,1,0,Low Capital; 
BANK_022,"Watts, Robinson and Nguyen Rural Bank",Central,Large,Aggressive,1,2021,Q1,2021-Q1,262.65,53.89,13.24,130.04,19.94,17.91,199.49,5.04,20.52,12.43,12.97,65.19,15.33,9.21,3.51,17.1,9.22,10.17,65.55,385.0,38.0,16.22,18.48,1,0,Low Liquidity; High NPL; 
BANK_022,"Watts, Robinson and Nguyen Rural Bank",Central,Large,Aggressive,2,2021,Q2,2021-Q2,273.05,55.92,12.96,146.68,23.48,16.64,193.29,4.75,20.48,15.74,6.87,75.89,16.01,4.75,1.74,8.49,5.04,16.67,49.62,459.0,50.0,34.74,6.16,1,0,Low Liquidity; High NPL; 
BANK_022,"Watts, Robinson and Nguyen Rural Bank",Central,Large,Aggressive,3,2021,Q3,2021-Q3,297.2,60.86,14.54,185.0,29.93,21.18,219.26,4.89,20.48,12.51,8.98,84.37,16.18,9.22,3.1,15.15,11.99,12.19,36.71,334.0,41.0,38.59,25.01,1,0,Low Liquidity; High NPL; 
BANK_022,"Watts, Robinson and Nguyen Rural Bank",Central,Large,Aggressive,4,2021,Q4,2021-Q4,300.22,61.34,15.02,114.72,18.43,17.23,243.58,5.0,20.43,11.74,11.54,47.1,16.06,9.62,3.21,15.69,10.99,11.01,55.14,428.0,73.0,,20.21,1,0,Low Liquidity; High NPL; 
BANK_022,"Watts, Robinson and Nguyen Rural Bank",Central,Large,Aggressive,5,2022,Q1,2022-Q1,325.46,66.57,16.32,123.04,20.16,18.58,249.15,5.02,20.45,19.12,17.87,49.38,16.38,19.05,5.85,28.61,2.75,13.39,56.51,239.0,11.0,19.13,25.43,1,0,Low Liquidity; High NPL; 
BANK_022,"Watts, Robinson and Nguyen Rural Bank",Central,Large,Aggressive,6,2022,Q2,2022-Q2,377.95,78.1,20.62,166.46,25.79,16.73,308.09,5.45,20.66,9.65,13.09,54.03,15.49,3.65,0.97,4.67,7.93,26.93,85.79,285.0,60.0,57.61,13.26,1,0,Low Liquidity; High NPL; 
BANK_022,"Watts, Robinson and Nguyen Rural Bank",Central,Large,Aggressive,7,2022,Q3,2022-Q3,408.58,84.28,22.8,312.43,48.98,50.19,346.13,5.58,20.63,19.89,10.07,90.26,15.68,9.81,2.4,11.64,2.57,19.27,73.35,141.0,10.0,21.29,26.47,1,0,Low Liquidity; High NPL; 
BANK_022,"Watts, Robinson and Nguyen Rural Bank",Central,Large,Aggressive,8,2022,Q4,2022-Q4,416.23,85.85,21.43,220.99,35.29,34.24,327.12,5.15,20.63,13.68,16.05,67.56,15.97,9.59,2.3,11.17,8.31,13.01,76.85,305.0,,43.43,20.81,1,0,Low Liquidity; High NPL; 
BANK_022,"Watts, Robinson and Nguyen Rural Bank",Central,Large,Aggressive,9,2023,Q1,2023-Q1,479.74,99.74,24.12,318.75,49.59,57.7,398.39,5.03,20.79,14.74,16.3,80.01,15.56,6.98,1.46,7.0,7.25,,43.19,499.0,45.0,27.78,34.84,1,0,Low Liquidity; High NPL; 
BANK_022,"Watts, Robinson and Nguyen Rural Bank",Central,Large,Aggressive,10,2023,Q2,2023-Q2,488.99,102.16,24.85,339.96,53.81,52.87,394.78,5.08,20.89,12.82,8.91,86.11,15.83,21.44,4.39,20.99,5.06,,70.28,,,30.45,14.86,1,0,Low Liquidity; High NPL; 
BANK_022,"Watts, Robinson and Nguyen Rural Bank",Central,Large,Aggressive,11,2023,Q3,2023-Q3,449.9,94.87,23.43,157.8,25.62,21.72,359.5,5.21,21.09,24.16,16.65,43.89,16.23,11.04,2.45,11.64,2.19,23.21,32.15,481.0,23.0,50.5,28.24,1,0,Low Liquidity; High NPL; 
BANK_022,"Watts, Robinson and Nguyen Rural Bank",Central,Large,Aggressive,12,2023,Q4,2023-Q4,472.59,98.39,24.17,221.0,35.51,36.49,331.85,5.11,20.82,12.31,5.72,66.6,16.07,25.47,5.39,25.89,7.74,22.47,84.13,297.0,69.0,56.76,9.96,1,0,Low Liquidity; High NPL; 
BANK_023,Perez Inc Rural Bank,Ashanti,Medium,Conservative,1,2021,Q1,2021-Q1,50.35,14.93,21.13,17.88,0.65,0.45,41.54,41.97,29.65,11.34,18.59,43.05,3.66,2.9,5.76,19.42,4.06,3.06,44.5,159.0,27.0,23.56,20.63,0,0,
BANK_023,Perez Inc Rural Bank,Ashanti,Medium,Conservative,2,2021,Q2,2021-Q2,48.68,14.43,21.98,22.38,0.87,0.5,38.27,45.16,29.63,15.2,17.27,58.46,3.88,1.59,3.27,11.04,9.34,3.51,65.42,,12.0,22.42,8.74,0,0,
BANK_023,Perez Inc Rural Bank,Ashanti,Medium,Conservative,3,2021,Q3,2021-Q3,45.47,13.39,18.69,13.74,0.55,0.33,31.95,41.1,29.44,15.22,8.27,43.01,3.98,1.24,2.73,9.28,3.83,1.38,60.36,187.0,12.0,20.93,31.61,0,0,
BANK_023,Perez Inc Rural Bank,Ashanti,Medium,Conservative,4,2021,Q4,2021-Q4,44.96,13.14,18.53,29.3,1.13,0.63,34.5,41.2,29.22,17.75,17.86,84.94,3.85,0.65,1.44,4.94,6.49,3.46,91.93,97.0,25.0,36.33,31.27,0,0,
BANK_023,Perez Inc Rural Bank,Ashanti,Medium,Conservative,5,2022,Q1,2022-Q1,44.69,12.93,17.37,29.94,1.15,0.65,35.84,38.87,28.93,23.27,9.74,83.52,3.85,2.53,5.67,19.59,11.8,3.28,41.31,59.0,,56.07,10.32,0,0,
BANK_023,Perez Inc Rural Bank,Ashanti,Medium,Conservative,6,2022,Q2,2022-Q2,49.34,14.17,20.45,18.64,0.7,0.83,35.16,41.44,28.71,13.85,15.18,53.02,3.74,0.55,1.11,3.85,9.34,2.77,43.86,206.0,11.0,26.73,,0,0,
BANK_023,Perez Inc Rural Bank,Ashanti,Medium,Conservative,7,2022,Q3,2022-Q3,45.68,12.88,19.31,30.16,1.17,1.23,38.18,42.27,28.19,12.14,12.72,78.99,3.89,1.17,2.55,9.05,6.83,1.51,69.72,246.0,16.0,48.88,20.0,0,0,
BANK_023,Perez Inc Rural Bank,Ashanti,Medium,Conservative,8,2022,Q4,2022-Q4,44.49,12.42,19.0,14.82,0.59,0.46,35.38,42.7,27.9,23.15,9.5,41.89,3.99,2.3,5.16,18.5,9.15,1.89,89.16,80.0,25.0,16.3,24.31,0,0,
BANK_023,Perez Inc Rural Bank,Ashanti,Medium,Conservative,9,2023,Q1,2023-Q1,44.55,12.21,18.53,17.49,0.71,0.68,35.34,41.6,27.42,13.84,10.18,49.5,4.06,0.48,1.07,3.92,8.9,3.44,71.09,137.0,22.0,23.98,27.52,0,0,
BANK_023,Perez Inc Rural Bank,Ashanti,Medium,Conservative,10,2023,Q2,2023-Q2,45.69,12.58,18.98,21.22,0.83,0.62,38.72,41.54,27.54,15.48,18.17,54.81,3.91,0.57,1.25,4.55,7.78,2.74,78.03,55.0,22.0,17.38,26.03,0,0,
BANK_023,Perez Inc Rural Bank,Ashanti,Medium,Conservative,11,2023,Q3,2023-Q3,46.74,13.12,20.27,16.4,0.65,0.36,34.76,43.36,28.06,11.7,11.62,47.19,3.99,1.04,2.23,7.96,10.32,2.48,61.64,236.0,25.0,55.44,18.7,0,0,
BANK_023,Perez Inc Rural Bank,Ashanti,Medium,Conservative,12,2023,Q4,2023-Q4,44.13,12.36,19.03,14.55,0.58,0.64,33.99,43.13,28.01,14.1,9.54,42.79,4.0,1.83,4.16,14.83,9.15,2.27,49.92,242.0,36.0,28.02,19.39,0,0,
BANK_024,Morales-Jones Rural Bank,Central,Medium,Moderate,1,2021,Q1,2021-Q1,195.93,15.88,38.04,69.25,2.28,1.79,152.11,19.41,8.11,17.07,11.19,45.53,3.3,11.67,5.96,73.48,10.01,14.16,71.29,58.0,11.0,56.63,15.98,1,0,Low Capital; 
BANK_024,Morales-Jones Rural Bank,Central,Medium,Moderate,2,2021,Q2,2021-Q2,202.75,16.34,40.6,94.39,3.11,3.69,172.28,20.03,8.06,19.05,9.49,54.79,3.3,9.52,4.7,58.25,2.32,7.32,71.15,229.0,25.0,21.03,8.47,1,0,Low Capital; 
BANK_024,Morales-Jones Rural Bank,Central,Medium,Moderate,3,2021,Q3,2021-Q3,203.73,16.43,42.02,60.99,2.08,1.54,145.07,20.62,8.07,11.67,12.8,42.04,3.42,10.34,5.07,62.91,4.17,11.63,92.93,79.0,35.0,23.23,22.02,1,0,Low Capital; 
BANK_024,Morales-Jones Rural Bank,Central,Medium,Moderate,4,2021,Q4,2021-Q4,205.43,16.56,46.07,107.9,3.78,2.57,174.09,22.43,8.06,19.92,9.1,61.98,3.51,2.29,1.12,13.84,2.5,12.32,52.21,240.0,34.0,47.12,29.54,1,0,Low Capital; 
BANK_024,Morales-Jones Rural Bank,Central,Medium,Moderate,5,2022,Q1,2022-Q1,207.0,16.75,48.67,79.89,2.79,3.07,154.94,23.51,8.09,11.62,16.48,51.56,3.49,8.21,3.96,49.01,2.84,12.87,79.56,166.0,13.0,16.41,8.58,1,0,Low Capital; 
BANK_024,Morales-Jones Rural Bank,Central,Medium,Moderate,6,2022,Q2,2022-Q2,246.35,19.96,60.78,164.44,5.6,6.0,204.47,24.67,8.1,12.43,8.1,80.43,3.41,5.39,2.19,27.01,2.01,19.25,89.64,202.0,7.0,35.14,8.06,1,0,Low Capital; 
BANK_024,Morales-Jones Rural Bank,Central,Medium,Moderate,7,2022,Q3,2022-Q3,258.38,20.9,63.33,186.37,6.27,4.54,207.87,24.51,8.09,20.97,19.41,89.66,3.36,12.76,4.94,61.06,5.85,13.15,32.89,107.0,19.0,20.26,18.6,1,0,Low Capital; 
BANK_024,Morales-Jones Rural Bank,Central,Medium,Moderate,8,2022,Q4,2022-Q4,252.29,20.64,58.29,98.33,3.32,2.89,194.56,23.1,8.18,17.93,6.18,50.54,3.38,12.82,5.08,62.11,5.41,17.73,52.01,61.0,23.0,41.46,33.04,1,0,Low Capital; 
BANK_024,Morales-Jones Rural Bank,Central,Medium,Moderate,9,2023,Q1,2023-Q1,273.86,22.45,64.22,156.31,5.23,5.45,213.39,23.45,8.2,9.81,18.63,73.25,3.35,13.1,4.78,58.36,3.71,14.34,,187.0,33.0,28.07,7.46,1,0,Low Capital; 
BANK_024,Morales-Jones Rural Bank,Central,Medium,Moderate,10,2023,Q2,2023-Q2,294.17,23.83,68.99,118.37,3.84,3.88,214.06,23.45,8.1,9.3,9.93,55.3,3.24,12.65,4.3,53.07,4.38,16.02,48.6,194.0,35.0,56.27,22.5,1,0,Low Capital; 
BANK_024,Morales-Jones Rural Bank,Central,Medium,Moderate,11,2023,Q3,2023-Q3,314.21,25.41,72.62,129.57,4.15,2.89,258.64,23.11,8.09,12.55,15.25,50.1,3.2,11.36,3.62,44.71,4.34,11.37,38.04,166.0,28.0,29.47,6.04,1,0,Low Capital; 
BANK_024,Morales-Jones Rural Bank,Central,Medium,Moderate,12,2023,Q4,2023-Q4,273.52,22.03,62.95,170.67,5.46,4.19,213.13,23.01,8.06,22.23,5.57,80.08,3.2,14.51,5.3,65.85,8.03,18.16,37.49,167.0,26.0,24.03,31.4,1,0,Low Capital; 
BANK_025,"Walter, Edwards and Rios Rural Bank",Western,Large,Conservative,1,2021,Q1,2021-Q1,317.0,47.22,105.63,191.64,1.72,1.88,255.15,33.32,14.9,16.01,14.31,75.11,0.9,18.9,5.96,40.03,9.4,11.38,79.18,138.0,11.0,33.16,34.81,0,0,
BANK_025,"Walter, Edwards and Rios Rural Bank",Western,Large,Conservative,2,2021,Q2,2021-Q2,332.07,49.0,112.78,205.75,1.82,1.86,257.62,33.96,14.75,24.93,7.6,79.86,0.89,14.35,4.32,29.28,6.93,25.29,31.03,391.0,67.0,17.78,18.5,0,0,
BANK_025,"Walter, Edwards and Rios Rural Bank",Western,Large,Conservative,3,2021,Q3,2021-Q3,334.82,48.7,107.97,145.84,1.3,0.8,257.47,32.25,14.55,23.05,14.74,56.64,0.89,3.68,1.1,7.56,10.82,19.61,51.56,389.0,43.0,37.46,8.3,0,0,
BANK_025,"Walter, Edwards and Rios Rural Bank",Western,Large,Conservative,4,2021,Q4,2021-Q4,319.75,46.25,102.54,136.44,1.21,0.69,228.13,32.07,14.46,11.38,5.24,59.81,0.89,19.14,5.99,41.38,2.02,19.8,39.18,468.0,16.0,57.98,23.33,0,0,
BANK_025,"Walter, Edwards and Rios Rural Bank",Western,Large,Conservative,5,2022,Q1,2022-Q1,302.03,43.74,95.24,212.26,1.93,1.88,233.33,31.53,14.48,23.11,16.51,90.97,0.91,13.4,4.44,30.64,4.44,23.13,36.81,,43.0,40.46,5.46,0,0,
BANK_025,"Walter, Edwards and Rios Rural Bank",Western,Large,Conservative,6,2022,Q2,2022-Q2,324.84,47.61,98.22,207.79,1.82,1.54,245.87,30.24,14.66,8.07,11.1,84.52,0.88,10.82,3.33,22.72,5.84,25.53,40.35,241.0,37.0,32.58,24.97,0,0,
BANK_025,"Walter, Edwards and Rios Rural Bank",Western,Large,Conservative,7,2022,Q3,2022-Q3,316.57,46.09,94.1,162.92,1.44,0.73,241.31,29.73,14.56,9.55,15.94,67.52,0.88,12.04,3.8,26.13,10.92,14.04,51.3,146.0,35.0,16.67,32.53,0,0,
BANK_025,"Walter, Edwards and Rios Rural Bank",Western,Large,Conservative,8,2022,Q4,2022-Q4,293.52,43.17,87.23,113.99,1.05,1.18,225.8,29.72,14.71,23.99,12.8,50.48,0.92,13.29,4.53,30.78,8.64,15.45,84.31,484.0,60.0,42.99,23.2,0,0,
BANK_025,"Walter, Edwards and Rios Rural Bank",Western,Large,Conservative,9,2023,Q1,2023-Q1,293.59,43.7,81.05,141.6,1.3,0.78,208.26,27.61,14.88,9.74,17.06,67.99,0.92,10.94,3.73,25.04,2.85,13.25,78.4,485.0,56.0,59.67,25.95,0,0,
BANK_025,"Walter, Edwards and Rios Rural Bank",Western,Large,Conservative,10,2023,Q2,2023-Q2,350.14,51.47,101.42,148.71,1.26,1.13,246.03,28.96,14.7,16.57,15.53,60.44,0.85,2.87,0.82,5.57,5.63,21.03,85.16,455.0,41.0,47.78,14.49,0,0,
BANK_025,"Walter, Edwards and Rios Rural Bank",Western,Large,Conservative,11,2023,Q3,2023-Q3,331.81,48.5,98.51,135.5,1.19,0.9,236.46,29.69,14.62,9.3,13.43,57.3,0.88,10.5,3.16,21.64,6.42,21.05,50.5,373.0,66.0,25.69,,0,0,
BANK_025,"Walter, Edwards and Rios Rural Bank",Western,Large,Conservative,12,2023,Q4,2023-Q4,301.95,43.83,87.37,98.09,0.91,1.03,217.06,28.93,14.52,19.3,11.32,45.19,0.93,4.82,1.6,10.99,8.72,18.65,82.37,430.0,66.0,33.64,25.94,0,0,
BANK_026,Wilkerson-Day Rural Bank,Northern,Medium,Conservative,1,2021,Q1,2021-Q1,90.24,27.06,28.14,26.43,1.64,1.33,65.18,31.19,29.99,24.24,7.63,40.56,6.21,5.0,5.54,18.46,5.11,3.65,85.15,231.0,22.0,43.32,12.71,0,0,
BANK_026,Wilkerson-Day Rural Bank,Northern,Medium,Conservative,2,2021,Q2,2021-Q2,95.17,28.88,30.17,34.51,2.09,1.93,79.7,31.7,30.35,19.52,12.55,43.31,6.06,3.41,3.58,11.8,9.18,,91.61,60.0,8.0,22.82,25.71,0,0,
BANK_026,Wilkerson-Day Rural Bank,Northern,Medium,Conservative,3,2021,Q3,2021-Q3,88.72,27.01,26.61,51.18,3.36,2.68,75.3,29.99,30.44,19.03,15.99,67.96,6.57,4.31,4.86,15.96,8.34,3.28,58.79,162.0,32.0,34.96,32.56,0,0,
BANK_026,Wilkerson-Day Rural Bank,Northern,Medium,Conservative,4,2021,Q4,2021-Q4,103.14,30.73,33.4,62.74,4.05,2.09,87.05,32.38,29.8,15.03,16.94,72.07,6.46,2.43,2.35,7.89,9.48,4.17,43.34,87.0,9.0,29.0,31.58,0,0,
BANK_026,Wilkerson-Day Rural Bank,Northern,Medium,Conservative,5,2022,Q1,2022-Q1,109.27,32.85,34.48,49.91,3.21,2.92,91.04,31.56,30.06,9.75,16.96,54.82,6.43,5.04,4.61,15.35,5.87,7.56,62.04,86.0,28.0,26.35,19.72,0,0,
BANK_026,Wilkerson-Day Rural Bank,Northern,Medium,Conservative,6,2022,Q2,2022-Q2,112.88,33.7,36.4,57.89,3.76,3.76,95.17,32.25,29.85,12.29,14.99,60.83,6.5,4.79,4.24,14.22,3.98,4.2,94.97,174.0,19.0,27.97,23.12,0,0,
BANK_026,Wilkerson-Day Rural Bank,Northern,Medium,Conservative,7,2022,Q3,2022-Q3,116.87,34.7,36.65,41.03,2.7,3.2,94.45,31.36,29.69,19.75,14.01,43.44,6.58,6.26,5.35,18.02,11.48,6.35,75.65,220.0,16.0,26.76,33.4,0,0,
BANK_026,Wilkerson-Day Rural Bank,Northern,Medium,Conservative,8,2022,Q4,2022-Q4,103.09,30.83,32.14,67.56,4.79,4.48,80.62,31.18,29.9,17.18,11.74,83.8,7.08,5.05,4.9,16.38,9.28,6.34,53.39,131.0,36.0,20.06,13.06,0,0,
BANK_026,Wilkerson-Day Rural Bank,Northern,Medium,Conservative,9,2023,Q1,2023-Q1,105.89,31.65,33.24,41.52,2.98,2.3,75.17,31.4,29.89,15.54,7.46,55.23,7.17,5.86,5.53,18.51,6.11,3.95,64.08,242.0,24.0,59.25,30.23,0,0,
BANK_026,Wilkerson-Day Rural Bank,Northern,Medium,Conservative,10,2023,Q2,2023-Q2,111.26,33.17,34.98,58.42,4.21,2.71,82.54,31.44,29.81,22.86,9.3,70.78,7.2,1.18,1.06,3.57,2.91,8.09,70.99,199.0,11.0,39.17,27.12,0,0,
BANK_026,Wilkerson-Day Rural Bank,Northern,Medium,Conservative,11,2023,Q3,2023-Q3,112.57,34.32,36.53,72.65,5.31,2.95,94.12,32.45,30.48,14.11,19.4,77.19,7.31,5.88,5.22,17.13,4.33,4.03,51.2,94.0,35.0,54.06,19.99,0,0,
BANK_026,Wilkerson-Day Rural Bank,Northern,Medium,Conservative,12,2023,Q4,2023-Q4,115.08,34.98,34.95,84.23,6.23,7.39,90.2,30.37,30.4,19.84,14.35,93.38,7.4,4.98,4.33,14.25,4.41,7.73,78.77,113.0,20.0,28.26,12.76,0,0,
BANK_027,Baker and Sons Rural Bank,Eastern,Medium,Moderate,1,2021,Q1,2021-Q1,53.88,7.69,14.63,16.04,2.18,1.99,40.01,27.16,14.27,14.86,13.31,40.09,13.58,2.38,4.43,31.01,3.9,3.82,37.58,,16.0,48.64,21.49,0,0,
BANK_027,Baker and Sons Rural Bank,Eastern,Medium,Moderate,2,2021,Q2,2021-Q2,49.97,7.12,13.22,38.54,5.32,6.11,41.17,26.45,14.24,16.55,14.55,93.61,13.81,2.15,4.3,30.19,11.13,3.68,62.62,137.0,16.0,47.36,13.61,0,0,
BANK_027,Baker and Sons Rural Bank,Eastern,Medium,Moderate,3,2021,Q3,2021-Q3,47.21,6.64,12.2,29.27,3.94,4.48,37.41,25.85,14.06,8.5,7.66,78.23,13.47,2.29,4.85,34.54,11.02,2.47,65.79,238.0,11.0,38.41,19.24,0,0,
BANK_027,Baker and Sons Rural Bank,Eastern,Medium,Moderate,4,2021,Q4,2021-Q4,51.65,7.22,13.19,31.27,4.17,2.25,37.67,25.53,13.98,19.44,18.49,83.01,13.35,1.81,3.51,25.13,8.63,3.07,,90.0,14.0,38.6,24.56,0,0,
BANK_027,Baker and Sons Rural Bank,Eastern,Medium,Moderate,5,2022,Q1,2022-Q1,54.19,7.63,13.48,21.46,2.96,2.39,38.51,24.88,14.08,21.9,19.59,55.72,13.79,2.0,3.69,26.2,11.3,4.19,34.5,141.0,24.0,26.51,17.21,0,0,
BANK_027,Baker and Sons Rural Bank,Eastern,Medium,Moderate,6,2022,Q2,2022-Q2,53.4,7.57,13.36,29.86,3.95,3.98,38.1,25.02,14.18,11.22,14.03,78.36,13.24,2.86,5.35,37.76,6.31,2.13,58.47,131.0,18.0,41.35,20.64,0,0,
BANK_027,Baker and Sons Rural Bank,Eastern,Medium,Moderate,7,2022,Q3,2022-Q3,55.36,7.98,14.24,35.45,4.67,2.57,41.97,25.72,14.42,23.85,10.39,84.46,13.17,1.61,2.92,20.23,9.93,2.43,72.01,224.0,6.0,52.38,22.14,0,0,
BANK_027,Baker and Sons Rural Bank,Eastern,Medium,Moderate,8,2022,Q4,2022-Q4,54.68,8.07,14.04,17.13,2.35,1.2,40.42,25.68,14.77,16.79,18.12,42.39,13.71,2.02,3.7,25.03,6.01,2.45,74.31,91.0,30.0,51.14,17.46,0,0,
BANK_027,Baker and Sons Rural Bank,Eastern,Medium,Moderate,9,2023,Q1,2023-Q1,52.93,7.74,14.18,31.75,4.25,3.03,39.9,26.78,14.62,8.42,12.23,79.58,13.37,0.51,0.96,6.55,4.27,2.66,85.33,209.0,13.0,26.0,11.82,0,0,
BANK_027,Baker and Sons Rural Bank,Eastern,Medium,Moderate,10,2023,Q2,2023-Q2,55.14,7.89,15.23,20.64,2.69,2.22,39.68,27.62,14.31,18.05,11.58,52.01,13.01,2.94,5.32,37.2,10.89,3.71,32.29,165.0,30.0,15.78,21.49,0,0,
BANK_027,Baker and Sons Rural Bank,Eastern,Medium,Moderate,11,2023,Q3,2023-Q3,55.01,7.96,14.68,17.03,2.27,2.26,41.94,26.69,14.47,11.02,5.06,40.61,13.31,2.98,5.41,37.39,6.42,2.04,79.68,207.0,25.0,53.41,27.12,0,0,
BANK_027,Baker and Sons Rural Bank,Eastern,Medium,Moderate,12,2023,Q4,2023-Q4,54.55,7.97,14.03,41.9,5.67,5.16,44.12,25.72,14.61,10.96,16.21,94.99,13.52,3.16,5.79,39.6,3.76,2.12,89.49,143.0,7.0,41.92,23.05,0,0,
BANK_028,"Hoffman, Baker and Richards Rural Bank",Ashanti,Medium,Aggressive,1,2021,Q1,2021-Q1,59.68,17.54,6.41,32.87,6.04,4.14,46.43,10.74,29.4,16.69,13.16,70.79,18.38,2.97,4.98,16.94,2.5,3.59,82.44,81.0,5.0,29.07,22.64,1,0,Low Liquidity; High NPL; 
BANK_028,"Hoffman, Baker and Richards Rural Bank",Ashanti,Medium,Aggressive,2,2021,Q2,2021-Q2,59.36,17.26,6.25,32.09,6.13,7.1,43.99,10.54,29.08,22.65,13.28,72.94,19.11,2.23,3.75,12.91,6.1,2.77,38.12,71.0,27.0,26.69,12.64,1,0,Low Liquidity; High NPL; 
BANK_028,"Hoffman, Baker and Richards Rural Bank",Ashanti,Medium,Aggressive,3,2021,Q3,2021-Q3,64.73,19.04,7.03,36.78,7.18,4.49,52.97,10.87,29.42,9.7,10.48,69.45,19.52,0.79,1.22,4.15,8.67,4.56,63.06,60.0,22.0,57.11,22.93,1,0,Low Liquidity; High NPL; 
BANK_028,"Hoffman, Baker and Richards Rural Bank",Ashanti,Medium,Aggressive,4,2021,Q4,2021-Q4,68.67,20.31,7.51,45.93,8.76,10.28,55.77,10.93,29.58,12.93,18.98,82.36,19.06,3.53,5.14,17.38,5.88,3.17,90.79,122.0,17.0,19.77,25.11,1,0,Low Liquidity; High NPL; 
BANK_028,"Hoffman, Baker and Richards Rural Bank",Ashanti,Medium,Aggressive,5,2022,Q1,2022-Q1,72.08,20.97,7.91,46.55,8.57,9.3,58.51,10.98,29.09,13.27,13.87,79.56,18.4,2.49,3.45,11.87,6.01,5.24,58.07,127.0,27.0,42.11,,1,0,Low Liquidity; High NPL; 
BANK_028,"Hoffman, Baker and Richards Rural Bank",Ashanti,Medium,Aggressive,6,2022,Q2,2022-Q2,86.39,25.15,9.65,48.69,8.67,9.28,65.27,11.17,29.11,11.98,19.88,74.6,17.81,1.49,1.73,5.95,9.15,3.95,49.92,80.0,13.0,34.24,26.99,1,0,Low Liquidity; High NPL; 
BANK_028,"Hoffman, Baker and Richards Rural Bank",Ashanti,Medium,Aggressive,7,2022,Q3,2022-Q3,80.89,23.27,8.94,39.0,7.32,3.81,58.81,11.05,28.76,8.17,9.27,66.31,18.76,1.07,1.32,4.6,7.36,5.88,30.32,237.0,8.0,52.89,19.49,1,0,Low Liquidity; High NPL; 
BANK_028,"Hoffman, Baker and Richards Rural Bank",Ashanti,Medium,Aggressive,8,2022,Q4,2022-Q4,78.46,23.05,8.51,54.83,10.43,6.06,63.82,10.85,29.37,21.63,12.16,85.92,19.01,2.88,3.67,12.48,6.82,5.02,85.82,175.0,29.0,49.44,15.69,1,0,Low Liquidity; High NPL; 
BANK_028,"Hoffman, Baker and Richards Rural Bank",Ashanti,Medium,Aggressive,9,2023,Q1,2023-Q1,83.44,24.35,9.47,53.16,9.9,10.19,59.28,11.35,29.18,19.43,10.66,89.68,18.63,2.97,3.56,12.2,2.99,5.89,86.29,84.0,32.0,54.5,21.48,1,0,Low Liquidity; High NPL; 
BANK_028,"Hoffman, Baker and Richards Rural Bank",Ashanti,Medium,Aggressive,10,2023,Q2,2023-Q2,83.34,24.69,10.18,55.09,10.16,6.21,69.11,12.21,29.63,8.91,9.23,79.71,18.44,2.55,3.06,10.33,2.49,4.87,,201.0,14.0,41.68,21.13,1,0,Low Liquidity; High NPL; 
BANK_028,"Hoffman, Baker and Richards Rural Bank",Ashanti,Medium,Aggressive,11,2023,Q3,2023-Q3,87.68,25.89,10.95,58.67,10.73,12.19,74.18,12.48,29.52,9.58,7.21,79.1,18.29,2.85,3.25,11.01,10.88,5.44,56.89,108.0,17.0,37.9,14.57,1,0,Low Liquidity; High NPL; 
BANK_028,"Hoffman, Baker and Richards Rural Bank",Ashanti,Medium,Aggressive,12,2023,Q4,2023-Q4,87.61,26.13,10.83,65.0,11.78,6.52,72.5,12.37,29.82,17.81,15.37,89.66,18.13,3.63,4.14,13.89,10.5,3.91,40.89,125.0,16.0,20.96,25.17,1,0,Low Liquidity; High NPL; 
BANK_029,"Ross, Robinson and Bright Rural Bank",Eastern,Small,Aggressive,1,2021,Q1,2021-Q1,27.89,6.66,5.88,12.45,2.85,1.51,21.5,21.1,23.86,14.27,10.29,57.91,22.92,1.47,5.27,22.08,10.02,1.32,75.1,32.0,13.0,33.2,18.67,1,0,High NPL; 
BANK_029,"Ross, Robinson and Bright Rural Bank",Eastern,Small,Aggressive,2,2021,Q2,2021-Q2,28.84,6.92,5.85,16.72,4.02,3.1,21.89,20.28,23.99,13.88,8.55,76.37,24.04,1.48,5.12,21.33,3.01,1.84,46.17,21.0,4.0,42.3,26.27,1,0,High NPL; 
BANK_029,"Ross, Robinson and Bright Rural Bank",Eastern,Small,Aggressive,3,2021,Q3,2021-Q3,27.97,6.73,5.88,13.22,3.21,1.77,23.19,21.03,24.07,20.46,16.1,57.04,24.24,1.13,4.04,16.78,2.03,0.85,82.57,40.0,10.0,35.44,30.9,1,0,High NPL; 
BANK_029,"Ross, Robinson and Bright Rural Bank",Eastern,Small,Aggressive,4,2021,Q4,2021-Q4,30.39,7.2,6.36,10.46,2.51,2.64,25.52,20.93,23.7,21.52,12.59,40.99,24.03,0.45,1.48,6.26,6.48,2.17,49.67,57.0,5.0,35.86,31.64,1,0,High NPL; 
BANK_029,"Ross, Robinson and Bright Rural Bank",Eastern,Small,Aggressive,5,2022,Q1,2022-Q1,34.12,7.95,6.76,15.65,3.75,3.54,23.96,19.82,23.29,15.65,11.06,65.31,23.98,0.88,2.58,11.08,5.88,1.44,90.09,61.0,2.0,15.88,34.19,1,0,High NPL; 
BANK_029,"Ross, Robinson and Bright Rural Bank",Eastern,Small,Aggressive,6,2022,Q2,2022-Q2,36.59,8.47,7.3,27.57,6.56,4.46,30.41,19.96,23.15,14.92,5.87,90.66,23.77,1.15,3.14,13.57,4.98,1.16,68.36,61.0,5.0,16.71,34.84,1,0,High NPL; 
BANK_029,"Ross, Robinson and Bright Rural Bank",Eastern,Small,Aggressive,7,2022,Q3,2022-Q3,40.12,9.28,7.88,12.69,3.09,2.96,29.94,19.64,23.12,12.68,11.78,42.37,24.38,2.3,5.73,24.77,5.22,3.21,94.75,35.0,6.0,36.87,24.92,1,0,High NPL; 
BANK_029,"Ross, Robinson and Bright Rural Bank",Eastern,Small,Aggressive,8,2022,Q4,2022-Q4,39.58,9.15,7.75,14.64,3.63,3.81,28.33,19.58,23.13,13.29,15.86,51.66,24.79,1.04,2.63,11.36,2.11,2.57,37.36,81.0,8.0,50.29,22.52,1,0,High NPL; 
BANK_029,"Ross, Robinson and Bright Rural Bank",Eastern,Small,Aggressive,9,2023,Q1,2023-Q1,40.49,9.35,7.97,19.49,4.89,4.34,29.39,19.68,23.09,16.96,6.05,66.33,25.1,1.9,4.7,20.35,2.05,3.07,42.83,98.0,11.0,49.84,24.69,1,0,High NPL; 
BANK_029,"Ross, Robinson and Bright Rural Bank",Eastern,Small,Aggressive,10,2023,Q2,2023-Q2,47.38,10.83,9.67,27.96,6.97,3.86,37.62,20.4,22.86,13.21,5.7,74.32,24.94,1.95,4.11,17.97,4.39,2.09,83.33,66.0,8.0,29.33,26.93,1,0,High NPL; 
BANK_029,"Ross, Robinson and Bright Rural Bank",Eastern,Small,Aggressive,11,2023,Q3,2023-Q3,49.84,11.29,9.77,33.81,8.9,8.34,38.62,19.59,22.65,10.24,6.05,87.55,26.31,2.34,4.69,20.68,4.76,,83.16,47.0,12.0,31.04,8.03,1,0,High NPL; 
BANK_029,"Ross, Robinson and Bright Rural Bank",Eastern,Small,Aggressive,12,2023,Q4,2023-Q4,50.11,11.39,9.17,23.21,6.18,5.16,37.52,18.31,22.72,16.01,11.84,61.88,26.62,0.89,1.79,7.86,3.45,,89.44,29.0,11.0,49.09,29.29,1,0,High NPL; 
BANK_030,"Snyder, Campos and Callahan Rural Bank",Eastern,Medium,Conservative,1,2021,Q1,2021-Q1,182.99,25.23,76.63,88.81,5.22,4.93,135.37,41.87,13.79,9.41,8.37,65.6,5.87,10.35,5.66,41.04,4.93,9.98,58.51,,18.0,57.46,32.08,0,0,
BANK_030,"Snyder, Campos and Callahan Rural Bank",Eastern,Medium,Conservative,2,2021,Q2,2021-Q2,184.81,25.61,76.07,60.68,3.63,4.29,132.17,41.16,13.86,15.46,6.55,45.91,5.99,6.9,3.73,26.94,11.68,7.9,,159.0,23.0,30.44,21.85,0,0,
BANK_030,"Snyder, Campos and Callahan Rural Bank",Eastern,Medium,Conservative,3,2021,Q3,2021-Q3,187.05,25.84,74.57,72.0,4.46,5.25,150.46,39.87,13.81,21.25,10.52,47.86,6.19,2.17,1.16,8.38,8.0,12.12,83.65,61.0,20.0,39.09,10.07,0,0,
BANK_030,"Snyder, Campos and Callahan Rural Bank",Eastern,Medium,Conservative,4,2021,Q4,2021-Q4,191.69,25.97,75.84,138.73,8.22,9.77,152.25,39.56,13.55,24.71,17.5,91.12,5.93,10.59,5.52,40.75,9.86,8.87,83.11,131.0,,48.52,,0,0,
BANK_030,"Snyder, Campos and Callahan Rural Bank",Eastern,Medium,Conservative,5,2022,Q1,2022-Q1,193.71,26.09,80.84,124.31,7.31,7.56,139.27,41.73,13.47,24.87,11.68,89.26,5.88,8.29,4.28,31.76,2.5,6.82,87.27,155.0,31.0,53.55,32.83,0,0,
BANK_030,"Snyder, Campos and Callahan Rural Bank",Eastern,Medium,Conservative,6,2022,Q2,2022-Q2,202.23,27.41,83.49,146.94,8.63,7.86,158.17,41.28,13.55,23.23,10.12,92.9,5.87,8.49,4.2,30.96,5.49,15.84,82.11,176.0,14.0,31.81,25.1,0,0,
BANK_030,"Snyder, Campos and Callahan Rural Bank",Eastern,Medium,Conservative,7,2022,Q3,2022-Q3,204.0,27.58,81.15,103.0,6.07,6.31,155.11,39.78,13.52,12.49,15.71,66.4,5.89,2.06,1.01,7.45,8.69,16.04,69.44,73.0,15.0,54.04,11.98,0,0,
BANK_030,"Snyder, Campos and Callahan Rural Bank",Eastern,Medium,Conservative,8,2022,Q4,2022-Q4,181.0,24.87,72.31,124.45,7.41,4.21,146.86,39.95,13.74,17.79,8.12,84.74,5.95,6.98,3.86,28.05,3.88,5.94,35.25,248.0,30.0,,10.85,0,0,
BANK_030,"Snyder, Campos and Callahan Rural Bank",Eastern,Medium,Conservative,9,2023,Q1,2023-Q1,195.86,26.92,76.02,89.26,5.37,5.23,140.87,38.82,13.74,21.21,10.25,63.37,6.02,7.36,3.76,27.34,8.46,6.01,40.54,246.0,7.0,,10.28,0,0,
BANK_030,"Snyder, Campos and Callahan Rural Bank",Eastern,Medium,Conservative,10,2023,Q2,2023-Q2,213.96,29.7,82.52,93.64,5.46,5.53,170.78,38.57,13.88,10.62,8.51,54.83,5.83,11.13,5.2,37.48,7.15,7.55,75.11,153.0,14.0,34.01,13.95,0,0,
BANK_030,"Snyder, Campos and Callahan Rural Bank",Eastern,Medium,Conservative,11,2023,Q3,2023-Q3,206.62,28.53,84.04,89.22,5.28,5.51,165.82,40.67,13.81,22.3,10.44,53.8,5.91,8.07,3.91,28.28,8.19,9.12,88.17,54.0,16.0,47.48,7.4,0,0,
BANK_030,"Snyder, Campos and Callahan Rural Bank",Eastern,Medium,Conservative,12,2023,Q4,2023-Q4,210.28,28.68,87.76,139.37,8.18,7.67,172.83,41.73,13.64,10.56,13.4,80.64,5.87,7.06,3.36,24.6,7.04,12.46,63.36,149.0,15.0,18.2,,0,0,
BANK_031,Burton Ltd Rural Bank,Ashanti,Small,Conservative,1,2021,Q1,2021-Q1,24.52,3.88,6.09,11.18,0.77,0.55,19.69,24.82,15.83,9.98,12.74,56.77,6.91,1.0,4.08,25.81,6.44,0.97,72.45,31.0,9.0,38.72,27.03,0,0,
BANK_031,Burton Ltd Rural Bank,Ashanti,Small,Conservative,2,2021,Q2,2021-Q2,23.46,3.74,6.01,12.3,0.86,0.95,19.3,25.62,15.94,8.09,7.75,63.74,7.0,0.27,1.17,7.34,11.12,1.61,59.3,80.0,14.0,49.74,30.27,0,0,
BANK_031,Burton Ltd Rural Bank,Ashanti,Small,Conservative,3,2021,Q3,2021-Q3,22.64,3.63,5.68,9.58,0.71,0.6,18.88,25.1,16.02,9.6,17.5,50.73,7.39,0.56,2.46,15.36,11.84,1.77,50.83,99.0,12.0,42.49,6.2,0,0,
BANK_031,Burton Ltd Rural Bank,Ashanti,Small,Conservative,4,2021,Q4,2021-Q4,23.56,3.81,6.12,16.69,1.2,0.89,19.43,25.98,16.17,13.24,18.03,85.89,7.22,0.24,1.04,6.41,7.83,1.53,85.5,31.0,9.0,15.36,7.85,0,0,
BANK_031,Burton Ltd Rural Bank,Ashanti,Small,Conservative,5,2022,Q1,2022-Q1,23.98,3.87,6.26,14.04,1.02,1.2,17.68,26.12,16.16,23.02,6.22,79.4,7.29,1.35,5.64,34.88,10.59,1.55,41.07,41.0,4.0,42.16,20.11,0,0,
BANK_031,Burton Ltd Rural Bank,Ashanti,Small,Conservative,6,2022,Q2,2022-Q2,26.87,4.23,6.98,12.14,0.86,0.58,22.0,25.99,15.74,23.02,19.57,55.19,7.1,0.96,3.59,22.79,3.86,,62.1,96.0,12.0,36.97,15.13,0,0,
BANK_031,Burton Ltd Rural Bank,Ashanti,Small,Conservative,7,2022,Q3,2022-Q3,29.01,4.58,7.52,13.56,0.98,1.13,23.45,25.91,15.79,21.42,16.76,57.85,7.26,1.34,4.62,29.28,4.74,2.1,57.79,41.0,,52.62,9.46,0,0,
BANK_031,Burton Ltd Rural Bank,Ashanti,Small,Conservative,8,2022,Q4,2022-Q4,27.16,4.16,7.09,11.36,0.84,0.94,22.38,26.12,15.31,21.12,5.55,50.77,7.43,0.86,3.17,20.69,9.48,2.12,59.83,39.0,14.0,42.17,8.16,0,0,
BANK_031,Burton Ltd Rural Bank,Ashanti,Small,Conservative,9,2023,Q1,2023-Q1,27.76,4.37,7.68,14.18,1.07,0.71,20.49,27.66,15.74,17.75,17.83,69.19,7.53,1.41,5.07,32.21,2.29,1.71,52.72,43.0,7.0,30.39,29.97,0,0,
BANK_031,Burton Ltd Rural Bank,Ashanti,Small,Conservative,10,2023,Q2,2023-Q2,30.66,4.78,8.84,22.46,1.63,1.29,24.32,28.85,15.6,11.8,6.41,92.33,7.27,1.7,5.55,35.6,6.88,1.89,77.73,49.0,11.0,45.42,26.17,0,0,
BANK_031,Burton Ltd Rural Bank,Ashanti,Small,Conservative,11,2023,Q3,2023-Q3,27.59,4.29,7.94,18.63,1.38,0.74,21.83,28.77,15.57,22.45,8.33,85.35,7.4,1.64,5.95,38.24,10.87,1.95,,38.0,11.0,28.71,10.28,0,0,
BANK_031,Burton Ltd Rural Bank,Ashanti,Small,Conservative,12,2023,Q4,2023-Q4,26.94,4.24,7.8,19.22,1.45,1.54,22.28,28.94,15.73,18.24,18.72,86.23,7.54,0.66,2.46,15.65,10.88,1.94,60.74,,10.0,17.28,32.79,0,0,
BANK_032,Carlson-Cruz Rural Bank,Ashanti,Medium,Conservative,1,2021,Q1,2021-Q1,194.24,23.64,56.96,70.87,1.97,1.92,157.23,29.32,12.17,10.47,15.15,45.07,2.78,5.93,3.05,25.1,3.13,11.43,32.66,155.0,33.0,,31.48,0,0,
BANK_032,Carlson-Cruz Rural Bank,Ashanti,Medium,Conservative,2,2021,Q2,2021-Q2,196.9,23.71,56.45,130.28,3.58,3.68,139.2,28.67,12.04,18.88,18.41,93.59,2.75,3.18,1.61,13.41,6.84,12.66,80.64,54.0,33.0,40.62,29.36,0,0,
BANK_032,Carlson-Cruz Rural Bank,Ashanti,Medium,Conservative,3,2021,Q3,2021-Q3,191.3,23.15,55.66,110.26,3.11,3.39,138.4,29.09,12.1,13.08,6.65,79.67,2.82,5.0,2.61,21.6,8.71,6.04,,,18.0,49.42,10.24,0,0,
BANK_032,Carlson-Cruz Rural Bank,Ashanti,Medium,Conservative,4,2021,Q4,2021-Q4,197.89,24.02,57.56,101.18,2.86,1.78,147.18,29.09,12.14,17.85,19.01,68.75,2.83,7.39,3.74,30.77,9.4,10.88,47.7,83.0,25.0,47.35,22.09,0,0,
BANK_032,Carlson-Cruz Rural Bank,Ashanti,Medium,Conservative,5,2022,Q1,2022-Q1,194.74,23.74,56.36,100.86,2.94,3.32,140.02,28.94,12.19,12.5,18.24,72.03,2.92,8.86,4.55,37.31,3.0,6.17,66.43,188.0,30.0,30.31,,0,0,
BANK_032,Carlson-Cruz Rural Bank,Ashanti,Medium,Conservative,6,2022,Q2,2022-Q2,213.07,25.97,60.35,94.56,2.68,1.44,163.12,28.32,12.19,10.46,6.38,57.97,2.84,9.12,4.28,35.1,3.42,13.21,33.55,131.0,10.0,19.93,22.01,0,0,
BANK_032,Carlson-Cruz Rural Bank,Ashanti,Medium,Conservative,7,2022,Q3,2022-Q3,230.78,27.95,65.83,141.52,4.07,3.01,167.76,28.52,12.11,22.87,11.94,84.36,2.88,8.88,3.85,31.76,7.16,15.31,67.69,,,,29.18,0,0,
BANK_032,Carlson-Cruz Rural Bank,Ashanti,Medium,Conservative,8,2022,Q4,2022-Q4,215.32,26.06,59.94,140.44,4.29,4.81,154.88,27.84,12.1,16.83,5.21,90.68,3.05,8.45,3.92,32.43,8.7,16.81,69.17,161.0,5.0,18.64,22.32,0,0,
BANK_032,Carlson-Cruz Rural Bank,Ashanti,Medium,Conservative,9,2023,Q1,2023-Q1,220.03,26.72,57.46,151.24,4.6,5.06,175.41,26.11,12.14,13.08,16.82,86.22,3.04,12.33,5.6,46.13,4.3,14.85,70.99,199.0,19.0,56.97,23.97,0,0,
BANK_032,Carlson-Cruz Rural Bank,Ashanti,Medium,Conservative,10,2023,Q2,2023-Q2,242.53,29.04,66.28,103.49,3.1,3.03,184.31,27.33,11.97,14.66,9.3,56.15,3.0,5.41,2.23,18.62,11.55,14.6,90.71,90.0,9.0,53.51,25.43,1,0,Low Capital; 
BANK_032,Carlson-Cruz Rural Bank,Ashanti,Medium,Conservative,11,2023,Q3,2023-Q3,240.09,28.51,62.6,124.86,3.69,4.4,192.21,26.07,11.87,12.21,17.01,64.96,2.96,8.45,3.52,29.63,10.44,10.07,56.99,173.0,20.0,35.68,15.88,1,0,Low Capital; 
BANK_032,Carlson-Cruz Rural Bank,Ashanti,Medium,Conservative,12,2023,Q4,2023-Q4,264.04,31.73,69.89,92.05,2.75,2.76,209.82,26.47,12.02,17.46,14.8,43.87,2.99,13.94,5.28,43.92,11.3,10.35,58.4,128.0,18.0,20.65,29.41,0,0,
BANK_033,"Ferrell, Rice and Maddox Rural Bank",Upper East,Small,Moderate,1,2021,Q1,2021-Q1,6.61,1.3,1.53,2.84,0.37,0.31,5.52,23.22,19.62,12.02,14.93,51.41,13.06,0.31,4.65,23.68,3.32,0.42,84.76,38.0,13.0,16.5,32.38,0,0,
BANK_033,"Ferrell, Rice and Maddox Rural Bank",Upper East,Small,Moderate,2,2021,Q2,2021-Q2,6.87,1.34,1.55,4.59,0.6,0.47,5.34,22.5,19.46,19.24,8.75,86.01,13.16,0.37,5.34,27.43,6.09,,30.94,65.0,7.0,31.86,10.49,0,0,
BANK_033,"Ferrell, Rice and Maddox Rural Bank",Upper East,Small,Moderate,3,2021,Q3,2021-Q3,6.0,1.17,1.33,3.57,0.5,0.47,4.9,22.2,19.45,22.81,9.47,72.98,14.08,0.08,1.33,6.84,6.36,0.25,55.26,53.0,11.0,19.22,20.38,0,0,
BANK_033,"Ferrell, Rice and Maddox Rural Bank",Upper East,Small,Moderate,4,2021,Q4,2021-Q4,6.04,1.21,1.31,3.11,0.46,0.5,5.08,21.74,20.0,12.68,15.98,61.11,14.91,0.08,1.3,6.51,9.08,0.33,,98.0,7.0,33.69,17.24,0,0,
BANK_033,"Ferrell, Rice and Maddox Rural Bank",Upper East,Small,Moderate,5,2022,Q1,2022-Q1,6.61,1.31,1.4,3.1,0.45,0.48,4.67,21.21,19.86,9.49,16.38,66.33,14.5,0.33,4.91,24.74,8.69,0.44,58.09,74.0,9.0,49.6,18.4,0,0,
BANK_033,"Ferrell, Rice and Maddox Rural Bank",Upper East,Small,Moderate,6,2022,Q2,2022-Q2,7.52,1.49,1.59,4.07,0.59,0.42,6.36,21.19,19.78,18.77,6.62,63.99,14.49,0.11,1.44,7.28,8.29,0.26,36.17,78.0,6.0,58.98,6.12,0,0,
BANK_033,"Ferrell, Rice and Maddox Rural Bank",Upper East,Small,Moderate,7,2022,Q3,2022-Q3,7.43,1.47,1.55,5.88,0.85,0.81,6.19,20.92,19.75,11.56,10.27,94.9,14.46,0.12,1.62,8.19,11.04,,94.47,83.0,,30.56,10.14,0,0,
BANK_033,"Ferrell, Rice and Maddox Rural Bank",Upper East,Small,Moderate,8,2022,Q4,2022-Q4,7.02,1.38,1.4,5.02,0.77,0.7,5.87,19.89,19.65,12.44,16.77,85.45,15.39,0.42,6.01,30.57,10.98,0.26,31.7,75.0,9.0,57.11,12.02,1,0,High NPL; 
BANK_033,"Ferrell, Rice and Maddox Rural Bank",Upper East,Small,Moderate,9,2023,Q1,2023-Q1,7.24,1.42,1.37,2.54,0.38,0.2,6.06,18.96,19.58,12.6,5.28,41.97,14.98,0.36,4.91,25.06,8.15,0.49,59.07,44.0,8.0,29.54,30.17,0,0,
BANK_033,"Ferrell, Rice and Maddox Rural Bank",Upper East,Small,Moderate,10,2023,Q2,2023-Q2,7.95,1.54,1.61,5.17,0.79,0.92,6.65,20.29,19.33,18.67,7.05,77.78,15.19,0.17,2.17,11.21,4.92,0.52,77.8,,,59.6,8.06,1,0,High NPL; 
BANK_033,"Ferrell, Rice and Maddox Rural Bank",Upper East,Small,Moderate,11,2023,Q3,2023-Q3,8.22,1.59,1.67,2.97,0.44,0.48,6.58,20.32,19.3,14.78,17.32,45.08,14.97,0.28,3.44,17.84,6.02,0.37,82.21,41.0,11.0,24.28,12.5,0,0,
BANK_033,"Ferrell, Rice and Maddox Rural Bank",Upper East,Small,Moderate,12,2023,Q4,2023-Q4,8.75,1.66,1.85,5.19,0.76,0.8,6.41,21.17,18.96,22.87,11.82,80.98,14.6,0.45,5.19,27.35,9.77,0.38,82.77,62.0,2.0,35.56,,0,0,
BANK_034,Frazier Inc Rural Bank,Ashanti,Large,Conservative,1,2021,Q1,2021-Q1,732.72,75.1,226.97,457.62,17.27,17.23,542.73,30.98,10.25,9.92,16.16,84.32,3.77,33.33,4.55,44.38,11.12,,80.3,243.0,21.0,43.92,14.83,1,0,Low Capital; 
BANK_034,Frazier Inc Rural Bank,Ashanti,Large,Conservative,2,2021,Q2,2021-Q2,663.85,67.17,201.37,225.49,8.72,5.64,465.67,30.33,10.12,12.09,19.07,48.42,3.87,11.01,1.66,16.4,9.15,22.21,51.53,212.0,,47.87,20.99,1,0,Low Capital; 
BANK_034,Frazier Inc Rural Bank,Ashanti,Large,Conservative,3,2021,Q3,2021-Q3,703.28,70.73,217.58,480.81,17.99,19.7,539.55,30.94,10.06,11.9,16.08,89.11,3.74,15.65,2.22,22.12,5.73,29.2,66.47,153.0,30.0,56.11,17.28,1,0,Low Capital; 
BANK_034,Frazier Inc Rural Bank,Ashanti,Large,Conservative,4,2021,Q4,2021-Q4,709.97,71.65,219.77,488.05,18.4,20.93,578.23,30.95,10.09,24.36,8.71,84.4,3.77,21.96,3.09,30.65,3.97,43.54,74.51,150.0,61.0,15.81,19.48,1,0,Low Capital; 
BANK_034,Frazier Inc Rural Bank,Ashanti,Large,Conservative,5,2022,Q1,2022-Q1,763.89,76.43,235.35,515.32,19.55,11.25,602.9,30.81,10.01,12.46,9.69,85.47,3.79,39.59,5.18,51.8,2.32,42.79,66.86,324.0,40.0,50.58,9.01,1,0,Low Capital; 
BANK_034,Frazier Inc Rural Bank,Ashanti,Large,Conservative,6,2022,Q2,2022-Q2,885.18,87.24,267.73,457.91,16.03,8.42,735.86,30.25,9.86,17.37,15.36,62.23,3.5,38.44,4.34,44.06,3.14,40.07,80.78,246.0,25.0,45.25,10.9,1,0,Low Capital; 
BANK_034,Frazier Inc Rural Bank,Ashanti,Large,Conservative,7,2022,Q3,2022-Q3,883.94,88.8,287.01,332.64,11.65,9.83,708.64,32.47,10.05,20.27,18.05,46.94,3.5,50.5,5.71,56.88,2.91,27.38,82.37,143.0,74.0,42.87,24.53,1,0,Low Capital; 
BANK_034,Frazier Inc Rural Bank,Ashanti,Large,Conservative,8,2022,Q4,2022-Q4,823.42,82.15,260.44,628.21,22.57,12.18,697.74,31.63,9.98,22.76,14.89,90.03,3.59,21.16,2.57,25.76,2.02,33.92,52.13,496.0,44.0,24.21,15.04,1,0,Low Capital; 
BANK_034,Frazier Inc Rural Bank,Ashanti,Large,Conservative,9,2023,Q1,2023-Q1,857.45,84.92,283.42,340.02,12.38,12.16,645.33,33.05,9.9,17.64,6.8,52.69,3.64,37.71,4.4,44.41,2.03,65.63,37.21,262.0,60.0,34.59,33.41,1,0,Low Capital; 
BANK_034,Frazier Inc Rural Bank,Ashanti,Large,Conservative,10,2023,Q2,2023-Q2,951.95,94.16,322.79,750.38,27.1,20.51,798.67,33.91,9.89,9.8,17.16,93.95,3.61,41.42,4.35,43.99,11.79,63.14,90.37,421.0,20.0,26.21,,1,0,Low Capital; 
BANK_034,Frazier Inc Rural Bank,Ashanti,Large,Conservative,11,2023,Q3,2023-Q3,984.65,96.21,336.92,615.57,21.44,12.39,751.79,34.22,9.77,15.53,19.63,81.88,3.48,22.15,2.25,23.02,11.09,34.55,33.19,102.0,31.0,44.72,26.91,1,0,Low Capital; 
BANK_034,Frazier Inc Rural Bank,Ashanti,Large,Conservative,12,2023,Q4,2023-Q4,1088.44,105.83,365.94,589.69,21.26,22.58,768.53,33.62,9.72,20.17,10.4,76.73,3.6,22.02,2.02,20.81,4.47,86.86,36.72,172.0,18.0,29.74,11.31,1,0,Low Capital; 
BANK_035,"Dyer, Potter and Mack Rural Bank",Greater Accra,Medium,Moderate,1,2021,Q1,2021-Q1,124.65,23.03,30.67,39.08,3.97,3.67,93.24,24.6,18.47,21.87,18.52,41.91,10.16,1.58,1.27,6.88,10.15,6.82,38.69,227.0,26.0,22.36,6.01,0,0,
BANK_035,"Dyer, Potter and Mack Rural Bank",Greater Accra,Medium,Moderate,2,2021,Q2,2021-Q2,126.83,23.18,31.6,46.79,4.9,5.18,89.26,24.91,18.28,10.17,7.69,52.42,10.47,6.98,5.5,30.09,8.72,9.5,59.07,137.0,30.0,19.2,20.63,0,0,
BANK_035,"Dyer, Potter and Mack Rural Bank",Greater Accra,Medium,Moderate,3,2021,Q3,2021-Q3,128.84,23.63,31.5,73.86,7.85,6.75,94.2,24.45,18.34,12.08,19.34,78.4,10.63,2.08,1.61,8.79,7.86,8.79,94.56,201.0,,42.74,34.58,0,0,
BANK_035,"Dyer, Potter and Mack Rural Bank",Greater Accra,Medium,Moderate,4,2021,Q4,2021-Q4,133.26,24.53,31.23,91.97,9.88,8.7,100.91,23.44,18.41,20.1,19.19,91.14,10.75,2.75,2.07,11.23,8.73,8.69,66.31,230.0,8.0,22.97,17.86,0,0,
BANK_035,"Dyer, Potter and Mack Rural Bank",Greater Accra,Medium,Moderate,5,2022,Q1,2022-Q1,137.44,25.04,30.68,55.49,6.12,5.52,99.72,22.32,18.22,10.78,10.98,55.65,11.02,2.15,1.57,8.59,2.27,4.21,87.19,,28.0,54.24,7.94,0,0,
BANK_035,"Dyer, Potter and Mack Rural Bank",Greater Accra,Medium,Moderate,6,2022,Q2,2022-Q2,143.83,26.19,33.09,78.4,8.6,9.67,117.14,23.0,18.21,16.0,17.51,66.93,10.97,5.15,3.58,19.68,12.0,10.38,53.52,52.0,,46.68,24.52,0,0,
BANK_035,"Dyer, Potter and Mack Rural Bank",Greater Accra,Medium,Moderate,7,2022,Q3,2022-Q3,140.81,25.62,34.62,86.79,9.23,6.51,111.41,24.59,18.19,12.71,12.14,77.91,10.63,4.87,3.46,19.01,3.61,6.62,51.06,167.0,,52.34,21.87,0,0,
BANK_035,"Dyer, Potter and Mack Rural Bank",Greater Accra,Medium,Moderate,8,2022,Q4,2022-Q4,136.71,25.12,33.06,75.95,8.44,4.6,115.31,24.18,18.38,17.82,9.37,65.87,11.11,4.04,2.95,16.07,4.75,9.62,53.85,113.0,32.0,53.08,15.69,0,0,
BANK_035,"Dyer, Potter and Mack Rural Bank",Greater Accra,Medium,Moderate,9,2023,Q1,2023-Q1,142.05,26.18,34.73,43.42,4.63,5.55,99.47,24.45,18.43,21.13,11.36,43.66,10.66,6.74,4.74,25.73,11.55,10.57,50.68,83.0,29.0,32.02,19.2,0,0,
BANK_035,"Dyer, Potter and Mack Rural Bank",Greater Accra,Medium,Moderate,10,2023,Q2,2023-Q2,147.38,27.23,33.93,90.64,9.8,7.78,109.1,23.02,18.47,11.26,11.29,83.08,10.82,3.91,2.65,14.37,9.28,9.35,34.67,,6.0,39.43,12.8,0,0,
BANK_035,"Dyer, Potter and Mack Rural Bank",Greater Accra,Medium,Moderate,11,2023,Q3,2023-Q3,144.29,26.8,33.27,60.59,6.54,6.18,106.24,23.06,18.57,20.42,19.77,57.04,10.8,7.88,5.46,29.41,11.12,9.66,42.86,218.0,11.0,48.43,25.57,0,0,
BANK_035,"Dyer, Potter and Mack Rural Bank",Greater Accra,Medium,Moderate,12,2023,Q4,2023-Q4,152.69,28.81,33.86,100.93,11.0,12.92,109.2,22.17,18.87,9.62,14.58,92.43,10.9,1.53,1.0,5.31,2.56,4.98,89.01,194.0,27.0,38.52,28.46,0,0,
BANK_036,Rodriguez-Graham Rural Bank,Eastern,Small,Moderate,1,2021,Q1,2021-Q1,12.0,2.0,2.13,4.22,0.29,0.15,9.16,17.73,16.62,20.99,12.35,46.07,6.8,0.14,1.17,7.02,11.34,0.41,81.95,91.0,14.0,54.04,13.63,0,0,
BANK_036,Rodriguez-Graham Rural Bank,Eastern,Small,Moderate,2,2021,Q2,2021-Q2,11.4,1.86,2.07,3.9,0.28,0.32,9.46,18.14,16.31,19.31,7.09,41.22,7.22,0.51,4.48,27.45,9.87,0.41,53.41,97.0,13.0,54.78,18.56,0,0,
BANK_036,Rodriguez-Graham Rural Bank,Eastern,Small,Moderate,3,2021,Q3,2021-Q3,11.04,1.78,1.9,4.53,0.33,0.35,8.32,17.25,16.13,19.24,12.25,54.49,7.39,0.17,1.58,9.79,6.88,0.72,64.44,51.0,10.0,58.59,7.85,0,0,
BANK_036,Rodriguez-Graham Rural Bank,Eastern,Small,Moderate,4,2021,Q4,2021-Q4,10.87,1.72,1.96,3.82,0.28,0.3,7.89,18.08,15.86,10.17,13.65,48.37,7.42,0.56,5.19,32.71,7.95,0.51,83.03,84.0,,20.2,34.08,0,0,
BANK_036,Rodriguez-Graham Rural Bank,Eastern,Small,Moderate,5,2022,Q1,2022-Q1,10.96,1.74,2.03,4.58,0.33,0.23,9.3,18.52,15.92,12.37,5.99,49.19,7.19,0.47,4.3,26.99,6.19,0.86,74.45,83.0,5.0,18.56,19.63,0,0,
BANK_036,Rodriguez-Graham Rural Bank,Eastern,Small,Moderate,6,2022,Q2,2022-Q2,10.85,1.72,1.97,5.07,0.36,0.43,7.88,18.15,15.82,12.56,19.29,64.42,7.06,0.28,2.57,16.23,8.59,,44.03,32.0,6.0,19.77,5.56,0,0,
BANK_036,Rodriguez-Graham Rural Bank,Eastern,Small,Moderate,7,2022,Q3,2022-Q3,10.82,1.72,1.93,7.08,0.5,0.5,8.44,17.88,15.87,18.22,16.64,83.86,7.0,0.46,4.25,26.8,2.09,,34.31,49.0,7.0,15.06,19.91,0,0,
BANK_036,Rodriguez-Graham Rural Bank,Eastern,Small,Moderate,8,2022,Q4,2022-Q4,10.79,1.72,1.85,5.73,0.41,0.25,8.57,17.12,15.96,14.28,18.19,66.82,7.24,0.29,2.73,17.09,6.24,0.63,88.69,51.0,14.0,49.16,,0,0,
BANK_036,Rodriguez-Graham Rural Bank,Eastern,Small,Moderate,9,2023,Q1,2023-Q1,10.57,1.69,1.83,6.45,0.48,0.51,8.96,17.33,16.0,13.87,17.67,72.03,7.44,0.24,2.27,14.16,6.3,0.56,45.61,91.0,9.0,59.03,29.3,0,0,
BANK_036,Rodriguez-Graham Rural Bank,Eastern,Small,Moderate,10,2023,Q2,2023-Q2,11.36,1.82,1.87,7.6,0.55,0.48,8.56,16.49,16.01,17.41,12.57,88.79,7.21,0.39,3.4,21.23,5.06,0.87,68.26,52.0,10.0,49.56,33.82,0,0,
BANK_036,Rodriguez-Graham Rural Bank,Eastern,Small,Moderate,11,2023,Q3,2023-Q3,10.81,1.73,1.77,5.98,0.44,0.37,9.02,16.34,16.01,24.55,11.61,66.34,7.39,0.11,1.04,6.5,10.99,0.83,,21.0,4.0,44.42,5.76,0,0,
BANK_036,Rodriguez-Graham Rural Bank,Eastern,Small,Moderate,12,2023,Q4,2023-Q4,12.41,2.0,2.03,4.75,0.35,0.27,9.62,16.39,16.14,23.37,5.51,49.37,7.34,0.74,6.0,37.16,11.87,0.92,55.65,74.0,7.0,44.18,14.28,0,0,
BANK_037,Smith-Bowen Rural Bank,Ashanti,Medium,Conservative,1,2021,Q1,2021-Q1,140.93,27.51,41.44,82.57,1.94,0.98,98.9,29.41,19.52,9.07,5.37,83.49,2.35,7.88,5.59,28.65,6.16,7.47,52.74,175.0,30.0,44.17,27.45,0,0,
BANK_037,Smith-Bowen Rural Bank,Ashanti,Medium,Conservative,2,2021,Q2,2021-Q2,134.08,26.35,40.1,73.45,1.77,1.93,108.28,29.91,19.65,9.09,14.57,67.83,2.4,1.58,1.17,5.98,4.59,10.06,83.54,186.0,27.0,47.7,33.28,0,0,
BANK_037,Smith-Bowen Rural Bank,Ashanti,Medium,Conservative,3,2021,Q3,2021-Q3,136.5,27.12,40.25,56.42,1.34,1.43,109.01,29.49,19.87,16.67,14.99,51.76,2.38,8.08,5.92,29.8,4.82,7.38,59.12,74.0,18.0,27.94,9.81,0,0,
BANK_037,Smith-Bowen Rural Bank,Ashanti,Medium,Conservative,4,2021,Q4,2021-Q4,134.69,26.56,41.8,44.51,1.05,1.22,106.75,31.04,19.72,20.03,16.01,41.69,2.37,6.33,4.7,23.84,3.97,9.28,84.09,122.0,11.0,32.33,27.19,0,0,
BANK_037,Smith-Bowen Rural Bank,Ashanti,Medium,Conservative,5,2022,Q1,2022-Q1,147.46,28.92,43.67,91.77,2.21,1.22,108.82,29.62,19.61,8.45,6.7,84.33,2.41,3.39,2.3,11.73,7.38,11.12,85.02,148.0,6.0,39.09,26.14,0,0,
BANK_037,Smith-Bowen Rural Bank,Ashanti,Medium,Conservative,6,2022,Q2,2022-Q2,158.29,30.94,49.57,98.22,2.24,1.38,119.14,31.32,19.55,15.41,9.18,82.44,2.28,4.85,3.07,15.69,2.16,5.68,42.02,72.0,16.0,,20.28,0,0,
BANK_037,Smith-Bowen Rural Bank,Ashanti,Medium,Conservative,7,2022,Q3,2022-Q3,146.52,29.02,45.52,46.87,1.06,1.1,113.56,31.07,19.8,16.38,9.85,41.27,2.26,3.99,2.73,13.77,3.47,8.44,78.93,106.0,12.0,38.49,9.66,0,0,
BANK_037,Smith-Bowen Rural Bank,Ashanti,Medium,Conservative,8,2022,Q4,2022-Q4,148.62,29.91,45.04,49.51,1.15,1.18,117.87,30.3,20.12,13.34,6.31,42.01,2.31,5.05,3.4,16.9,4.37,9.12,49.6,243.0,27.0,21.15,17.5,0,0,
BANK_037,Smith-Bowen Rural Bank,Ashanti,Medium,Conservative,9,2023,Q1,2023-Q1,156.8,30.83,49.13,80.17,1.89,1.35,111.21,31.33,19.66,12.97,17.63,72.09,2.35,7.81,4.98,25.32,9.83,7.47,49.43,161.0,5.0,18.72,8.79,0,0,
BANK_037,Smith-Bowen Rural Bank,Ashanti,Medium,Conservative,10,2023,Q2,2023-Q2,166.16,32.22,57.97,89.43,2.05,1.23,117.84,34.89,19.39,23.64,19.88,75.89,2.3,5.18,3.12,16.08,11.95,8.47,69.52,70.0,19.0,25.74,30.07,0,0,
BANK_037,Smith-Bowen Rural Bank,Ashanti,Medium,Conservative,11,2023,Q3,2023-Q3,174.24,33.96,59.93,109.15,2.62,2.48,127.21,34.4,19.49,20.18,15.85,85.8,2.4,3.68,2.11,10.83,2.98,13.21,66.41,80.0,30.0,56.17,10.09,0,0,
BANK_037,Smith-Bowen Rural Bank,Ashanti,Medium,Conservative,12,2023,Q4,2023-Q4,157.86,30.97,53.51,52.31,1.24,0.96,120.66,33.89,19.62,10.97,5.11,43.35,2.37,8.29,5.25,26.77,4.98,9.46,62.68,60.0,35.0,38.73,14.75,0,0,
BANK_038,"Baker, Mason and White Rural Bank",Eastern,Small,Moderate,1,2021,Q1,2021-Q1,12.12,1.87,2.09,5.67,0.76,0.75,9.45,17.23,15.45,10.51,5.31,60.0,13.46,0.39,3.18,20.62,3.96,0.38,82.33,21.0,12.0,21.48,34.24,0,0,
BANK_038,"Baker, Mason and White Rural Bank",Eastern,Small,Moderate,2,2021,Q2,2021-Q2,12.91,2.01,2.35,9.32,1.28,1.29,10.66,18.2,15.55,8.1,6.66,87.42,13.74,0.51,3.95,25.42,10.47,0.62,37.04,53.0,11.0,19.83,11.18,0,0,
BANK_038,"Baker, Mason and White Rural Bank",Eastern,Small,Moderate,3,2021,Q3,2021-Q3,12.91,2.0,2.27,7.58,1.06,1.13,9.75,17.6,15.48,12.52,5.94,77.76,13.98,0.27,2.08,13.45,10.25,1.02,66.2,,7.0,22.66,27.86,0,0,
BANK_038,"Baker, Mason and White Rural Bank",Eastern,Small,Moderate,4,2021,Q4,2021-Q4,13.92,2.16,2.43,7.23,1.02,0.65,10.19,17.46,15.53,18.85,5.4,70.91,14.11,0.57,4.13,26.59,11.54,0.96,82.24,62.0,4.0,,21.48,0,0,
BANK_038,"Baker, Mason and White Rural Bank",Eastern,Small,Moderate,5,2022,Q1,2022-Q1,14.79,2.33,2.68,5.86,0.85,0.83,10.73,18.14,15.78,14.33,10.91,54.59,14.51,0.33,2.25,14.27,9.6,1.02,59.62,68.0,6.0,46.59,30.07,0,0,
BANK_038,"Baker, Mason and White Rural Bank",Eastern,Small,Moderate,6,2022,Q2,2022-Q2,15.48,2.49,2.91,9.35,1.41,0.8,12.42,18.78,16.09,24.18,11.88,75.33,15.03,0.75,4.84,30.07,5.74,0.9,33.08,23.0,5.0,46.04,30.56,1,0,High NPL; 
BANK_038,"Baker, Mason and White Rural Bank",Eastern,Small,Moderate,7,2022,Q3,2022-Q3,16.76,2.76,3.09,5.88,0.93,1.06,12.03,18.45,16.49,9.53,11.03,48.89,15.76,0.8,4.78,29.01,8.17,1.0,49.02,74.0,12.0,20.08,21.01,1,0,High NPL; 
BANK_038,"Baker, Mason and White Rural Bank",Eastern,Small,Moderate,8,2022,Q4,2022-Q4,17.29,2.85,3.06,5.72,0.92,0.82,12.21,17.68,16.5,8.37,10.52,46.88,16.0,0.63,3.64,22.06,5.92,1.02,75.66,70.0,14.0,21.22,17.89,1,0,High NPL; 
BANK_038,"Baker, Mason and White Rural Bank",Eastern,Small,Moderate,9,2023,Q1,2023-Q1,16.03,2.6,2.83,8.34,1.35,1.55,12.46,17.65,16.23,13.23,14.96,66.94,16.15,0.24,1.48,9.13,10.4,1.28,49.02,48.0,14.0,,13.87,1,0,High NPL; 
BANK_038,"Baker, Mason and White Rural Bank",Eastern,Small,Moderate,10,2023,Q2,2023-Q2,17.22,2.8,3.02,11.28,1.83,1.27,13.96,17.55,16.25,23.82,17.18,80.8,16.18,0.46,2.7,16.59,10.58,0.75,63.44,28.0,10.0,,26.55,1,0,High NPL; 
BANK_038,"Baker, Mason and White Rural Bank",Eastern,Small,Moderate,11,2023,Q3,2023-Q3,16.73,2.72,2.99,10.7,1.78,1.44,13.58,17.87,16.26,20.47,19.0,78.8,16.62,0.68,4.08,25.09,10.54,1.17,32.69,50.0,2.0,19.59,23.04,1,0,High NPL; 
BANK_038,"Baker, Mason and White Rural Bank",Eastern,Small,Moderate,12,2023,Q4,2023-Q4,17.46,2.84,3.11,9.77,1.61,0.94,14.24,17.81,16.24,11.2,17.21,68.58,16.46,0.47,2.71,16.7,11.31,1.22,58.13,59.0,5.0,46.7,29.08,1,0,High NPL; 
BANK_039,Harrell LLC Rural Bank,Ashanti,Small,Moderate,1,2021,Q1,2021-Q1,15.75,1.4,3.15,8.5,0.91,0.81,11.98,20.01,8.92,14.76,14.36,70.94,10.73,0.49,3.12,35.03,10.8,1.23,88.05,77.0,9.0,46.02,,1,0,Low Capital; 
BANK_039,Harrell LLC Rural Bank,Ashanti,Small,Moderate,2,2021,Q2,2021-Q2,16.02,1.41,3.23,9.14,1.02,0.85,11.82,20.16,8.77,21.49,15.34,77.36,11.15,0.44,2.77,31.6,11.39,,68.74,22.0,4.0,43.48,17.6,1,0,Low Capital; 
BANK_039,Harrell LLC Rural Bank,Ashanti,Small,Moderate,3,2021,Q3,2021-Q3,15.39,1.35,3.13,9.32,1.08,1.02,11.2,20.31,8.77,13.28,17.51,83.15,11.58,0.66,4.27,48.65,4.1,0.71,45.6,64.0,3.0,57.0,15.01,1,0,Low Capital; 
BANK_039,Harrell LLC Rural Bank,Ashanti,Small,Moderate,4,2021,Q4,2021-Q4,15.9,1.37,3.18,8.3,0.95,0.77,11.96,20.02,8.64,8.51,9.15,69.42,11.46,0.76,4.77,55.2,8.22,0.96,65.49,67.0,14.0,15.39,6.43,1,0,Low Capital; 
BANK_039,Harrell LLC Rural Bank,Ashanti,Small,Moderate,5,2022,Q1,2022-Q1,15.8,1.36,3.28,9.35,1.08,0.96,12.15,20.76,8.6,22.33,7.72,76.96,11.51,0.53,3.35,38.99,4.06,1.13,64.96,32.0,8.0,33.59,31.31,1,0,Low Capital; 
BANK_039,Harrell LLC Rural Bank,Ashanti,Small,Moderate,6,2022,Q2,2022-Q2,15.56,1.34,3.26,10.25,1.1,0.98,13.05,20.93,8.63,21.54,7.43,78.54,10.73,0.12,0.78,9.06,8.31,0.93,50.68,56.0,5.0,50.54,24.04,1,0,Low Capital; 
BANK_039,Harrell LLC Rural Bank,Ashanti,Small,Moderate,7,2022,Q3,2022-Q3,13.72,1.19,2.88,8.98,1.05,0.85,10.53,20.95,8.69,12.35,9.37,85.25,11.66,0.22,1.59,18.25,2.99,0.93,44.53,24.0,12.0,21.93,23.75,1,0,Low Capital; 
BANK_039,Harrell LLC Rural Bank,Ashanti,Small,Moderate,8,2022,Q4,2022-Q4,12.64,1.09,2.61,4.26,0.5,0.33,10.44,20.62,8.66,15.62,11.22,40.81,11.79,0.25,2.0,23.1,4.69,0.72,84.12,52.0,11.0,54.45,11.49,1,0,Low Capital; 
BANK_039,Harrell LLC Rural Bank,Ashanti,Small,Moderate,9,2023,Q1,2023-Q1,13.28,1.16,2.68,9.27,1.12,0.9,9.82,20.16,8.72,13.62,10.35,94.42,12.04,0.24,1.83,21.0,9.65,0.92,,96.0,6.0,24.88,25.32,1,0,Low Capital; 
BANK_039,Harrell LLC Rural Bank,Ashanti,Small,Moderate,10,2023,Q2,2023-Q2,13.52,1.19,2.83,9.68,1.12,1.34,11.45,20.91,8.78,23.19,6.15,84.58,11.56,0.46,3.43,39.11,10.25,0.96,,87.0,10.0,42.42,19.02,1,0,Low Capital; 
BANK_039,Harrell LLC Rural Bank,Ashanti,Small,Moderate,11,2023,Q3,2023-Q3,14.61,1.29,3.0,7.55,0.91,0.86,11.49,20.51,8.83,8.3,19.54,65.7,12.07,0.53,3.65,41.31,2.88,,81.43,40.0,,17.88,10.39,1,0,Low Capital; 
BANK_039,Harrell LLC Rural Bank,Ashanti,Small,Moderate,12,2023,Q4,2023-Q4,14.73,1.32,2.93,6.74,0.84,0.75,10.9,19.87,8.97,23.37,18.21,61.85,12.51,0.58,3.97,44.24,6.93,1.02,91.59,48.0,5.0,42.73,19.97,1,0,Low Capital; 
BANK_040,"Romero, Gonzalez and Brooks Rural Bank",Ashanti,Small,Conservative,1,2021,Q1,2021-Q1,49.51,9.0,14.12,38.37,0.55,0.62,40.92,28.52,18.17,14.41,6.11,93.76,1.43,2.75,5.56,30.61,7.3,1.83,53.99,77.0,4.0,41.56,25.86,0,0,
BANK_040,"Romero, Gonzalez and Brooks Rural Bank",Ashanti,Small,Conservative,2,2021,Q2,2021-Q2,53.01,9.53,14.4,26.49,0.39,0.43,40.15,27.16,17.98,13.52,18.26,65.97,1.46,1.59,3.0,16.7,6.07,,44.85,85.0,5.0,46.74,20.4,0,0,
BANK_040,"Romero, Gonzalez and Brooks Rural Bank",Ashanti,Small,Conservative,3,2021,Q3,2021-Q3,49.6,8.95,13.54,17.92,0.28,0.15,35.57,27.3,18.04,9.18,16.03,50.37,1.54,2.51,5.05,28.0,10.09,2.1,69.99,55.0,10.0,53.83,7.4,0,0,
BANK_040,"Romero, Gonzalez and Brooks Rural Bank",Ashanti,Small,Conservative,4,2021,Q4,2021-Q4,51.19,9.38,14.66,32.6,0.51,0.27,42.92,28.64,18.32,22.94,13.46,75.97,1.56,2.57,5.03,27.45,8.65,2.4,34.58,66.0,11.0,19.24,24.01,0,0,
BANK_040,"Romero, Gonzalez and Brooks Rural Bank",Ashanti,Small,Conservative,5,2022,Q1,2022-Q1,54.5,9.91,15.41,19.99,0.31,0.33,42.45,28.27,18.18,8.19,13.09,47.1,1.53,1.4,2.56,14.09,2.13,1.9,49.31,24.0,9.0,18.91,26.05,0,0,
BANK_040,"Romero, Gonzalez and Brooks Rural Bank",Ashanti,Small,Conservative,6,2022,Q2,2022-Q2,62.31,11.29,17.42,37.01,0.55,0.42,44.94,27.96,18.12,24.73,14.62,82.36,1.48,0.6,0.96,5.3,11.99,3.81,66.32,24.0,5.0,56.61,,0,0,
BANK_040,"Romero, Gonzalez and Brooks Rural Bank",Ashanti,Small,Conservative,7,2022,Q3,2022-Q3,63.83,11.38,17.28,22.62,0.33,0.33,46.1,27.07,17.83,9.18,15.45,49.05,1.44,3.76,5.9,33.06,2.14,3.83,66.57,30.0,3.0,50.67,31.63,0,0,
BANK_040,"Romero, Gonzalez and Brooks Rural Bank",Ashanti,Small,Conservative,8,2022,Q4,2022-Q4,59.89,10.5,16.37,21.1,0.31,0.37,47.97,27.34,17.52,9.29,10.32,43.99,1.47,2.64,4.42,25.2,6.48,3.13,59.75,40.0,,47.47,13.47,0,0,
BANK_040,"Romero, Gonzalez and Brooks Rural Bank",Ashanti,Small,Conservative,9,2023,Q1,2023-Q1,59.65,10.55,15.49,20.18,0.3,0.29,43.26,25.97,17.68,14.74,15.88,46.65,1.5,0.82,1.38,7.81,5.74,3.84,73.61,32.0,2.0,48.88,8.19,0,0,
BANK_040,"Romero, Gonzalez and Brooks Rural Bank",Ashanti,Small,Conservative,10,2023,Q2,2023-Q2,63.46,10.9,16.49,28.81,0.43,0.39,51.19,25.98,17.18,17.93,14.56,56.28,1.49,1.25,1.97,11.45,2.74,3.38,70.01,27.0,14.0,59.12,21.36,0,0,
BANK_040,"Romero, Gonzalez and Brooks Rural Bank",Ashanti,Small,Conservative,11,2023,Q3,2023-Q3,62.62,10.77,16.56,22.32,0.33,0.22,46.7,26.44,17.2,18.92,19.38,47.81,1.48,1.49,2.37,13.8,4.17,2.67,61.89,97.0,12.0,27.81,15.9,0,0,
BANK_040,"Romero, Gonzalez and Brooks Rural Bank",Ashanti,Small,Conservative,12,2023,Q4,2023-Q4,64.51,11.09,16.64,31.15,0.46,0.24,52.21,25.79,17.19,18.27,7.59,59.66,1.47,2.82,4.37,25.39,8.03,2.17,34.5,36.0,5.0,50.39,9.78,0,0,
BANK_041,Ryan PLC Rural Bank,Western,Large,Conservative,1,2021,Q1,2021-Q1,226.46,37.74,64.42,120.92,0.95,0.94,186.61,28.45,16.67,13.27,11.25,64.8,0.78,12.96,5.72,34.32,4.48,14.07,47.88,302.0,61.0,54.68,30.16,0,0,
BANK_041,Ryan PLC Rural Bank,Western,Large,Conservative,2,2021,Q2,2021-Q2,214.17,35.88,60.58,118.77,0.95,0.8,150.26,28.28,16.75,13.29,14.92,79.04,0.8,11.46,5.35,31.95,3.56,8.64,74.68,240.0,56.0,22.1,12.57,0,0,
BANK_041,Ryan PLC Rural Bank,Western,Large,Conservative,3,2021,Q3,2021-Q3,194.31,32.22,53.24,71.83,0.59,0.48,148.29,27.4,16.58,21.04,5.21,48.44,0.82,8.45,4.35,26.23,6.46,8.01,77.25,383.0,19.0,56.16,6.93,0,0,
BANK_041,Ryan PLC Rural Bank,Western,Large,Conservative,4,2021,Q4,2021-Q4,199.53,33.38,53.99,81.08,0.68,0.35,154.34,27.06,16.73,12.15,16.82,52.53,0.84,3.49,1.75,10.46,10.59,10.65,56.27,279.0,73.0,53.26,26.19,0,0,
BANK_041,Ryan PLC Rural Bank,Western,Large,Conservative,5,2022,Q1,2022-Q1,197.36,32.85,53.48,92.63,0.79,0.61,146.41,27.1,16.64,17.56,18.82,63.27,0.85,9.85,4.99,29.98,6.27,8.23,94.64,482.0,64.0,45.98,13.85,0,0,
BANK_041,Ryan PLC Rural Bank,Western,Large,Conservative,6,2022,Q2,2022-Q2,215.91,36.08,61.07,154.46,1.28,0.81,170.67,28.28,16.71,19.35,17.01,90.5,0.83,2.79,1.29,7.73,7.08,8.23,57.06,433.0,74.0,29.31,20.96,0,0,
BANK_041,Ryan PLC Rural Bank,Western,Large,Conservative,7,2022,Q3,2022-Q3,224.28,37.48,62.72,147.49,1.26,1.44,188.01,27.97,16.71,23.82,12.18,78.45,0.85,5.32,2.37,14.19,6.0,16.49,53.35,340.0,17.0,17.53,17.36,0,0,
BANK_041,Ryan PLC Rural Bank,Western,Large,Conservative,8,2022,Q4,2022-Q4,187.98,31.84,54.11,103.12,0.9,0.72,150.92,28.79,16.94,10.39,13.67,68.33,0.88,7.03,3.74,22.08,7.87,10.12,51.17,388.0,,56.15,5.62,0,0,
BANK_041,Ryan PLC Rural Bank,Western,Large,Conservative,9,2023,Q1,2023-Q1,186.3,31.73,52.69,70.71,0.63,0.6,130.69,28.28,17.03,13.42,11.19,54.1,0.89,9.1,4.88,28.68,4.07,13.97,63.99,145.0,36.0,24.3,10.99,0,0,
BANK_041,Ryan PLC Rural Bank,Western,Large,Conservative,10,2023,Q2,2023-Q2,232.0,39.54,68.01,132.54,1.09,0.71,196.02,29.32,17.04,19.01,18.67,67.62,0.82,6.64,2.86,16.78,3.47,12.52,31.13,393.0,14.0,43.31,,0,0,
BANK_041,Ryan PLC Rural Bank,Western,Large,Conservative,11,2023,Q3,2023-Q3,233.12,39.28,63.96,91.76,0.77,0.7,168.88,27.44,16.85,10.22,16.69,54.33,0.84,7.74,3.32,19.7,4.68,16.81,50.38,435.0,37.0,47.7,,0,0,
BANK_041,Ryan PLC Rural Bank,Western,Large,Conservative,12,2023,Q4,2023-Q4,212.96,36.46,57.91,103.75,0.91,0.88,163.69,27.19,17.12,13.94,16.52,63.39,0.88,9.42,4.42,25.82,8.42,16.3,84.69,358.0,32.0,50.08,22.26,0,0,
BANK_042,George Group Rural Bank,Central,Medium,Moderate,1,2021,Q1,2021-Q1,197.79,26.59,58.38,69.03,9.85,4.94,157.44,29.52,13.45,19.17,6.19,43.84,14.27,9.07,4.58,34.09,5.55,14.05,32.91,201.0,13.0,36.46,29.68,0,0,
BANK_042,George Group Rural Bank,Central,Medium,Moderate,2,2021,Q2,2021-Q2,193.59,25.88,56.78,104.32,14.7,16.67,150.45,29.33,13.37,8.7,15.22,69.34,14.09,5.98,3.09,23.1,2.52,6.73,72.83,179.0,6.0,,7.36,0,0,
BANK_042,George Group Rural Bank,Central,Medium,Moderate,3,2021,Q3,2021-Q3,199.84,27.11,57.71,107.78,15.09,10.05,161.23,28.88,13.57,21.19,5.57,66.85,14.0,11.61,5.81,42.83,6.66,9.05,57.9,110.0,,41.72,5.47,0,0,
BANK_042,George Group Rural Bank,Central,Medium,Moderate,4,2021,Q4,2021-Q4,205.93,27.6,59.75,68.3,9.82,5.06,153.22,29.02,13.4,16.53,5.48,44.58,14.38,4.87,2.36,17.63,8.49,13.61,86.09,145.0,37.0,59.1,31.47,0,0,
BANK_042,George Group Rural Bank,Central,Medium,Moderate,5,2022,Q1,2022-Q1,196.42,26.68,60.12,58.9,8.52,9.72,144.83,30.61,13.59,8.85,10.47,40.67,14.46,3.24,1.65,12.13,9.89,9.41,37.69,249.0,30.0,33.39,29.7,0,0,
BANK_042,George Group Rural Bank,Central,Medium,Moderate,6,2022,Q2,2022-Q2,238.0,32.56,77.9,84.34,11.42,11.59,188.84,32.73,13.68,22.25,17.23,44.66,13.54,12.86,5.4,39.49,10.69,12.89,51.84,80.0,18.0,31.49,21.79,0,0,
BANK_042,George Group Rural Bank,Central,Medium,Moderate,7,2022,Q3,2022-Q3,259.21,35.93,87.17,80.72,10.68,10.67,192.65,33.63,13.86,17.86,10.03,41.9,13.23,4.51,1.74,12.54,4.62,14.21,57.19,205.0,28.0,40.86,29.67,0,0,
BANK_042,George Group Rural Bank,Central,Medium,Moderate,8,2022,Q4,2022-Q4,256.34,35.55,83.27,153.53,20.65,18.31,193.66,32.49,13.87,11.66,8.26,79.28,13.45,5.25,2.05,14.76,11.91,17.97,78.64,208.0,36.0,40.8,,0,0,
BANK_042,George Group Rural Bank,Central,Medium,Moderate,9,2023,Q1,2023-Q1,278.44,38.86,93.22,140.07,18.43,21.64,212.08,33.48,13.96,23.47,11.21,66.05,13.16,11.13,4.0,28.63,7.8,13.51,31.19,75.0,29.0,36.22,9.5,0,0,
BANK_042,George Group Rural Bank,Central,Medium,Moderate,10,2023,Q2,2023-Q2,295.05,41.09,99.91,144.96,20.0,13.28,207.44,33.86,13.93,17.84,9.57,69.88,13.8,12.28,4.16,29.89,8.87,20.31,50.24,163.0,36.0,55.42,33.58,0,0,
BANK_042,George Group Rural Bank,Central,Medium,Moderate,11,2023,Q3,2023-Q3,314.66,43.61,107.9,115.45,15.83,8.8,259.15,34.29,13.86,22.23,14.3,44.55,13.71,4.29,1.36,9.83,2.91,16.16,38.76,232.0,20.0,40.61,32.84,0,0,
BANK_042,George Group Rural Bank,Central,Medium,Moderate,12,2023,Q4,2023-Q4,288.01,40.1,100.73,138.6,19.4,20.45,215.36,34.98,13.92,24.62,16.96,64.36,13.99,13.99,4.86,34.89,9.7,20.99,,122.0,,41.99,10.33,0,0,
BANK_043,Rodriguez LLC Rural Bank,Central,Small,Moderate,1,2021,Q1,2021-Q1,18.67,2.88,4.56,13.44,1.61,1.76,15.68,24.4,15.41,14.63,13.52,85.74,12.0,0.54,2.9,18.8,8.16,0.68,67.67,73.0,7.0,57.89,23.25,0,0,
BANK_043,Rodriguez LLC Rural Bank,Central,Small,Moderate,2,2021,Q2,2021-Q2,18.93,2.87,4.63,7.79,0.95,0.8,13.47,24.48,15.18,23.4,15.13,57.8,12.21,0.97,5.12,33.71,3.47,1.24,58.31,40.0,10.0,48.42,10.4,0,0,
BANK_043,Rodriguez LLC Rural Bank,Central,Small,Moderate,3,2021,Q3,2021-Q3,19.27,2.93,4.68,9.31,1.14,1.18,16.2,24.29,15.23,19.96,19.0,57.44,12.21,0.76,3.95,25.95,6.9,0.61,,53.0,,34.32,33.98,0,0,
BANK_043,Rodriguez LLC Rural Bank,Central,Small,Moderate,4,2021,Q4,2021-Q4,20.46,3.13,4.68,10.42,1.31,0.84,14.36,22.87,15.32,12.59,19.05,72.54,12.6,0.72,3.52,22.98,11.76,1.24,90.85,,4.0,29.0,28.1,0,0,
BANK_043,Rodriguez LLC Rural Bank,Central,Small,Moderate,5,2022,Q1,2022-Q1,21.51,3.33,5.3,6.51,0.8,0.47,16.02,24.62,15.49,14.25,19.9,40.64,12.34,0.22,1.01,6.51,8.43,,87.52,75.0,8.0,38.04,9.11,0,0,
BANK_043,Rodriguez LLC Rural Bank,Central,Small,Moderate,6,2022,Q2,2022-Q2,23.79,3.67,6.17,16.77,1.91,1.77,18.57,25.92,15.41,19.95,17.32,90.31,11.39,0.7,2.93,19.01,4.43,1.76,78.29,91.0,12.0,59.57,10.77,0,0,
BANK_043,Rodriguez LLC Rural Bank,Central,Small,Moderate,7,2022,Q3,2022-Q3,24.62,3.77,6.53,13.46,1.47,1.67,19.57,26.53,15.31,8.36,6.94,68.77,10.93,0.65,2.63,17.18,9.19,1.68,57.05,21.0,10.0,17.84,8.24,0,0,
BANK_043,Rodriguez LLC Rural Bank,Central,Small,Moderate,8,2022,Q4,2022-Q4,22.08,3.42,5.84,12.49,1.41,0.97,18.7,26.45,15.47,13.14,10.22,66.77,11.27,0.53,2.4,15.51,7.32,1.33,61.77,52.0,4.0,36.71,15.23,0,0,
BANK_043,Rodriguez LLC Rural Bank,Central,Small,Moderate,9,2023,Q1,2023-Q1,25.7,3.99,7.03,13.17,1.42,1.37,20.13,27.36,15.54,20.7,14.5,65.44,10.76,1.4,5.43,34.97,11.58,0.78,94.37,74.0,10.0,15.68,30.84,0,0,
BANK_043,Rodriguez LLC Rural Bank,Central,Small,Moderate,10,2023,Q2,2023-Q2,26.54,4.11,7.24,15.34,1.65,1.33,20.31,27.27,15.51,10.1,5.23,75.53,10.76,0.9,3.37,21.76,8.25,1.89,74.11,25.0,5.0,27.96,32.45,0,0,
BANK_043,Rodriguez LLC Rural Bank,Central,Small,Moderate,11,2023,Q3,2023-Q3,26.15,4.09,7.12,19.43,2.13,1.78,21.79,27.24,15.66,11.02,6.07,89.18,10.94,0.88,3.37,21.52,6.95,1.43,65.02,40.0,6.0,34.54,8.93,0,0,
BANK_043,Rodriguez LLC Rural Bank,Central,Small,Moderate,12,2023,Q4,2023-Q4,28.52,4.46,7.75,13.89,1.53,1.2,22.18,27.16,15.63,15.57,17.42,62.64,10.99,1.51,5.31,33.96,6.62,0.89,44.79,58.0,7.0,53.72,21.26,0,0,
BANK_044,Allen-Allen Rural Bank,Ashanti,Medium,Moderate,1,2021,Q1,2021-Q1,153.45,28.12,50.36,75.43,7.14,4.82,116.87,32.82,18.33,13.66,11.59,64.55,9.46,2.65,1.73,9.43,2.97,4.71,57.49,87.0,5.0,38.4,25.4,0,0,
BANK_044,Allen-Allen Rural Bank,Ashanti,Medium,Moderate,2,2021,Q2,2021-Q2,153.69,27.93,48.76,115.86,11.27,10.36,122.97,31.73,18.17,11.6,16.15,94.22,9.73,8.05,5.24,28.81,6.27,12.0,76.99,178.0,28.0,36.51,20.16,0,0,
BANK_044,Allen-Allen Rural Bank,Ashanti,Medium,Moderate,3,2021,Q3,2021-Q3,156.74,28.72,52.25,118.07,11.68,7.2,132.67,33.34,18.33,19.99,18.46,89.0,9.89,3.85,2.45,13.39,4.83,6.57,86.88,223.0,25.0,36.28,25.16,0,0,
BANK_044,Allen-Allen Rural Bank,Ashanti,Medium,Moderate,4,2021,Q4,2021-Q4,151.03,28.18,53.67,72.7,7.08,8.34,119.07,35.54,18.66,9.43,10.69,61.05,9.74,4.02,2.66,14.25,6.19,4.66,53.72,104.0,21.0,30.14,26.79,0,0,
BANK_044,Allen-Allen Rural Bank,Ashanti,Medium,Moderate,5,2022,Q1,2022-Q1,145.22,27.11,52.31,54.52,5.33,6.11,119.93,36.02,18.67,21.48,16.25,45.46,9.77,8.09,5.57,29.85,8.66,6.07,88.14,86.0,11.0,27.2,14.13,0,0,
BANK_044,Allen-Allen Rural Bank,Ashanti,Medium,Moderate,6,2022,Q2,2022-Q2,174.8,32.68,63.75,66.12,6.34,5.89,147.39,36.47,18.69,21.24,18.89,44.86,9.59,7.63,4.36,23.34,6.97,5.6,67.98,59.0,24.0,51.02,22.55,0,0,
BANK_044,Allen-Allen Rural Bank,Ashanti,Medium,Moderate,7,2022,Q3,2022-Q3,174.52,32.65,64.22,113.6,10.89,12.73,148.12,36.8,18.71,19.35,16.23,76.7,9.58,2.25,1.29,6.9,8.58,12.94,67.51,120.0,31.0,50.21,21.33,0,0,
BANK_044,Allen-Allen Rural Bank,Ashanti,Medium,Moderate,8,2022,Q4,2022-Q4,163.95,30.47,58.92,102.58,10.03,10.02,121.63,35.94,18.59,8.06,16.08,84.33,9.77,2.13,1.3,6.98,2.04,10.21,57.13,109.0,34.0,23.68,16.68,0,0,
BANK_044,Allen-Allen Rural Bank,Ashanti,Medium,Moderate,9,2023,Q1,2023-Q1,166.46,31.15,59.22,60.52,6.1,4.13,136.25,35.58,18.71,15.18,13.32,44.42,10.08,8.12,4.88,26.08,11.74,5.49,82.81,110.0,22.0,28.05,23.4,0,0,
BANK_044,Allen-Allen Rural Bank,Ashanti,Medium,Moderate,10,2023,Q2,2023-Q2,164.68,30.44,56.46,66.32,6.5,6.61,137.93,34.29,18.49,24.46,5.57,48.08,9.8,5.19,3.15,17.06,10.3,12.97,86.78,95.0,5.0,37.14,20.94,0,0,
BANK_044,Allen-Allen Rural Bank,Ashanti,Medium,Moderate,11,2023,Q3,2023-Q3,162.58,29.79,57.77,80.06,8.12,8.44,121.55,35.53,18.32,10.66,16.48,65.87,10.15,7.57,4.66,25.42,7.99,5.35,80.53,126.0,15.0,35.16,15.39,0,0,
BANK_044,Allen-Allen Rural Bank,Ashanti,Medium,Moderate,12,2023,Q4,2023-Q4,172.89,31.5,60.85,126.45,12.9,11.79,135.41,35.19,18.22,18.76,6.87,93.38,10.2,2.13,1.23,6.77,4.43,12.06,33.23,221.0,26.0,34.55,15.39,0,0,
BANK_045,"Arroyo, Miller and Tucker Rural Bank",Volta,Small,Moderate,1,2021,Q1,2021-Q1,5.87,1.53,1.83,2.63,0.16,0.13,4.61,31.19,26.15,16.0,7.14,57.02,5.95,0.33,5.7,21.78,10.48,0.27,56.0,,10.0,27.91,,0,0,
BANK_045,"Arroyo, Miller and Tucker Rural Bank",Volta,Small,Moderate,2,2021,Q2,2021-Q2,5.68,1.51,1.79,2.88,0.17,0.11,4.67,31.47,26.57,22.7,14.68,61.75,5.85,0.21,3.74,14.08,11.5,0.19,49.19,35.0,9.0,32.23,9.72,0,0,
BANK_045,"Arroyo, Miller and Tucker Rural Bank",Volta,Small,Moderate,3,2021,Q3,2021-Q3,6.2,1.68,1.92,3.34,0.19,0.14,5.04,31.01,27.14,20.69,9.12,66.39,5.67,0.32,5.12,18.85,5.76,0.28,87.81,99.0,10.0,59.55,24.8,0,0,
BANK_045,"Arroyo, Miller and Tucker Rural Bank",Volta,Small,Moderate,4,2021,Q4,2021-Q4,6.3,1.74,2.01,2.49,0.14,0.1,5.19,31.9,27.54,10.62,11.49,47.93,5.63,0.14,2.23,8.11,4.55,0.38,91.43,23.0,2.0,42.01,13.52,0,0,
BANK_045,"Arroyo, Miller and Tucker Rural Bank",Volta,Small,Moderate,5,2022,Q1,2022-Q1,6.28,1.74,2.02,2.49,0.14,0.11,4.54,32.13,27.75,15.84,9.35,54.82,5.54,0.07,1.08,3.91,2.17,0.35,75.24,95.0,4.0,19.65,6.56,0,0,
BANK_045,"Arroyo, Miller and Tucker Rural Bank",Volta,Small,Moderate,6,2022,Q2,2022-Q2,7.25,1.99,2.35,4.11,0.23,0.17,5.3,32.38,27.46,16.48,17.61,77.55,5.57,0.41,5.7,20.74,9.35,0.49,46.4,53.0,3.0,42.29,8.11,0,0,
BANK_045,"Arroyo, Miller and Tucker Rural Bank",Volta,Small,Moderate,7,2022,Q3,2022-Q3,7.59,2.09,2.56,2.55,0.14,0.14,5.34,33.7,27.58,13.16,13.0,47.76,5.63,0.27,3.51,12.71,9.47,0.4,69.09,83.0,4.0,17.97,20.95,0,0,
BANK_045,"Arroyo, Miller and Tucker Rural Bank",Volta,Small,Moderate,8,2022,Q4,2022-Q4,7.51,2.08,2.52,2.42,0.14,0.14,5.54,33.51,27.68,21.26,14.59,43.7,5.78,0.21,2.74,9.91,5.22,0.43,85.98,37.0,14.0,41.96,34.76,0,0,
BANK_045,"Arroyo, Miller and Tucker Rural Bank",Volta,Small,Moderate,9,2023,Q1,2023-Q1,7.87,2.18,2.61,5.18,0.3,0.33,6.53,33.13,27.73,14.77,11.68,79.27,5.77,0.19,2.45,8.83,9.96,0.37,30.21,96.0,9.0,51.88,29.76,0,0,
BANK_045,"Arroyo, Miller and Tucker Rural Bank",Volta,Small,Moderate,10,2023,Q2,2023-Q2,7.59,2.08,2.42,4.36,0.25,0.22,5.87,31.86,27.41,15.96,14.88,74.27,5.74,0.12,1.61,5.87,8.5,0.26,54.58,76.0,2.0,40.65,15.04,0,0,
BANK_045,"Arroyo, Miller and Tucker Rural Bank",Volta,Small,Moderate,11,2023,Q3,2023-Q3,7.74,2.14,2.4,4.17,0.23,0.16,6.05,30.98,27.6,13.84,19.96,68.86,5.59,0.25,3.28,11.87,3.92,0.32,47.65,55.0,10.0,53.53,13.61,0,0,
BANK_045,"Arroyo, Miller and Tucker Rural Bank",Volta,Small,Moderate,12,2023,Q4,2023-Q4,7.85,2.14,2.44,2.55,0.14,0.1,6.29,31.06,27.28,11.82,18.42,40.54,5.43,0.42,5.33,19.54,6.82,0.46,68.59,71.0,8.0,15.8,,0,0,
BANK_046,Spence PLC Rural Bank,Greater Accra,Small,Conservative,1,2021,Q1,2021-Q1,13.27,3.05,3.73,6.9,0.52,0.38,9.71,28.13,22.96,23.7,5.85,71.01,7.59,0.41,3.06,13.31,11.63,0.41,49.91,73.0,13.0,26.54,32.91,0,0,
BANK_046,Spence PLC Rural Bank,Greater Accra,Small,Conservative,2,2021,Q2,2021-Q2,14.15,3.26,4.05,6.12,0.47,0.24,11.84,28.62,23.05,9.87,10.96,51.67,7.7,0.55,3.86,16.76,2.24,0.71,49.72,77.0,2.0,36.99,22.37,0,0,
BANK_046,Spence PLC Rural Bank,Greater Accra,Small,Conservative,3,2021,Q3,2021-Q3,13.16,3.08,3.76,8.44,0.67,0.67,10.88,28.6,23.44,21.0,9.57,77.54,7.89,0.24,1.84,7.86,6.2,0.71,46.66,62.0,5.0,45.94,19.11,0,0,
BANK_046,Spence PLC Rural Bank,Greater Accra,Small,Conservative,4,2021,Q4,2021-Q4,13.21,3.1,3.85,5.92,0.48,0.44,9.88,29.15,23.43,11.07,10.89,59.93,8.06,0.49,3.73,15.92,4.75,0.88,84.11,77.0,11.0,38.06,26.36,0,0,
BANK_046,Spence PLC Rural Bank,Greater Accra,Small,Conservative,5,2022,Q1,2022-Q1,14.73,3.42,4.26,4.92,0.38,0.39,11.22,28.94,23.21,9.25,8.89,43.84,7.82,0.3,2.07,8.92,9.49,0.76,,65.0,14.0,41.9,5.45,0,0,
BANK_046,Spence PLC Rural Bank,Greater Accra,Small,Conservative,6,2022,Q2,2022-Q2,14.34,3.32,4.1,4.97,0.39,0.28,10.87,28.57,23.12,24.86,18.87,45.72,7.94,0.17,1.15,4.98,3.28,0.59,,90.0,2.0,16.46,27.34,0,0,
BANK_046,Spence PLC Rural Bank,Greater Accra,Small,Conservative,7,2022,Q3,2022-Q3,14.42,3.33,4.15,9.27,0.73,0.71,10.8,28.75,23.1,13.38,10.53,85.8,7.93,0.68,4.72,20.44,3.36,1.08,,48.0,14.0,41.03,15.97,0,0,
BANK_046,Spence PLC Rural Bank,Greater Accra,Small,Conservative,8,2022,Q4,2022-Q4,13.02,3.02,3.65,9.14,0.76,0.77,9.64,28.02,23.19,16.92,6.42,94.83,8.37,0.79,6.08,26.24,7.53,0.41,69.25,,12.0,53.55,19.46,0,0,
BANK_046,Spence PLC Rural Bank,Greater Accra,Small,Conservative,9,2023,Q1,2023-Q1,13.04,3.04,3.59,6.37,0.54,0.28,10.32,27.55,23.28,22.14,12.38,61.67,8.43,0.24,1.82,7.82,7.15,0.56,76.97,45.0,11.0,27.82,27.57,0,0,
BANK_046,Spence PLC Rural Bank,Greater Accra,Small,Conservative,10,2023,Q2,2023-Q2,12.64,2.94,3.55,9.78,0.82,0.56,10.7,28.09,23.28,18.98,7.79,91.4,8.41,0.2,1.59,6.81,11.48,0.52,94.98,59.0,12.0,15.1,31.66,0,0,
BANK_046,Spence PLC Rural Bank,Greater Accra,Small,Conservative,11,2023,Q3,2023-Q3,13.91,3.2,3.94,5.23,0.42,0.35,10.66,28.34,23.0,13.4,17.1,49.03,7.97,0.37,2.69,11.7,8.69,0.86,,91.0,13.0,37.91,18.0,0,0,
BANK_046,Spence PLC Rural Bank,Greater Accra,Small,Conservative,12,2023,Q4,2023-Q4,15.6,3.56,4.64,6.34,0.51,0.4,12.49,29.74,22.8,16.94,15.07,50.79,8.06,0.88,5.64,24.73,7.95,0.98,34.15,33.0,5.0,39.27,28.3,0,0,
BANK_047,Anderson Group Rural Bank,Ashanti,Small,Moderate,1,2021,Q1,2021-Q1,19.46,3.08,5.73,8.85,0.94,0.57,16.39,29.44,15.84,20.27,8.84,54.0,10.63,0.84,4.32,27.25,3.35,0.98,36.94,85.0,10.0,37.82,15.29,0,0,
BANK_047,Anderson Group Rural Bank,Ashanti,Small,Moderate,2,2021,Q2,2021-Q2,20.94,3.32,6.06,11.32,1.25,1.08,15.91,28.94,15.88,17.35,5.66,71.18,11.03,0.31,1.46,9.19,3.32,1.34,73.88,98.0,11.0,37.2,30.72,0,0,
BANK_047,Anderson Group Rural Bank,Ashanti,Small,Moderate,3,2021,Q3,2021-Q3,20.76,3.27,6.07,7.74,0.92,0.72,16.91,29.22,15.73,15.83,9.31,45.76,11.85,0.33,1.57,9.95,8.73,1.07,83.09,35.0,4.0,44.06,30.38,0,0,
BANK_047,Anderson Group Rural Bank,Ashanti,Small,Moderate,4,2021,Q4,2021-Q4,23.29,3.66,7.0,17.86,2.07,2.25,18.9,30.07,15.7,14.89,19.99,94.46,11.62,1.33,5.72,36.47,2.81,1.21,66.13,52.0,4.0,41.68,27.68,0,0,
BANK_047,Anderson Group Rural Bank,Ashanti,Small,Moderate,5,2022,Q1,2022-Q1,22.22,3.51,6.77,8.74,1.04,0.87,16.14,30.47,15.81,17.03,15.97,54.13,11.9,0.55,2.46,15.57,6.95,0.81,,84.0,10.0,39.22,28.77,0,0,
BANK_047,Anderson Group Rural Bank,Ashanti,Small,Moderate,6,2022,Q2,2022-Q2,22.58,3.57,7.0,14.33,1.62,1.31,18.95,30.98,15.8,21.72,7.41,75.62,11.34,0.5,2.23,14.11,4.54,1.38,64.81,24.0,3.0,43.94,18.95,0,0,
BANK_047,Anderson Group Rural Bank,Ashanti,Small,Moderate,7,2022,Q3,2022-Q3,22.54,3.55,7.08,8.67,0.99,0.67,18.9,31.41,15.76,8.54,11.22,45.87,11.38,0.56,2.47,15.67,7.85,1.15,93.0,24.0,9.0,53.62,19.42,0,0,
BANK_047,Anderson Group Rural Bank,Ashanti,Small,Moderate,8,2022,Q4,2022-Q4,21.83,3.44,6.68,16.58,1.98,2.35,17.98,30.62,15.75,13.95,18.68,92.2,11.93,0.51,2.36,14.97,7.47,0.86,32.12,95.0,14.0,22.32,17.23,0,0,
BANK_047,Anderson Group Rural Bank,Ashanti,Small,Moderate,9,2023,Q1,2023-Q1,22.81,3.63,7.13,15.41,1.84,1.14,19.04,31.24,15.91,23.52,10.92,80.93,11.94,0.32,1.4,8.81,9.22,0.84,,52.0,4.0,56.52,5.08,0,0,
BANK_047,Anderson Group Rural Bank,Ashanti,Small,Moderate,10,2023,Q2,2023-Q2,25.43,4.0,7.65,16.3,1.89,1.86,19.94,30.08,15.75,23.4,8.79,81.73,11.59,0.39,1.52,9.66,7.71,1.09,82.09,25.0,10.0,22.87,22.89,0,0,
BANK_047,Anderson Group Rural Bank,Ashanti,Small,Moderate,11,2023,Q3,2023-Q3,26.56,4.21,8.03,15.16,1.79,1.58,22.14,30.22,15.85,16.6,16.29,68.48,11.83,0.55,2.05,12.95,7.45,0.98,86.53,74.0,14.0,19.14,,0,0,
BANK_047,Anderson Group Rural Bank,Ashanti,Small,Moderate,12,2023,Q4,2023-Q4,26.48,4.24,7.96,18.0,2.15,1.12,20.61,30.05,16.0,23.22,11.99,87.34,11.97,0.32,1.21,7.58,8.66,,75.9,22.0,12.0,35.97,7.8,0,0,
BANK_048,"Martin, Rose and Obrien Rural Bank",Greater Accra,Small,Aggressive,1,2021,Q1,2021-Q1,36.81,6.91,3.81,11.47,1.08,0.61,28.07,10.35,18.76,18.72,7.86,40.86,9.46,1.33,3.61,19.24,2.69,2.89,87.67,40.0,3.0,57.41,18.83,1,0,Low Liquidity; 
BANK_048,"Martin, Rose and Obrien Rural Bank",Greater Accra,Small,Aggressive,2,2021,Q2,2021-Q2,36.69,6.75,3.96,14.73,1.42,1.57,29.91,10.8,18.39,10.25,16.59,49.26,9.64,1.46,3.97,21.56,6.49,1.88,46.42,49.0,3.0,26.32,13.16,1,0,Low Liquidity; 
BANK_048,"Martin, Rose and Obrien Rural Bank",Greater Accra,Small,Aggressive,3,2021,Q3,2021-Q3,34.47,6.38,3.78,14.3,1.34,1.58,25.29,10.97,18.51,24.38,6.23,56.54,9.39,1.11,3.21,17.37,9.95,1.06,,,4.0,17.75,,1,0,Low Liquidity; 
BANK_048,"Martin, Rose and Obrien Rural Bank",Greater Accra,Small,Aggressive,4,2021,Q4,2021-Q4,34.57,6.21,3.78,17.1,1.63,1.69,26.64,10.94,17.97,19.71,10.71,64.2,9.53,1.63,4.73,26.3,9.34,1.85,43.74,62.0,14.0,41.48,5.33,1,0,Low Liquidity; 
BANK_048,"Martin, Rose and Obrien Rural Bank",Greater Accra,Small,Aggressive,5,2022,Q1,2022-Q1,35.76,6.42,4.1,17.78,1.61,1.77,28.43,11.48,17.96,24.2,9.78,62.54,9.04,1.1,3.07,17.08,3.72,2.53,56.21,94.0,14.0,20.17,33.7,1,0,Low Liquidity; 
BANK_048,"Martin, Rose and Obrien Rural Bank",Greater Accra,Small,Aggressive,6,2022,Q2,2022-Q2,39.06,6.92,4.52,27.64,2.55,2.18,31.1,11.57,17.73,14.98,5.52,88.89,9.22,2.06,5.28,29.8,9.42,3.03,91.11,50.0,7.0,26.52,24.82,1,0,Low Liquidity; 
BANK_048,"Martin, Rose and Obrien Rural Bank",Greater Accra,Small,Aggressive,7,2022,Q3,2022-Q3,42.01,7.41,4.75,14.24,1.33,0.8,30.7,11.3,17.63,10.72,6.82,46.4,9.33,0.44,1.04,5.87,9.82,2.97,40.53,79.0,7.0,25.78,23.64,1,0,Low Liquidity; 
BANK_048,"Martin, Rose and Obrien Rural Bank",Greater Accra,Small,Aggressive,8,2022,Q4,2022-Q4,39.39,6.9,4.33,25.97,2.61,1.33,27.99,10.99,17.51,16.47,5.71,92.75,10.05,1.15,2.92,16.68,7.8,1.63,34.22,70.0,7.0,43.01,,1,0,Low Liquidity; 
BANK_048,"Martin, Rose and Obrien Rural Bank",Greater Accra,Small,Aggressive,9,2023,Q1,2023-Q1,41.85,7.19,4.53,18.78,1.86,1.35,31.06,10.83,17.17,11.39,13.9,60.48,9.91,1.72,4.11,23.92,7.69,2.06,51.18,39.0,8.0,56.35,25.57,1,0,Low Liquidity; 
BANK_048,"Martin, Rose and Obrien Rural Bank",Greater Accra,Small,Aggressive,10,2023,Q2,2023-Q2,43.32,7.48,4.48,14.93,1.51,1.54,34.37,10.34,17.26,21.32,10.27,43.46,10.12,1.08,2.5,14.48,7.12,2.64,83.27,80.0,14.0,15.36,18.12,1,0,Low Liquidity; 
BANK_048,"Martin, Rose and Obrien Rural Bank",Greater Accra,Small,Aggressive,11,2023,Q3,2023-Q3,44.59,7.67,4.78,30.76,3.04,1.64,32.42,10.71,17.2,8.89,18.67,94.89,9.88,1.34,3.02,17.53,11.32,1.98,57.77,28.0,8.0,46.34,13.13,1,0,Low Liquidity; 
BANK_048,"Martin, Rose and Obrien Rural Bank",Greater Accra,Small,Aggressive,12,2023,Q4,2023-Q4,48.57,8.31,5.04,27.65,2.76,3.0,36.87,10.39,17.12,17.49,5.16,75.01,9.99,0.51,1.05,6.13,6.61,2.58,65.35,73.0,2.0,37.59,22.65,1,0,Low Liquidity; 
BANK_049,Hickman Ltd Rural Bank,Upper West,Small,Conservative,1,2021,Q1,2021-Q1,20.45,4.64,7.14,9.92,0.28,0.21,17.27,34.89,22.7,24.51,8.42,57.46,2.78,1.2,5.86,25.81,7.8,0.61,88.54,65.0,6.0,52.31,16.99,0,0,
BANK_049,Hickman Ltd Rural Bank,Upper West,Small,Conservative,2,2021,Q2,2021-Q2,18.26,4.17,6.05,9.7,0.28,0.31,13.35,33.12,22.83,17.06,8.76,72.66,2.89,0.88,4.83,21.18,9.63,,45.98,89.0,7.0,16.99,12.34,0,0,
BANK_049,Hickman Ltd Rural Bank,Upper West,Small,Conservative,3,2021,Q3,2021-Q3,16.69,3.78,5.22,9.16,0.28,0.15,12.24,31.3,22.64,18.42,18.39,74.86,3.1,0.4,2.37,10.46,11.05,,44.56,88.0,5.0,28.8,30.03,0,0,
BANK_049,Hickman Ltd Rural Bank,Upper West,Small,Conservative,4,2021,Q4,2021-Q4,16.26,3.62,5.28,5.33,0.17,0.12,11.48,32.49,22.26,13.03,10.21,46.4,3.18,0.93,5.72,25.7,11.88,0.87,82.16,78.0,5.0,17.64,9.28,0,0,
BANK_049,Hickman Ltd Rural Bank,Upper West,Small,Conservative,5,2022,Q1,2022-Q1,16.47,3.69,5.36,6.18,0.2,0.1,13.11,32.55,22.42,19.64,14.97,47.19,3.28,0.19,1.14,5.1,9.07,1.02,39.64,81.0,2.0,52.19,12.86,0,0,
BANK_049,Hickman Ltd Rural Bank,Upper West,Small,Conservative,6,2022,Q2,2022-Q2,17.62,3.96,5.58,9.17,0.3,0.31,13.56,31.68,22.47,23.59,10.1,67.66,3.28,0.91,5.19,23.09,7.1,1.16,82.05,59.0,3.0,,30.27,0,0,
BANK_049,Hickman Ltd Rural Bank,Upper West,Small,Conservative,7,2022,Q3,2022-Q3,19.53,4.42,6.13,13.82,0.46,0.54,14.85,31.39,22.62,13.44,7.78,93.04,3.3,0.22,1.15,5.08,5.61,0.6,42.5,80.0,,18.94,21.74,0,0,
BANK_049,Hickman Ltd Rural Bank,Upper West,Small,Conservative,8,2022,Q4,2022-Q4,17.63,3.97,5.36,8.98,0.3,0.21,12.51,30.39,22.53,11.24,8.28,71.78,3.39,0.98,5.57,24.74,9.08,,54.93,45.0,6.0,15.83,26.74,0,0,
BANK_049,Hickman Ltd Rural Bank,Upper West,Small,Conservative,9,2023,Q1,2023-Q1,16.33,3.64,4.69,8.85,0.31,0.22,13.83,28.71,22.29,24.84,13.97,63.99,3.54,0.53,3.26,14.64,8.34,0.59,77.65,41.0,7.0,54.74,34.12,0,0,
BANK_049,Hickman Ltd Rural Bank,Upper West,Small,Conservative,10,2023,Q2,2023-Q2,17.58,3.91,5.04,12.1,0.44,0.48,13.97,28.66,22.23,13.05,5.8,86.62,3.63,0.87,4.95,22.25,2.99,1.25,73.9,27.0,10.0,41.12,22.84,0,0,
BANK_049,Hickman Ltd Rural Bank,Upper West,Small,Conservative,11,2023,Q3,2023-Q3,17.45,3.84,5.07,7.24,0.26,0.24,13.39,29.06,22.03,18.02,16.44,54.12,3.57,0.76,4.36,19.77,5.7,0.92,,,3.0,58.33,24.05,0,0,
BANK_049,Hickman Ltd Rural Bank,Upper West,Small,Conservative,12,2023,Q4,2023-Q4,17.9,3.98,5.12,11.46,0.41,0.47,12.8,28.6,22.24,18.76,9.98,89.54,3.54,0.67,3.72,16.74,9.05,0.91,79.27,51.0,12.0,27.03,13.33,0,0,
BANK_050,"Harris, Collins and Carney Rural Bank",Upper West,Small,Aggressive,1,2021,Q1,2021-Q1,28.51,4.98,2.24,12.57,2.01,1.79,20.94,7.85,17.48,17.46,14.72,60.04,15.99,0.71,2.47,14.16,5.92,1.25,90.54,,5.0,44.03,30.46,1,0,Low Liquidity; High NPL; 
BANK_050,"Harris, Collins and Carney Rural Bank",Upper West,Small,Aggressive,2,2021,Q2,2021-Q2,29.98,5.22,2.24,19.97,3.22,3.84,23.42,7.46,17.42,21.32,7.32,85.25,16.14,1.15,3.85,22.09,3.15,1.53,47.1,25.0,9.0,55.01,25.27,1,0,Low Liquidity; High NPL; 
BANK_050,"Harris, Collins and Carney Rural Bank",Upper West,Small,Aggressive,3,2021,Q3,2021-Q3,27.42,4.7,1.91,17.57,3.01,3.54,22.03,6.97,17.15,16.32,19.15,79.76,17.13,0.47,1.73,10.08,6.59,1.78,94.84,45.0,8.0,54.59,15.66,1,0,Low Liquidity; High NPL; 
BANK_050,"Harris, Collins and Carney Rural Bank",Upper West,Small,Aggressive,4,2021,Q4,2021-Q4,29.05,4.79,1.92,9.8,1.65,1.03,24.39,6.61,16.51,14.43,14.32,40.19,16.85,1.44,4.95,29.98,10.0,2.23,56.21,76.0,8.0,51.18,26.38,1,0,Low Liquidity; High NPL; 
BANK_050,"Harris, Collins and Carney Rural Bank",Upper West,Small,Aggressive,5,2022,Q1,2022-Q1,26.58,4.34,1.72,16.1,2.79,2.08,22.45,6.47,16.32,11.81,8.79,71.71,17.3,0.73,2.74,16.81,8.45,1.52,,47.0,7.0,19.59,,1,0,Low Liquidity; High NPL; 
BANK_050,"Harris, Collins and Carney Rural Bank",Upper West,Small,Aggressive,6,2022,Q2,2022-Q2,25.29,4.11,1.7,7.7,1.33,1.32,18.16,6.73,16.26,22.31,14.19,42.37,17.24,0.8,3.18,19.57,9.61,1.42,44.48,47.0,8.0,29.26,15.07,1,0,Low Liquidity; High NPL; 
BANK_050,"Harris, Collins and Carney Rural Bank",Upper West,Small,Aggressive,7,2022,Q3,2022-Q3,25.03,4.06,1.6,7.63,1.34,0.85,17.94,6.4,16.2,23.1,6.27,42.56,17.59,1.23,4.93,30.44,7.21,1.66,53.81,22.0,13.0,20.75,33.44,1,0,Low Liquidity; High NPL; 
BANK_050,"Harris, Collins and Carney Rural Bank",Upper West,Small,Aggressive,8,2022,Q4,2022-Q4,21.15,3.45,1.29,10.06,1.9,1.63,14.88,6.08,16.31,12.15,12.43,67.59,18.9,0.58,2.76,16.9,10.63,1.19,64.34,96.0,6.0,36.58,29.35,1,0,Low Liquidity; High NPL; 
BANK_050,"Harris, Collins and Carney Rural Bank",Upper West,Small,Aggressive,9,2023,Q1,2023-Q1,20.15,3.32,1.21,11.69,2.23,2.22,14.88,6.0,16.45,23.15,7.27,78.54,19.11,0.83,4.14,25.15,11.38,0.73,35.7,87.0,13.0,52.4,28.97,1,0,Low Liquidity; High NPL; 
BANK_050,"Harris, Collins and Carney Rural Bank",Upper West,Small,Aggressive,10,2023,Q2,2023-Q2,19.26,3.15,1.19,8.32,1.57,1.68,14.63,6.18,16.35,9.19,18.93,56.89,18.82,0.94,4.87,29.77,8.02,,59.79,42.0,8.0,35.25,22.51,1,0,Low Liquidity; High NPL; 
BANK_050,"Harris, Collins and Carney Rural Bank",Upper West,Small,Aggressive,11,2023,Q3,2023-Q3,19.72,3.22,1.26,10.88,2.05,2.13,13.87,6.37,16.32,22.21,7.18,78.45,18.86,0.29,1.47,9.02,10.22,1.09,87.56,90.0,2.0,32.23,20.79,1,0,Low Liquidity; High NPL; 
BANK_050,"Harris, Collins and Carney Rural Bank",Upper West,Small,Aggressive,12,2023,Q4,2023-Q4,19.25,3.17,1.23,9.1,1.69,1.04,14.92,6.38,16.48,15.75,8.78,60.97,18.57,0.95,4.95,30.01,5.81,1.1,87.97,93.0,4.0,16.96,14.16,1,0,Low Liquidity; High NPL; 
BANK_051,"Brooks, Lam and Hayes Rural Bank",Greater Accra,Small,Aggressive,1,2021,Q1,2021-Q1,36.31,10.5,4.7,12.57,2.6,3.11,30.23,12.94,28.92,15.07,6.16,41.57,20.72,0.64,1.77,6.11,3.16,2.14,53.68,26.0,,23.93,27.46,1,0,Low Liquidity; High NPL; 
BANK_051,"Brooks, Lam and Hayes Rural Bank",Greater Accra,Small,Aggressive,2,2021,Q2,2021-Q2,37.93,10.9,4.83,22.12,4.8,2.98,27.11,12.72,28.75,12.86,6.78,81.58,21.7,1.99,5.25,18.27,10.85,1.22,40.93,29.0,4.0,58.66,21.55,1,0,Low Liquidity; High NPL; 
BANK_051,"Brooks, Lam and Hayes Rural Bank",Greater Accra,Small,Aggressive,3,2021,Q3,2021-Q3,38.53,11.08,4.62,22.07,4.99,2.74,28.9,11.99,28.74,12.35,13.35,76.36,22.63,0.74,1.91,6.66,2.16,2.19,66.47,50.0,5.0,44.34,9.04,1,0,Low Liquidity; High NPL; 
BANK_051,"Brooks, Lam and Hayes Rural Bank",Greater Accra,Small,Aggressive,4,2021,Q4,2021-Q4,41.06,11.81,5.06,27.22,6.32,4.33,33.43,12.33,28.77,10.21,7.46,81.43,23.23,1.41,3.43,11.93,6.07,2.67,88.77,84.0,5.0,54.55,30.0,1,0,Low Liquidity; High NPL; 
BANK_051,"Brooks, Lam and Hayes Rural Bank",Greater Accra,Small,Aggressive,5,2022,Q1,2022-Q1,41.82,12.12,5.09,22.65,5.44,4.94,31.22,12.18,28.99,23.91,16.53,72.54,24.04,2.18,5.21,17.98,5.33,1.43,91.38,61.0,2.0,51.75,31.06,1,0,Low Liquidity; High NPL; 
BANK_051,"Brooks, Lam and Hayes Rural Bank",Greater Accra,Small,Aggressive,6,2022,Q2,2022-Q2,41.06,12.15,5.09,27.0,6.52,6.91,34.24,12.4,29.59,24.4,14.93,78.87,24.16,0.67,1.63,5.52,2.18,3.02,42.69,23.0,4.0,32.29,11.58,1,0,Low Liquidity; High NPL; 
BANK_051,"Brooks, Lam and Hayes Rural Bank",Greater Accra,Small,Aggressive,7,2022,Q3,2022-Q3,43.81,13.09,5.54,28.51,6.78,5.4,35.52,12.64,29.89,22.39,6.42,80.27,23.78,1.86,4.24,14.2,9.33,2.6,59.22,80.0,2.0,45.29,34.92,1,0,Low Liquidity; High NPL; 
BANK_051,"Brooks, Lam and Hayes Rural Bank",Greater Accra,Small,Aggressive,8,2022,Q4,2022-Q4,38.3,11.56,5.05,24.51,6.28,3.85,31.96,13.18,30.18,20.16,9.17,76.7,25.63,1.76,4.6,15.25,11.67,1.72,79.17,54.0,9.0,51.74,11.66,1,0,Low Liquidity; High NPL; 
BANK_051,"Brooks, Lam and Hayes Rural Bank",Greater Accra,Small,Aggressive,9,2023,Q1,2023-Q1,41.54,12.45,5.51,14.32,3.74,2.36,31.76,13.27,29.98,21.7,13.56,45.08,26.11,0.63,1.51,5.04,4.42,1.75,87.04,35.0,12.0,35.78,34.97,1,0,Low Liquidity; High NPL; 
BANK_051,"Brooks, Lam and Hayes Rural Bank",Greater Accra,Small,Aggressive,10,2023,Q2,2023-Q2,42.57,12.85,5.57,26.35,6.92,6.44,35.19,13.09,30.19,15.39,18.06,74.87,26.27,1.29,3.04,10.07,7.27,2.05,70.69,22.0,14.0,56.61,33.06,1,0,Low Liquidity; High NPL; 
BANK_051,"Brooks, Lam and Hayes Rural Bank",Greater Accra,Small,Aggressive,11,2023,Q3,2023-Q3,46.07,13.6,5.73,33.8,9.01,9.51,37.71,12.44,29.52,12.64,19.31,89.63,26.66,1.81,3.93,13.3,10.28,3.01,,66.0,14.0,42.09,28.57,1,0,Low Liquidity; High NPL; 
BANK_051,"Brooks, Lam and Hayes Rural Bank",Greater Accra,Small,Aggressive,12,2023,Q4,2023-Q4,50.45,15.05,6.32,25.28,6.61,4.42,38.9,12.53,29.83,10.63,15.75,64.99,26.14,2.65,5.25,17.58,4.75,1.86,,75.0,2.0,36.21,8.57,1,0,Low Liquidity; High NPL; 
BANK_052,Walker LLC Rural Bank,Ashanti,Medium,Conservative,1,2021,Q1,2021-Q1,177.45,51.61,55.19,90.91,4.36,3.25,141.37,31.1,29.09,9.09,19.38,64.31,4.8,8.86,4.99,17.16,4.41,9.41,61.24,162.0,31.0,46.13,24.89,0,0,
BANK_052,Walker LLC Rural Bank,Ashanti,Medium,Conservative,2,2021,Q2,2021-Q2,170.31,49.57,53.93,134.02,6.4,3.66,144.65,31.67,29.11,15.05,11.03,92.65,4.77,9.01,5.29,18.17,9.22,12.64,70.03,76.0,8.0,,22.01,0,0,
BANK_052,Walker LLC Rural Bank,Ashanti,Medium,Conservative,3,2021,Q3,2021-Q3,176.81,51.01,54.82,73.86,3.6,2.94,128.46,31.01,28.85,13.5,15.29,57.5,4.87,9.38,5.3,18.38,7.94,9.88,78.32,213.0,,34.8,16.38,0,0,
BANK_052,Walker LLC Rural Bank,Ashanti,Medium,Conservative,4,2021,Q4,2021-Q4,183.73,53.83,56.19,136.88,6.54,4.47,153.85,30.58,29.3,20.77,15.57,88.97,4.78,5.14,2.8,9.55,3.73,6.42,51.28,77.0,10.0,45.77,5.59,0,0,
BANK_052,Walker LLC Rural Bank,Ashanti,Medium,Conservative,5,2022,Q1,2022-Q1,182.55,53.98,54.01,108.43,5.25,5.92,137.65,29.58,29.57,21.48,6.32,78.77,4.84,6.78,3.72,12.57,6.22,11.12,58.85,,27.0,54.3,16.19,0,0,
BANK_052,Walker LLC Rural Bank,Ashanti,Medium,Conservative,6,2022,Q2,2022-Q2,200.79,60.07,62.92,67.11,3.15,1.91,161.49,31.34,29.92,9.76,11.02,41.56,4.7,7.34,3.66,12.22,6.02,10.33,92.91,194.0,18.0,15.86,6.02,0,0,
BANK_052,Walker LLC Rural Bank,Ashanti,Medium,Conservative,7,2022,Q3,2022-Q3,209.55,63.01,65.43,92.03,4.33,3.8,147.67,31.22,30.07,23.17,15.62,62.32,4.7,9.26,4.42,14.7,9.2,7.18,36.92,75.0,34.0,38.66,28.75,0,0,
BANK_052,Walker LLC Rural Bank,Ashanti,Medium,Conservative,8,2022,Q4,2022-Q4,196.18,59.36,59.76,78.12,3.83,4.36,143.37,30.46,30.26,13.59,18.11,54.49,4.9,9.06,4.62,15.26,8.76,13.8,49.27,152.0,26.0,16.18,16.3,0,0,
BANK_052,Walker LLC Rural Bank,Ashanti,Medium,Conservative,9,2023,Q1,2023-Q1,189.83,57.93,56.64,66.72,3.35,3.44,160.16,29.84,30.51,11.55,19.37,41.66,5.02,3.72,1.96,6.41,8.43,10.04,81.5,54.0,24.0,47.88,34.8,0,0,
BANK_052,Walker LLC Rural Bank,Ashanti,Medium,Conservative,10,2023,Q2,2023-Q2,190.2,58.46,58.25,111.42,5.55,4.76,148.07,30.63,30.73,14.86,6.62,75.25,4.98,5.56,2.92,9.51,4.26,5.87,67.37,92.0,11.0,20.64,10.69,0,0,
BANK_052,Walker LLC Rural Bank,Ashanti,Medium,Conservative,11,2023,Q3,2023-Q3,194.12,59.62,58.58,109.47,5.32,4.43,154.43,30.18,30.71,23.65,11.02,70.88,4.86,8.92,4.6,14.97,8.62,10.11,73.62,56.0,24.0,39.92,15.4,0,0,
BANK_052,Walker LLC Rural Bank,Ashanti,Medium,Conservative,12,2023,Q4,2023-Q4,201.55,61.56,59.09,67.68,3.38,3.19,154.4,29.32,30.54,21.13,5.81,43.83,4.99,5.28,2.62,8.57,9.41,14.74,52.44,117.0,34.0,17.24,15.51,0,0,
BANK_053,Chapman and Sons Rural Bank,Upper East,Medium,Conservative,1,2021,Q1,2021-Q1,67.8,5.86,20.98,34.69,0.8,0.88,54.45,30.94,8.64,24.46,6.69,63.72,2.31,3.95,5.82,67.38,9.73,5.19,75.96,229.0,12.0,,27.59,1,0,Low Capital; 
BANK_053,Chapman and Sons Rural Bank,Upper East,Medium,Conservative,2,2021,Q2,2021-Q2,73.41,6.33,22.1,34.15,0.78,0.68,60.46,30.11,8.62,11.85,18.16,56.49,2.3,2.85,3.88,45.0,7.79,2.96,81.72,176.0,15.0,25.45,31.36,1,0,Low Capital; 
BANK_053,Chapman and Sons Rural Bank,Upper East,Medium,Conservative,3,2021,Q3,2021-Q3,61.25,5.31,17.06,40.89,1.02,0.84,48.53,27.86,8.67,21.17,5.53,84.25,2.51,1.44,2.36,27.17,6.53,2.32,92.24,205.0,28.0,46.06,,1,0,Low Capital; 
BANK_053,Chapman and Sons Rural Bank,Upper East,Medium,Conservative,4,2021,Q4,2021-Q4,60.65,5.29,17.49,33.99,0.86,0.67,49.58,28.83,8.72,24.09,9.86,68.57,2.54,1.35,2.22,25.45,10.03,3.68,,50.0,,27.45,8.13,1,0,Low Capital; 
BANK_053,Chapman and Sons Rural Bank,Upper East,Medium,Conservative,5,2022,Q1,2022-Q1,62.45,5.41,17.4,39.1,0.95,0.82,45.44,27.86,8.67,21.76,14.22,86.06,2.43,2.32,3.72,42.86,10.47,3.49,69.25,137.0,31.0,56.57,24.17,1,0,Low Capital; 
BANK_053,Chapman and Sons Rural Bank,Upper East,Medium,Conservative,6,2022,Q2,2022-Q2,66.77,5.79,19.17,32.81,0.81,0.55,48.5,28.71,8.67,18.56,19.54,67.64,2.47,2.39,3.58,41.28,10.62,3.64,38.3,50.0,27.0,39.75,14.93,1,0,Low Capital; 
BANK_053,Chapman and Sons Rural Bank,Upper East,Medium,Conservative,7,2022,Q3,2022-Q3,68.84,5.89,18.56,30.47,0.72,0.49,52.1,26.97,8.56,22.45,6.5,58.49,2.36,1.88,2.73,31.91,4.3,2.67,50.97,63.0,6.0,42.23,23.57,1,0,Low Capital; 
BANK_053,Chapman and Sons Rural Bank,Upper East,Medium,Conservative,8,2022,Q4,2022-Q4,69.68,5.98,18.52,45.53,1.11,1.24,49.77,26.58,8.58,16.68,5.59,91.48,2.44,1.1,1.57,18.35,8.17,,80.44,,,31.86,,1,0,Low Capital; 
BANK_053,Chapman and Sons Rural Bank,Upper East,Medium,Conservative,9,2023,Q1,2023-Q1,68.77,5.97,17.55,47.45,1.14,1.16,51.23,25.52,8.68,15.59,13.57,92.62,2.41,0.89,1.29,14.84,3.69,4.78,72.14,,10.0,52.7,33.82,1,0,Low Capital; 
BANK_053,Chapman and Sons Rural Bank,Upper East,Medium,Conservative,10,2023,Q2,2023-Q2,72.32,6.28,18.12,53.01,1.28,1.22,57.64,25.06,8.69,24.76,14.27,91.97,2.42,1.45,2.0,23.05,7.98,4.99,52.03,125.0,33.0,33.19,23.74,1,0,Low Capital; 
BANK_053,Chapman and Sons Rural Bank,Upper East,Medium,Conservative,11,2023,Q3,2023-Q3,76.35,6.65,19.35,46.48,1.12,0.72,59.13,25.34,8.71,13.3,19.73,78.61,2.4,1.86,2.43,27.94,4.89,4.08,94.3,227.0,15.0,34.03,25.08,1,0,Low Capital; 
BANK_053,Chapman and Sons Rural Bank,Upper East,Medium,Conservative,12,2023,Q4,2023-Q4,75.11,6.4,18.86,35.8,0.86,0.78,57.77,25.11,8.52,19.91,5.19,61.97,2.41,3.2,4.27,50.09,2.49,2.64,38.36,68.0,10.0,45.98,29.93,1,0,Low Capital; 
BANK_054,"Robinson, Jones and Welch Rural Bank",Northern,Small,Aggressive,1,2021,Q1,2021-Q1,23.4,5.44,5.22,16.47,3.69,4.28,17.61,22.29,23.24,9.14,8.0,93.53,22.38,0.96,4.11,17.68,3.2,0.71,33.37,93.0,13.0,25.16,21.41,1,0,High NPL; 
BANK_054,"Robinson, Jones and Welch Rural Bank",Northern,Small,Aggressive,2,2021,Q2,2021-Q2,24.06,5.63,5.36,13.11,3.02,2.43,19.7,22.27,23.38,12.28,10.9,66.58,23.07,0.6,2.5,10.69,2.78,,39.63,84.0,7.0,49.43,33.63,1,0,High NPL; 
BANK_054,"Robinson, Jones and Welch Rural Bank",Northern,Small,Aggressive,3,2021,Q3,2021-Q3,20.02,4.69,4.49,14.58,3.66,1.87,16.61,22.41,23.44,20.72,19.03,87.77,25.1,0.32,1.59,6.77,4.6,1.15,59.36,21.0,12.0,54.55,25.46,1,0,High NPL; 
BANK_054,"Robinson, Jones and Welch Rural Bank",Northern,Small,Aggressive,4,2021,Q4,2021-Q4,22.1,5.18,4.77,12.81,3.22,3.28,15.89,21.58,23.45,8.06,6.8,80.59,25.18,0.46,2.07,8.81,7.38,1.25,71.45,44.0,9.0,23.54,10.61,1,0,High NPL; 
BANK_054,"Robinson, Jones and Welch Rural Bank",Northern,Small,Aggressive,5,2022,Q1,2022-Q1,24.55,5.8,5.06,9.01,2.24,1.75,19.27,20.63,23.62,11.04,6.81,46.75,24.92,0.22,0.88,3.71,10.53,1.61,74.89,63.0,11.0,57.11,24.97,1,0,High NPL; 
BANK_054,"Robinson, Jones and Welch Rural Bank",Northern,Small,Aggressive,6,2022,Q2,2022-Q2,25.72,5.98,5.46,14.12,3.56,2.25,20.0,21.22,23.24,9.07,11.63,70.6,25.2,0.77,2.99,12.86,2.16,1.18,53.92,50.0,14.0,28.68,12.96,1,0,High NPL; 
BANK_054,"Robinson, Jones and Welch Rural Bank",Northern,Small,Aggressive,7,2022,Q3,2022-Q3,26.67,6.13,5.74,14.26,3.67,1.94,19.29,21.5,22.99,15.14,7.31,73.9,25.75,0.84,3.15,13.69,9.91,1.42,66.89,,9.0,31.12,7.58,1,0,High NPL; 
BANK_054,"Robinson, Jones and Welch Rural Bank",Northern,Small,Aggressive,8,2022,Q4,2022-Q4,25.55,5.9,5.44,19.05,5.28,4.23,20.94,21.29,23.08,18.11,19.55,90.96,27.7,0.71,2.79,12.1,5.27,1.73,59.51,36.0,4.0,53.66,25.33,1,0,High NPL; 
BANK_054,"Robinson, Jones and Welch Rural Bank",Northern,Small,Aggressive,9,2023,Q1,2023-Q1,21.78,5.08,4.74,7.22,2.05,1.57,16.73,21.74,23.32,8.27,11.46,43.16,28.34,0.71,3.26,13.97,2.25,1.27,62.94,87.0,9.0,29.55,20.49,1,0,High NPL; 
BANK_054,"Robinson, Jones and Welch Rural Bank",Northern,Small,Aggressive,10,2023,Q2,2023-Q2,22.17,5.18,4.92,14.93,4.29,3.68,16.51,22.2,23.39,20.21,14.32,90.41,28.75,0.52,2.36,10.09,5.06,1.41,75.85,94.0,4.0,36.07,12.52,1,0,High NPL; 
BANK_054,"Robinson, Jones and Welch Rural Bank",Northern,Small,Aggressive,11,2023,Q3,2023-Q3,22.8,5.29,5.22,9.31,2.69,3.02,16.97,22.92,23.21,13.81,10.61,54.87,28.84,0.72,3.14,13.55,10.96,0.99,89.51,86.0,14.0,29.59,12.07,1,0,High NPL; 
BANK_054,"Robinson, Jones and Welch Rural Bank",Northern,Small,Aggressive,12,2023,Q4,2023-Q4,23.53,5.45,5.32,12.72,3.6,3.16,17.89,22.6,23.18,22.44,10.0,71.09,28.33,0.26,1.11,4.81,10.89,1.49,70.09,70.0,5.0,33.68,28.98,1,0,High NPL; 
BANK_055,Jones Inc Rural Bank,Upper East,Medium,Aggressive,1,2021,Q1,2021-Q1,95.96,17.6,23.83,58.8,9.96,5.78,73.18,24.83,18.34,13.14,5.29,80.35,16.93,3.98,4.15,22.64,7.81,6.65,49.1,201.0,17.0,33.5,25.18,1,0,High NPL; 
BANK_055,Jones Inc Rural Bank,Upper East,Medium,Aggressive,2,2021,Q2,2021-Q2,101.35,18.79,24.54,47.13,8.06,7.12,84.64,24.22,18.54,16.41,18.5,55.68,17.11,2.5,2.46,13.28,7.04,3.86,54.01,69.0,23.0,19.31,9.81,1,0,High NPL; 
BANK_055,Jones Inc Rural Bank,Upper East,Medium,Aggressive,3,2021,Q3,2021-Q3,85.94,15.81,20.46,54.9,10.47,9.14,61.08,23.81,18.4,19.34,17.63,89.88,19.07,2.06,2.4,13.02,6.9,4.26,35.83,175.0,21.0,27.38,19.21,1,0,High NPL; 
BANK_055,Jones Inc Rural Bank,Upper East,Medium,Aggressive,4,2021,Q4,2021-Q4,90.48,16.75,21.35,46.76,8.8,6.77,71.15,23.6,18.51,17.02,14.74,65.73,18.81,3.53,3.9,21.07,11.36,6.23,39.88,84.0,8.0,48.22,26.18,1,0,High NPL; 
BANK_055,Jones Inc Rural Bank,Upper East,Medium,Aggressive,5,2022,Q1,2022-Q1,94.21,17.5,23.27,56.14,10.69,9.57,78.3,24.7,18.57,20.29,17.4,71.7,19.04,2.79,2.96,15.95,2.97,3.01,61.14,169.0,7.0,27.91,14.66,1,0,High NPL; 
BANK_055,Jones Inc Rural Bank,Upper East,Medium,Aggressive,6,2022,Q2,2022-Q2,88.94,16.6,22.54,31.69,5.98,5.98,64.58,25.34,18.66,17.65,6.43,49.07,18.87,5.13,5.77,30.94,4.73,3.37,33.38,98.0,27.0,18.84,12.34,1,0,High NPL; 
BANK_055,Jones Inc Rural Bank,Upper East,Medium,Aggressive,7,2022,Q3,2022-Q3,93.4,17.62,23.82,28.23,5.13,4.01,66.24,25.5,18.86,20.22,6.04,42.62,18.18,4.91,5.25,27.85,6.35,5.3,90.57,71.0,33.0,22.17,19.52,1,0,High NPL; 
BANK_055,Jones Inc Rural Bank,Upper East,Medium,Aggressive,8,2022,Q4,2022-Q4,89.42,16.64,22.83,45.17,8.82,5.34,74.17,25.53,18.61,23.01,13.38,60.9,19.52,1.71,1.91,10.28,4.23,3.26,58.62,227.0,13.0,31.82,30.38,1,0,High NPL; 
BANK_055,Jones Inc Rural Bank,Upper East,Medium,Aggressive,9,2023,Q1,2023-Q1,99.3,18.6,25.72,57.89,11.24,11.1,72.9,25.9,18.73,10.01,8.21,79.41,19.42,2.1,2.11,11.29,3.4,4.92,48.47,196.0,8.0,48.84,6.37,1,0,High NPL; 
BANK_055,Jones Inc Rural Bank,Upper East,Medium,Aggressive,10,2023,Q2,2023-Q2,106.94,19.91,29.34,50.09,9.36,6.76,75.66,27.43,18.62,18.89,16.14,66.2,18.69,3.25,3.04,16.3,2.92,8.11,80.6,61.0,22.0,18.75,30.12,1,0,High NPL; 
BANK_055,Jones Inc Rural Bank,Upper East,Medium,Aggressive,11,2023,Q3,2023-Q3,107.88,20.17,30.32,34.94,6.34,4.15,83.72,28.1,18.69,13.56,5.31,41.74,18.14,2.06,1.91,10.21,5.91,6.25,74.52,242.0,35.0,40.66,27.02,1,0,High NPL; 
BANK_055,Jones Inc Rural Bank,Upper East,Medium,Aggressive,12,2023,Q4,2023-Q4,117.99,22.13,32.5,64.2,11.65,5.99,91.73,27.54,18.76,9.88,10.51,69.99,18.15,5.87,4.97,26.51,10.29,8.27,77.24,208.0,26.0,45.14,25.02,1,0,High NPL; 
BANK_056,Jones-Young Rural Bank,Upper East,Small,Moderate,1,2021,Q1,2021-Q1,28.13,4.5,9.7,12.4,1.02,0.71,21.98,34.49,15.99,12.4,15.95,56.43,8.2,0.72,2.57,16.05,3.62,2.0,68.13,69.0,12.0,30.43,10.81,0,0,
BANK_056,Jones-Young Rural Bank,Upper East,Small,Moderate,2,2021,Q2,2021-Q2,29.69,4.71,9.98,11.0,0.91,0.46,21.43,33.6,15.86,8.31,14.21,51.35,8.28,0.86,2.9,18.28,8.91,1.92,,75.0,8.0,,9.87,0,0,
BANK_056,Jones-Young Rural Bank,Upper East,Small,Moderate,3,2021,Q3,2021-Q3,25.16,4.09,7.69,15.16,1.32,0.89,18.65,30.54,16.26,15.32,7.92,81.25,8.74,0.92,3.65,22.42,9.44,1.72,40.31,67.0,13.0,,19.19,0,0,
BANK_056,Jones-Young Rural Bank,Upper East,Small,Moderate,4,2021,Q4,2021-Q4,26.45,4.36,8.11,12.69,1.11,0.71,20.53,30.65,16.49,15.04,6.51,61.81,8.78,1.06,4.03,24.42,4.13,1.18,85.55,99.0,6.0,21.7,28.8,0,0,
BANK_056,Jones-Young Rural Bank,Upper East,Small,Moderate,5,2022,Q1,2022-Q1,26.39,4.36,7.64,9.28,0.84,0.54,20.95,28.94,16.53,19.7,19.2,44.29,9.0,1.51,5.71,34.57,6.58,1.48,45.59,91.0,14.0,50.38,21.28,0,0,
BANK_056,Jones-Young Rural Bank,Upper East,Small,Moderate,6,2022,Q2,2022-Q2,30.73,5.0,8.69,20.7,1.85,1.36,24.6,28.27,16.27,17.62,12.38,84.13,8.94,0.74,2.39,14.72,3.17,1.93,85.32,94.0,14.0,50.15,9.19,0,0,
BANK_056,Jones-Young Rural Bank,Upper East,Small,Moderate,7,2022,Q3,2022-Q3,31.41,5.17,8.9,17.92,1.57,1.4,25.89,28.32,16.44,10.91,15.95,69.22,8.79,1.81,5.75,34.96,7.27,1.81,88.97,69.0,5.0,28.32,20.05,0,0,
BANK_056,Jones-Young Rural Bank,Upper East,Small,Moderate,8,2022,Q4,2022-Q4,29.79,4.92,8.15,9.69,0.9,0.54,22.05,27.36,16.5,9.7,19.44,43.95,9.24,1.17,3.94,23.85,6.11,1.96,61.66,54.0,7.0,54.23,16.86,0,0,
BANK_056,Jones-Young Rural Bank,Upper East,Small,Moderate,9,2023,Q1,2023-Q1,29.2,4.76,8.16,18.41,1.68,1.9,21.08,27.94,16.29,21.44,7.95,87.34,9.14,1.12,3.82,23.46,8.69,1.35,67.32,43.0,7.0,49.41,12.32,0,0,
BANK_056,Jones-Young Rural Bank,Upper East,Small,Moderate,10,2023,Q2,2023-Q2,30.0,4.94,8.68,22.1,2.06,2.35,24.07,28.94,16.46,12.22,12.98,91.81,9.31,1.19,3.97,24.08,6.0,0.92,38.14,45.0,9.0,54.67,28.73,0,0,
BANK_056,Jones-Young Rural Bank,Upper East,Small,Moderate,11,2023,Q3,2023-Q3,30.82,5.08,8.84,14.71,1.35,1.52,24.45,28.7,16.48,19.99,9.29,60.17,9.15,1.49,4.85,29.42,8.82,1.24,37.18,86.0,11.0,40.88,10.68,0,0,
BANK_056,Jones-Young Rural Bank,Upper East,Small,Moderate,12,2023,Q4,2023-Q4,30.75,5.07,9.26,13.47,1.25,1.09,23.57,30.1,16.49,15.69,6.78,57.15,9.3,1.8,5.84,35.41,2.5,1.2,72.09,30.0,9.0,40.55,34.13,0,0,
BANK_057,"Washington, Ryan and Cummings Rural Bank",Upper West,Small,Aggressive,1,2021,Q1,2021-Q1,44.75,12.89,3.68,28.25,5.3,5.32,32.19,8.22,28.8,18.76,6.7,87.75,18.76,0.5,1.13,3.91,4.93,3.4,41.16,25.0,7.0,53.28,,1,0,Low Liquidity; High NPL; 
BANK_057,"Washington, Ryan and Cummings Rural Bank",Upper West,Small,Aggressive,2,2021,Q2,2021-Q2,46.14,13.25,3.78,21.51,4.21,2.43,37.69,8.19,28.72,23.65,6.77,57.09,19.58,2.6,5.63,19.6,3.55,,94.34,58.0,9.0,42.72,28.69,1,0,Low Liquidity; High NPL; 
BANK_057,"Washington, Ryan and Cummings Rural Bank",Upper West,Small,Aggressive,3,2021,Q3,2021-Q3,39.96,11.54,3.22,29.01,5.98,6.53,32.88,8.05,28.87,15.05,8.55,88.23,20.6,0.53,1.33,4.62,5.21,2.72,92.41,42.0,5.0,40.36,29.35,1,0,Low Liquidity; High NPL; 
BANK_057,"Washington, Ryan and Cummings Rural Bank",Upper West,Small,Aggressive,4,2021,Q4,2021-Q4,41.3,12.11,3.29,16.84,3.53,2.04,31.59,7.96,29.33,19.56,14.47,53.32,20.98,0.91,2.21,7.53,6.76,1.86,51.01,40.0,11.0,31.46,26.79,1,0,Low Liquidity; High NPL; 
BANK_057,"Washington, Ryan and Cummings Rural Bank",Upper West,Small,Aggressive,5,2022,Q1,2022-Q1,45.11,12.97,3.52,31.91,6.89,4.17,34.06,7.79,28.76,19.2,13.15,93.67,21.58,0.77,1.71,5.95,11.23,2.63,51.4,31.0,6.0,46.73,16.55,1,0,Low Liquidity; High NPL; 
BANK_057,"Washington, Ryan and Cummings Rural Bank",Upper West,Small,Aggressive,6,2022,Q2,2022-Q2,48.19,13.65,3.7,17.12,3.72,2.09,34.84,7.68,28.32,14.49,11.27,49.12,21.74,1.63,3.37,11.92,4.69,2.72,87.37,95.0,3.0,27.23,34.37,1,0,Low Liquidity; High NPL; 
BANK_057,"Washington, Ryan and Cummings Rural Bank",Upper West,Small,Aggressive,7,2022,Q3,2022-Q3,51.88,14.53,3.93,22.53,4.98,3.74,37.8,7.58,28.01,9.68,8.8,59.6,22.12,2.42,4.66,16.63,7.96,2.27,46.44,98.0,13.0,51.44,8.84,1,0,Low Liquidity; High NPL; 
BANK_057,"Washington, Ryan and Cummings Rural Bank",Upper West,Small,Aggressive,8,2022,Q4,2022-Q4,46.4,13.09,3.4,14.97,3.56,3.68,34.93,7.32,28.2,14.37,19.66,42.86,23.75,1.8,3.88,13.77,10.36,1.43,82.14,,2.0,17.05,,1,0,Low Liquidity; High NPL; 
BANK_057,"Washington, Ryan and Cummings Rural Bank",Upper West,Small,Aggressive,9,2023,Q1,2023-Q1,45.96,12.85,3.45,23.87,5.92,6.83,33.53,7.5,27.95,10.5,15.93,71.18,24.81,2.02,4.39,15.71,11.11,2.53,53.52,33.0,13.0,32.74,32.75,1,0,Low Liquidity; High NPL; 
BANK_057,"Washington, Ryan and Cummings Rural Bank",Upper West,Small,Aggressive,10,2023,Q2,2023-Q2,45.89,12.96,3.56,14.08,3.59,2.68,33.94,7.76,28.24,21.75,13.61,41.49,25.47,0.94,2.06,7.29,6.61,2.46,52.15,96.0,11.0,39.26,20.32,1,0,Low Liquidity; High NPL; 
BANK_057,"Washington, Ryan and Cummings Rural Bank",Upper West,Small,Aggressive,11,2023,Q3,2023-Q3,46.99,13.13,3.48,35.11,8.78,4.9,38.65,7.4,27.94,9.74,15.09,90.85,25.0,1.49,3.18,11.38,7.3,2.03,71.78,76.0,5.0,49.13,11.17,1,0,Low Liquidity; High NPL; 
BANK_057,"Washington, Ryan and Cummings Rural Bank",Upper West,Small,Aggressive,12,2023,Q4,2023-Q4,51.88,14.52,4.09,33.07,8.48,8.16,36.77,7.88,28.0,22.17,13.06,89.94,25.65,2.32,4.47,15.97,9.9,2.31,55.19,70.0,9.0,58.25,10.61,1,0,Low Liquidity; High NPL; 
BANK_058,"Johnston, Sanchez and Kennedy Rural Bank",Eastern,Small,Moderate,1,2021,Q1,2021-Q1,20.81,4.29,4.76,14.23,0.54,0.43,15.61,22.89,20.6,24.77,18.02,91.11,3.81,0.68,3.25,15.76,5.06,1.0,55.8,85.0,3.0,29.24,33.99,0,0,
BANK_058,"Johnston, Sanchez and Kennedy Rural Bank",Eastern,Small,Moderate,2,2021,Q2,2021-Q2,21.09,4.32,4.5,10.86,0.42,0.28,15.08,21.35,20.46,17.21,10.35,72.0,3.89,0.45,2.14,10.45,8.5,1.59,35.56,37.0,12.0,43.42,7.36,0,0,
BANK_058,"Johnston, Sanchez and Kennedy Rural Bank",Eastern,Small,Moderate,3,2021,Q3,2021-Q3,19.15,3.92,4.14,14.31,0.56,0.33,15.6,21.61,20.45,22.8,7.99,91.74,3.9,0.21,1.09,5.31,5.88,0.84,67.07,40.0,6.0,53.25,23.1,0,0,
BANK_058,"Johnston, Sanchez and Kennedy Rural Bank",Eastern,Small,Moderate,4,2021,Q4,2021-Q4,20.66,4.2,4.32,10.51,0.4,0.4,16.47,20.9,20.31,23.94,8.11,63.82,3.79,0.73,3.55,17.5,2.1,0.97,55.91,47.0,7.0,43.47,8.63,0,0,
BANK_058,"Johnston, Sanchez and Kennedy Rural Bank",Eastern,Small,Moderate,5,2022,Q1,2022-Q1,21.01,4.19,4.32,15.19,0.58,0.37,16.07,20.57,19.95,11.13,9.73,94.51,3.81,0.51,2.43,12.19,4.48,1.35,42.14,63.0,14.0,34.46,24.26,0,0,
BANK_058,"Johnston, Sanchez and Kennedy Rural Bank",Eastern,Small,Moderate,6,2022,Q2,2022-Q2,23.03,4.58,4.55,12.14,0.45,0.36,16.62,19.77,19.9,21.43,18.98,73.07,3.69,1.14,4.95,24.89,9.2,0.72,66.71,79.0,7.0,57.52,29.71,0,0,
BANK_058,"Johnston, Sanchez and Kennedy Rural Bank",Eastern,Small,Moderate,7,2022,Q3,2022-Q3,22.73,4.53,4.61,15.51,0.57,0.51,17.2,20.27,19.94,19.02,14.79,90.14,3.68,1.0,4.38,21.98,10.83,0.95,47.05,76.0,4.0,35.89,5.6,0,0,
BANK_058,"Johnston, Sanchez and Kennedy Rural Bank",Eastern,Small,Moderate,8,2022,Q4,2022-Q4,22.34,4.42,4.33,7.6,0.29,0.17,16.4,19.37,19.77,15.43,16.21,46.34,3.79,1.06,4.76,24.06,8.83,0.98,73.79,94.0,6.0,29.81,22.14,0,0,
BANK_058,"Johnston, Sanchez and Kennedy Rural Bank",Eastern,Small,Moderate,9,2023,Q1,2023-Q1,23.56,4.6,4.57,12.33,0.47,0.29,18.89,19.42,19.52,23.19,17.48,65.26,3.79,1.34,5.68,29.09,9.8,1.79,49.9,39.0,6.0,17.49,29.3,0,0,
BANK_058,"Johnston, Sanchez and Kennedy Rural Bank",Eastern,Small,Moderate,10,2023,Q2,2023-Q2,22.47,4.41,4.38,10.79,0.41,0.45,17.97,19.5,19.61,9.74,7.97,60.02,3.82,0.36,1.59,8.12,8.76,0.93,81.42,67.0,4.0,36.54,17.18,0,0,
BANK_058,"Johnston, Sanchez and Kennedy Rural Bank",Eastern,Small,Moderate,11,2023,Q3,2023-Q3,22.84,4.51,4.75,7.28,0.29,0.3,18.14,20.78,19.76,17.45,16.06,40.14,3.95,1.21,5.3,26.83,4.33,1.61,41.66,85.0,14.0,30.11,20.9,0,0,
BANK_058,"Johnston, Sanchez and Kennedy Rural Bank",Eastern,Small,Moderate,12,2023,Q4,2023-Q4,22.15,4.39,4.67,11.01,0.44,0.43,18.4,21.09,19.81,20.47,12.41,59.83,4.04,0.63,2.85,14.39,6.05,1.28,90.97,77.0,9.0,49.67,16.13,0,0,
BANK_059,Lee-Davis Rural Bank,Greater Accra,Large,Conservative,1,2021,Q1,2021-Q1,638.28,108.73,238.41,376.91,13.85,12.41,512.56,37.35,17.03,21.05,9.19,73.53,3.67,34.9,5.47,32.1,5.55,49.51,71.42,415.0,55.0,,7.14,0,0,
BANK_059,Lee-Davis Rural Bank,Greater Accra,Large,Conservative,2,2021,Q2,2021-Q2,642.26,111.32,231.92,317.66,12.05,8.36,479.66,36.11,17.33,20.15,15.53,66.23,3.79,18.86,2.94,16.95,9.71,23.85,43.32,374.0,46.0,24.17,32.08,0,0,
BANK_059,Lee-Davis Rural Bank,Greater Accra,Large,Conservative,3,2021,Q3,2021-Q3,623.08,106.22,218.45,295.73,11.61,9.0,482.11,35.06,17.05,20.4,8.03,61.34,3.92,12.82,2.06,12.07,5.77,18.94,79.31,350.0,63.0,35.5,28.99,0,0,
BANK_059,Lee-Davis Rural Bank,Greater Accra,Large,Conservative,4,2021,Q4,2021-Q4,613.68,102.87,229.84,215.63,8.9,6.27,494.48,37.45,16.76,18.11,14.28,43.61,4.13,7.26,1.18,7.06,2.65,40.93,50.92,238.0,23.0,35.05,6.56,0,0,
BANK_059,Lee-Davis Rural Bank,Greater Accra,Large,Conservative,5,2022,Q1,2022-Q1,635.18,104.44,220.64,457.5,19.0,12.03,481.67,34.74,16.44,22.9,11.98,94.98,4.15,24.37,3.84,23.33,3.92,44.25,32.23,493.0,66.0,41.08,8.34,0,0,
BANK_059,Lee-Davis Rural Bank,Greater Accra,Large,Conservative,6,2022,Q2,2022-Q2,625.92,101.97,213.06,354.89,15.37,15.1,526.83,34.04,16.29,22.82,8.62,67.36,4.33,7.18,1.15,7.04,6.04,,82.97,470.0,55.0,26.03,20.17,0,0,
BANK_059,Lee-Davis Rural Bank,Greater Accra,Large,Conservative,7,2022,Q3,2022-Q3,637.64,103.59,224.31,410.45,17.51,11.19,535.31,35.18,16.25,22.53,13.31,76.68,4.27,12.51,1.96,12.07,3.62,25.72,63.07,149.0,70.0,58.48,34.21,0,0,
BANK_059,Lee-Davis Rural Bank,Greater Accra,Large,Conservative,8,2022,Q4,2022-Q4,619.09,101.64,209.18,386.61,17.16,20.22,438.9,33.79,16.42,24.73,6.83,88.09,4.44,13.21,2.13,12.99,10.65,30.66,54.79,205.0,12.0,27.06,6.61,0,0,
BANK_059,Lee-Davis Rural Bank,Greater Accra,Large,Conservative,9,2023,Q1,2023-Q1,641.84,106.0,215.23,367.01,16.07,15.96,461.93,33.53,16.52,20.38,18.3,79.45,4.38,34.99,5.45,33.01,2.53,23.8,68.89,347.0,12.0,32.86,22.52,0,0,
BANK_059,Lee-Davis Rural Bank,Greater Accra,Large,Conservative,10,2023,Q2,2023-Q2,613.85,102.55,199.5,438.72,19.21,22.25,517.53,32.5,16.71,14.73,12.26,84.77,4.38,28.3,4.61,27.59,8.12,27.18,72.48,362.0,48.0,19.48,34.86,0,0,
BANK_059,Lee-Davis Rural Bank,Greater Accra,Large,Conservative,11,2023,Q3,2023-Q3,700.03,115.56,231.59,361.51,15.6,12.23,571.29,33.08,16.51,23.39,18.29,63.28,4.32,11.93,1.7,10.32,2.29,52.81,83.4,489.0,13.0,22.03,8.16,0,0,
BANK_059,Lee-Davis Rural Bank,Greater Accra,Large,Conservative,12,2023,Q4,2023-Q4,766.16,128.52,256.91,263.19,11.05,12.55,609.83,33.53,16.77,11.38,10.39,43.16,4.2,35.55,4.64,27.66,10.85,45.18,46.05,223.0,67.0,28.42,27.39,0,0,
BANK_060,Gomez-Jenkins Rural Bank,Northern,Small,Moderate,1,2021,Q1,2021-Q1,49.56,14.87,8.57,35.94,2.69,1.82,42.05,17.28,30.0,10.4,13.0,85.46,7.5,2.58,5.2,17.33,7.89,3.65,81.31,73.0,9.0,17.18,31.17,0,0,
BANK_060,Gomez-Jenkins Rural Bank,Northern,Small,Moderate,2,2021,Q2,2021-Q2,54.66,16.06,9.83,41.77,3.28,3.26,45.66,17.99,29.39,12.5,5.33,91.48,7.85,1.12,2.05,6.99,8.74,1.93,59.51,59.0,6.0,23.34,15.66,0,0,
BANK_060,Gomez-Jenkins Rural Bank,Northern,Small,Moderate,3,2021,Q3,2021-Q3,48.76,14.03,8.61,32.81,2.73,2.5,35.19,17.66,28.77,17.29,15.12,93.25,8.33,1.95,4.0,13.9,9.23,2.39,50.74,88.0,4.0,23.11,5.47,0,0,
BANK_060,Gomez-Jenkins Rural Bank,Northern,Small,Moderate,4,2021,Q4,2021-Q4,52.69,14.94,9.69,20.22,1.67,2.01,37.45,18.38,28.35,23.3,13.08,53.99,8.28,2.89,5.48,19.32,9.98,3.2,38.36,69.0,2.0,54.84,19.45,0,0,
BANK_060,Gomez-Jenkins Rural Bank,Northern,Small,Moderate,5,2022,Q1,2022-Q1,53.17,15.09,8.9,22.34,1.81,2.0,39.49,16.73,28.38,15.62,13.01,56.57,8.11,1.47,2.77,9.77,11.95,3.11,60.72,59.0,,30.33,16.67,0,0,
BANK_060,Gomez-Jenkins Rural Bank,Northern,Small,Moderate,6,2022,Q2,2022-Q2,54.12,15.37,9.31,27.12,2.17,2.44,42.6,17.2,28.4,24.65,17.98,63.66,8.0,1.85,3.42,12.06,11.37,1.63,88.13,44.0,6.0,25.26,14.51,0,0,
BANK_060,Gomez-Jenkins Rural Bank,Northern,Small,Moderate,7,2022,Q3,2022-Q3,56.39,16.0,10.04,18.56,1.47,0.91,40.68,17.81,28.37,16.68,18.49,45.62,7.93,1.7,3.01,10.62,4.19,3.72,71.03,27.0,14.0,40.13,12.51,0,0,
BANK_060,Gomez-Jenkins Rural Bank,Northern,Small,Moderate,8,2022,Q4,2022-Q4,51.12,14.46,8.59,18.49,1.55,1.63,38.97,16.81,28.28,17.34,11.37,47.45,8.41,2.32,4.55,16.07,11.38,3.17,53.67,55.0,13.0,20.88,14.77,0,0,
BANK_060,Gomez-Jenkins Rural Bank,Northern,Small,Moderate,9,2023,Q1,2023-Q1,53.87,15.35,8.65,22.36,1.94,2.08,38.89,16.06,28.5,21.17,16.45,57.5,8.68,3.1,5.76,20.2,3.42,2.63,48.34,,8.0,16.21,26.24,0,0,
BANK_060,Gomez-Jenkins Rural Bank,Northern,Small,Moderate,10,2023,Q2,2023-Q2,58.12,16.18,9.06,23.15,1.96,1.13,42.78,15.59,27.84,19.85,18.41,54.12,8.46,1.13,1.94,6.98,11.26,2.37,46.62,43.0,11.0,34.24,29.58,0,0,
BANK_060,Gomez-Jenkins Rural Bank,Northern,Small,Moderate,11,2023,Q3,2023-Q3,56.65,15.84,8.95,38.85,3.35,1.69,47.96,15.81,27.97,8.62,8.94,81.01,8.62,2.21,3.91,13.97,5.89,4.22,49.63,54.0,8.0,27.29,32.25,0,0,
BANK_060,Gomez-Jenkins Rural Bank,Northern,Small,Moderate,12,2023,Q4,2023-Q4,50.67,14.01,7.96,23.82,2.06,2.4,41.68,15.7,27.65,22.32,17.75,57.16,8.66,1.47,2.91,10.51,8.38,3.91,43.77,24.0,8.0,21.42,10.62,0,0,
BANK_061,"Brown, Valdez and Lucas Rural Bank",Ashanti,Medium,Moderate,1,2021,Q1,2021-Q1,183.73,15.0,31.81,98.56,10.9,8.74,144.03,17.31,8.16,9.75,17.25,68.43,11.06,8.74,4.75,58.25,4.21,5.77,93.67,,17.0,16.15,,1,0,Low Capital; 
BANK_061,"Brown, Valdez and Lucas Rural Bank",Ashanti,Medium,Moderate,2,2021,Q2,2021-Q2,186.77,15.2,30.72,113.85,13.18,8.07,136.36,16.45,8.14,11.58,18.83,83.49,11.58,4.46,2.39,29.3,7.1,,,200.0,34.0,52.48,12.62,1,0,Low Capital; 
BANK_061,"Brown, Valdez and Lucas Rural Bank",Ashanti,Medium,Moderate,3,2021,Q3,2021-Q3,186.37,14.85,28.77,118.15,14.1,12.16,131.7,15.44,7.97,19.13,5.21,89.71,11.93,6.75,3.62,45.45,4.29,7.46,88.97,102.0,14.0,33.58,9.18,1,0,Low Capital; 
BANK_061,"Brown, Valdez and Lucas Rural Bank",Ashanti,Medium,Moderate,4,2021,Q4,2021-Q4,212.3,16.94,32.87,121.32,14.29,7.32,153.31,15.48,7.98,15.48,16.79,79.13,11.78,4.62,2.18,27.3,8.83,14.06,88.2,202.0,6.0,31.72,13.19,1,0,Low Capital; 
BANK_061,"Brown, Valdez and Lucas Rural Bank",Ashanti,Medium,Moderate,5,2022,Q1,2022-Q1,204.15,16.23,33.29,113.25,13.31,11.53,164.96,16.31,7.95,16.78,6.47,68.65,11.76,9.0,4.41,55.42,2.48,,67.84,89.0,6.0,19.88,20.74,1,0,Low Capital; 
BANK_061,"Brown, Valdez and Lucas Rural Bank",Ashanti,Medium,Moderate,6,2022,Q2,2022-Q2,219.28,17.64,35.95,146.67,16.44,16.81,160.51,16.4,8.04,18.64,10.69,91.38,11.21,6.23,2.84,35.3,11.65,14.64,34.02,198.0,5.0,,11.31,1,0,Low Capital; 
BANK_061,"Brown, Valdez and Lucas Rural Bank",Ashanti,Medium,Moderate,7,2022,Q3,2022-Q3,207.17,16.84,33.52,96.15,11.04,11.56,164.27,16.18,8.13,12.14,18.1,58.53,11.49,11.87,5.73,70.47,5.57,12.97,78.29,54.0,36.0,30.5,10.69,1,0,Low Capital; 
BANK_061,"Brown, Valdez and Lucas Rural Bank",Ashanti,Medium,Moderate,8,2022,Q4,2022-Q4,204.22,16.73,33.68,76.56,8.95,6.75,164.86,16.49,8.19,16.61,6.3,46.44,11.69,5.84,2.86,34.91,9.83,16.08,67.99,139.0,12.0,44.4,25.57,1,0,Low Capital; 
BANK_061,"Brown, Valdez and Lucas Rural Bank",Ashanti,Medium,Moderate,9,2023,Q1,2023-Q1,205.5,16.95,32.35,134.06,16.24,8.57,163.91,15.74,8.25,20.95,16.16,81.79,12.11,2.95,1.44,17.41,5.97,7.23,84.41,160.0,27.0,45.72,30.25,1,0,Low Capital; 
BANK_061,"Brown, Valdez and Lucas Rural Bank",Ashanti,Medium,Moderate,10,2023,Q2,2023-Q2,221.09,18.08,35.02,67.32,7.99,5.98,161.44,15.84,8.18,8.46,13.63,41.7,11.88,8.03,3.63,44.41,4.12,9.81,89.18,150.0,13.0,41.93,11.05,1,0,Low Capital; 
BANK_061,"Brown, Valdez and Lucas Rural Bank",Ashanti,Medium,Moderate,11,2023,Q3,2023-Q3,226.74,18.59,37.78,94.96,11.74,13.7,162.26,16.66,8.2,15.52,15.41,58.53,12.37,9.96,4.39,53.59,7.75,,68.48,158.0,21.0,38.1,,1,0,Low Capital; 
BANK_061,"Brown, Valdez and Lucas Rural Bank",Ashanti,Medium,Moderate,12,2023,Q4,2023-Q4,255.26,20.76,41.12,121.48,15.0,11.91,181.65,16.11,8.13,18.1,12.34,66.88,12.35,13.46,5.27,64.85,3.59,7.85,59.2,136.0,22.0,52.49,29.07,1,0,Low Capital; 
BANK_062,Powell LLC Rural Bank,Ashanti,Medium,Moderate,1,2021,Q1,2021-Q1,65.01,18.56,14.05,38.99,4.35,2.98,52.06,21.61,28.55,17.33,6.66,74.9,11.16,1.29,1.98,6.94,2.2,3.78,60.24,181.0,9.0,52.84,9.39,0,0,
BANK_062,Powell LLC Rural Bank,Ashanti,Medium,Moderate,2,2021,Q2,2021-Q2,64.97,18.73,13.43,43.23,4.86,3.26,48.4,20.67,28.83,16.97,13.25,89.31,11.25,1.53,2.35,8.15,10.64,3.92,,211.0,15.0,29.41,16.49,0,0,
BANK_062,Powell LLC Rural Bank,Ashanti,Medium,Moderate,3,2021,Q3,2021-Q3,61.86,18.2,13.02,25.14,2.82,2.84,52.3,21.05,29.42,17.78,14.43,48.07,11.23,0.95,1.53,5.22,3.78,1.98,82.6,160.0,15.0,20.69,19.52,0,0,
BANK_062,Powell LLC Rural Bank,Ashanti,Medium,Moderate,4,2021,Q4,2021-Q4,69.78,20.58,14.56,33.94,3.89,2.37,53.1,20.86,29.49,13.84,19.55,63.92,11.45,3.17,4.54,15.39,2.16,3.1,71.69,87.0,14.0,36.87,17.66,0,0,
BANK_062,Powell LLC Rural Bank,Ashanti,Medium,Moderate,5,2022,Q1,2022-Q1,70.71,20.69,13.46,24.28,2.85,1.69,50.83,19.03,29.26,24.65,7.63,47.76,11.75,1.58,2.24,7.65,6.59,2.89,62.1,201.0,21.0,27.85,12.45,0,0,
BANK_062,Powell LLC Rural Bank,Ashanti,Medium,Moderate,6,2022,Q2,2022-Q2,76.95,22.59,15.78,27.47,3.12,2.05,56.85,20.5,29.35,16.67,10.55,48.33,11.37,2.59,3.36,11.46,7.9,2.54,93.24,,,15.44,12.43,0,0,
BANK_062,Powell LLC Rural Bank,Ashanti,Medium,Moderate,7,2022,Q3,2022-Q3,77.75,22.74,16.43,55.3,6.54,6.47,64.14,21.13,29.25,19.45,9.8,86.23,11.82,2.27,2.92,9.98,8.83,5.82,51.62,238.0,,30.71,8.96,0,0,
BANK_062,Powell LLC Rural Bank,Ashanti,Medium,Moderate,8,2022,Q4,2022-Q4,75.61,22.07,15.53,52.98,6.41,5.55,64.01,20.53,29.18,22.09,18.78,82.78,12.11,0.95,1.25,4.29,11.96,4.55,93.63,123.0,19.0,48.86,28.78,0,0,
BANK_062,Powell LLC Rural Bank,Ashanti,Medium,Moderate,9,2023,Q1,2023-Q1,77.14,22.26,16.58,43.46,5.42,3.6,55.04,21.49,28.86,17.22,11.91,78.96,12.47,1.58,2.05,7.09,3.47,4.52,93.54,97.0,16.0,26.55,12.99,0,0,
BANK_062,Powell LLC Rural Bank,Ashanti,Medium,Moderate,10,2023,Q2,2023-Q2,87.8,25.14,19.12,57.5,6.91,6.19,62.07,21.78,28.64,18.69,5.58,92.64,12.02,4.53,5.15,18.0,7.51,4.44,84.49,246.0,25.0,54.35,,0,0,
BANK_062,Powell LLC Rural Bank,Ashanti,Medium,Moderate,11,2023,Q3,2023-Q3,94.41,27.34,21.09,42.8,5.0,3.72,74.24,22.33,28.96,20.96,15.57,57.66,11.68,3.64,3.86,13.31,3.49,6.79,87.4,143.0,11.0,57.64,31.47,0,0,
BANK_062,Powell LLC Rural Bank,Ashanti,Medium,Moderate,12,2023,Q4,2023-Q4,93.69,27.07,21.16,52.53,5.86,6.59,68.05,22.58,28.89,15.3,11.61,77.2,11.16,3.4,3.63,12.57,11.55,4.21,48.78,209.0,14.0,52.43,7.87,0,0,
BANK_063,Wright and Sons Rural Bank,Upper East,Small,Moderate,1,2021,Q1,2021-Q1,10.01,2.78,2.22,5.84,0.29,0.32,7.34,22.17,27.83,15.74,13.11,79.53,5.0,0.12,1.18,4.23,5.86,0.69,83.38,75.0,10.0,37.78,21.15,0,0,
BANK_063,Wright and Sons Rural Bank,Upper East,Small,Moderate,2,2021,Q2,2021-Q2,9.81,2.75,2.11,6.38,0.32,0.33,6.91,21.47,28.06,17.14,8.47,92.25,5.04,0.27,2.74,9.78,11.78,,84.04,23.0,5.0,,10.48,0,0,
BANK_063,Wright and Sons Rural Bank,Upper East,Small,Moderate,3,2021,Q3,2021-Q3,9.35,2.63,1.85,3.03,0.17,0.13,7.15,19.78,28.15,16.47,16.61,42.36,5.45,0.54,5.76,20.46,10.05,0.58,87.55,74.0,12.0,40.37,20.76,0,0,
BANK_063,Wright and Sons Rural Bank,Upper East,Small,Moderate,4,2021,Q4,2021-Q4,9.73,2.74,1.9,3.09,0.17,0.19,7.36,19.54,28.2,10.1,15.71,42.02,5.59,0.51,5.2,18.44,5.24,0.58,65.03,73.0,11.0,,,0,0,
BANK_063,Wright and Sons Rural Bank,Upper East,Small,Moderate,5,2022,Q1,2022-Q1,10.4,2.95,2.12,3.38,0.19,0.17,8.05,20.35,28.37,20.25,11.87,42.07,5.67,0.32,3.04,10.72,10.45,0.67,80.13,83.0,3.0,17.5,29.03,0,0,
BANK_063,Wright and Sons Rural Bank,Upper East,Small,Moderate,6,2022,Q2,2022-Q2,10.98,3.07,2.32,3.19,0.18,0.16,7.75,21.11,27.93,24.05,11.66,41.21,5.72,0.2,1.82,6.51,4.58,0.74,80.39,52.0,14.0,57.22,5.37,0,0,
BANK_063,Wright and Sons Rural Bank,Upper East,Small,Moderate,7,2022,Q3,2022-Q3,11.62,3.23,2.24,4.3,0.24,0.15,9.5,19.29,27.81,19.24,10.03,45.25,5.64,0.43,3.69,13.28,4.07,0.55,68.8,93.0,13.0,27.96,27.07,0,0,
BANK_063,Wright and Sons Rural Bank,Upper East,Small,Moderate,8,2022,Q4,2022-Q4,11.22,3.14,2.11,3.71,0.22,0.15,9.13,18.81,27.97,18.98,13.56,40.58,5.94,0.3,2.66,9.52,10.99,0.67,43.49,40.0,7.0,20.49,,0,0,
BANK_063,Wright and Sons Rural Bank,Upper East,Small,Moderate,9,2023,Q1,2023-Q1,11.19,3.18,2.11,4.08,0.24,0.21,8.86,18.88,28.44,9.41,15.89,46.05,5.83,0.57,5.07,17.82,8.32,0.65,38.68,42.0,8.0,43.5,10.5,0,0,
BANK_063,Wright and Sons Rural Bank,Upper East,Small,Moderate,10,2023,Q2,2023-Q2,10.96,3.12,2.0,4.94,0.29,0.15,8.42,18.2,28.42,10.91,12.38,58.62,5.92,0.34,3.08,10.84,5.56,0.54,82.24,90.0,5.0,52.64,18.76,0,0,
BANK_063,Wright and Sons Rural Bank,Upper East,Small,Moderate,11,2023,Q3,2023-Q3,11.55,3.28,2.2,6.3,0.37,0.29,8.38,19.07,28.36,18.23,12.55,75.13,5.83,0.47,4.05,14.3,2.43,0.92,53.65,24.0,13.0,59.69,29.49,0,0,
BANK_063,Wright and Sons Rural Bank,Upper East,Small,Moderate,12,2023,Q4,2023-Q4,11.96,3.43,2.29,4.09,0.24,0.21,9.75,19.13,28.65,16.76,18.83,41.97,5.82,0.53,4.43,15.48,2.78,0.84,39.06,53.0,13.0,40.22,16.39,0,0,
BANK_064,"West, Henderson and Ramirez Rural Bank",Central,Small,Moderate,1,2021,Q1,2021-Q1,7.17,1.63,1.34,5.22,0.22,0.15,5.79,18.74,22.79,14.04,19.8,90.15,4.26,0.15,2.15,9.43,4.44,0.44,50.72,74.0,14.0,43.73,27.55,0,0,
BANK_064,"West, Henderson and Ramirez Rural Bank",Central,Small,Moderate,2,2021,Q2,2021-Q2,7.03,1.62,1.33,2.24,0.1,0.11,5.21,18.89,23.06,8.44,5.22,43.03,4.33,0.42,5.93,25.72,5.22,0.51,41.72,25.0,6.0,53.65,11.62,0,0,
BANK_064,"West, Henderson and Ramirez Rural Bank",Central,Small,Moderate,3,2021,Q3,2021-Q3,6.76,1.58,1.29,3.4,0.16,0.13,5.17,19.1,23.32,19.93,10.62,65.8,4.6,0.31,4.59,19.7,6.4,,71.64,81.0,10.0,41.46,11.88,0,0,
BANK_064,"West, Henderson and Ramirez Rural Bank",Central,Small,Moderate,4,2021,Q4,2021-Q4,6.23,1.47,1.18,3.51,0.17,0.12,4.62,18.87,23.6,16.93,18.79,75.95,4.8,0.28,4.44,18.8,9.55,0.24,66.73,92.0,14.0,44.53,34.51,0,0,
BANK_064,"West, Henderson and Ramirez Rural Bank",Central,Small,Moderate,5,2022,Q1,2022-Q1,6.02,1.45,1.14,2.12,0.1,0.11,4.58,18.95,24.08,18.22,13.27,46.36,4.87,0.16,2.66,11.03,3.87,0.29,74.19,41.0,7.0,32.4,27.97,0,0,
BANK_064,"West, Henderson and Ramirez Rural Bank",Central,Small,Moderate,6,2022,Q2,2022-Q2,7.08,1.72,1.39,3.26,0.15,0.09,5.11,19.55,24.24,11.05,10.12,63.82,4.52,0.12,1.71,7.06,3.12,0.44,94.38,90.0,2.0,34.04,30.78,0,0,
BANK_064,"West, Henderson and Ramirez Rural Bank",Central,Small,Moderate,7,2022,Q3,2022-Q3,7.66,1.86,1.5,4.73,0.21,0.17,6.12,19.56,24.28,11.17,18.14,77.24,4.45,0.11,1.44,5.91,5.02,0.56,31.11,43.0,7.0,37.98,10.45,0,0,
BANK_064,"West, Henderson and Ramirez Rural Bank",Central,Small,Moderate,8,2022,Q4,2022-Q4,7.41,1.81,1.45,2.32,0.11,0.08,5.73,19.56,24.4,8.35,12.83,40.49,4.56,0.44,5.97,24.49,2.67,0.56,50.34,67.0,10.0,21.34,18.31,0,0,
BANK_064,"West, Henderson and Ramirez Rural Bank",Central,Small,Moderate,9,2023,Q1,2023-Q1,7.74,1.89,1.51,2.63,0.12,0.11,6.18,19.48,24.36,17.77,17.5,42.48,4.39,0.19,2.46,10.11,7.13,0.33,86.14,45.0,5.0,48.83,5.53,0,0,
BANK_064,"West, Henderson and Ramirez Rural Bank",Central,Small,Moderate,10,2023,Q2,2023-Q2,7.62,1.83,1.48,5.68,0.26,0.21,6.15,19.42,24.02,13.08,18.23,92.27,4.6,0.44,5.73,23.84,3.15,0.36,88.44,77.0,2.0,16.04,20.5,0,0,
BANK_064,"West, Henderson and Ramirez Rural Bank",Central,Small,Moderate,11,2023,Q3,2023-Q3,6.56,1.56,1.26,4.58,0.2,0.13,4.86,19.16,23.83,11.44,9.54,94.27,4.43,0.37,5.61,23.52,10.58,0.26,86.92,36.0,10.0,18.66,31.41,0,0,
BANK_064,"West, Henderson and Ramirez Rural Bank",Central,Small,Moderate,12,2023,Q4,2023-Q4,6.74,1.59,1.28,2.38,0.11,0.08,5.12,19.05,23.68,17.51,16.7,46.43,4.45,0.38,5.64,23.8,5.06,0.22,73.92,82.0,14.0,22.1,16.76,0,0,
BANK_065,Baxter Inc Rural Bank,Northern,Small,Conservative,1,2021,Q1,2021-Q1,42.99,11.07,10.46,17.5,0.17,0.2,31.92,24.32,25.75,17.74,14.37,54.82,0.99,1.67,3.89,15.09,5.7,2.05,73.46,51.0,5.0,32.96,29.23,0,0,
BANK_065,Baxter Inc Rural Bank,Northern,Small,Conservative,2,2021,Q2,2021-Q2,44.42,11.48,10.91,24.44,0.24,0.13,35.26,24.57,25.83,24.27,16.73,69.31,0.99,2.2,4.94,19.13,5.98,3.51,52.46,49.0,9.0,27.35,25.96,0,0,
BANK_065,Baxter Inc Rural Bank,Northern,Small,Conservative,3,2021,Q3,2021-Q3,45.01,11.8,10.36,32.91,0.35,0.37,35.38,23.01,26.22,16.89,6.6,93.03,1.05,0.99,2.19,8.35,3.03,2.32,51.93,72.0,14.0,26.15,30.66,0,0,
BANK_065,Baxter Inc Rural Bank,Northern,Small,Conservative,4,2021,Q4,2021-Q4,44.8,11.94,10.44,29.38,0.3,0.32,33.38,23.3,26.66,20.95,12.38,87.99,1.02,1.51,3.37,12.65,4.75,2.86,32.5,65.0,7.0,59.0,20.23,0,0,
BANK_065,Baxter Inc Rural Bank,Northern,Small,Conservative,5,2022,Q1,2022-Q1,49.76,13.32,11.82,20.34,0.21,0.2,38.85,23.75,26.78,24.63,12.27,52.35,1.02,2.56,5.14,19.19,8.59,3.32,90.87,96.0,14.0,43.15,16.54,0,0,
BANK_065,Baxter Inc Rural Bank,Northern,Small,Conservative,6,2022,Q2,2022-Q2,50.17,13.3,12.06,34.74,0.34,0.28,39.06,24.04,26.52,20.15,19.14,88.94,0.98,1.51,3.0,11.31,3.88,2.86,44.65,,7.0,55.93,11.77,0,0,
BANK_065,Baxter Inc Rural Bank,Northern,Small,Conservative,7,2022,Q3,2022-Q3,53.08,13.91,12.66,27.74,0.27,0.16,38.98,23.85,26.2,13.83,16.69,71.17,0.98,2.31,4.34,16.58,2.98,1.93,34.01,99.0,7.0,55.76,,0,0,
BANK_065,Baxter Inc Rural Bank,Northern,Small,Conservative,8,2022,Q4,2022-Q4,47.1,12.43,11.08,33.06,0.34,0.22,38.74,23.53,26.39,16.2,12.47,85.35,1.04,1.7,3.61,13.67,10.91,2.11,90.55,56.0,,27.1,17.31,0,0,
BANK_065,Baxter Inc Rural Bank,Northern,Small,Conservative,9,2023,Q1,2023-Q1,45.68,12.28,10.82,28.87,0.31,0.3,35.85,23.68,26.88,12.19,18.96,80.54,1.08,1.41,3.08,11.46,8.83,3.41,50.51,37.0,9.0,18.02,26.44,0,0,
BANK_065,Baxter Inc Rural Bank,Northern,Small,Conservative,10,2023,Q2,2023-Q2,45.58,12.42,10.44,24.56,0.26,0.29,36.32,22.9,27.24,11.62,18.39,67.62,1.06,1.32,2.9,10.63,5.18,1.71,48.83,38.0,14.0,48.35,14.48,0,0,
BANK_065,Baxter Inc Rural Bank,Northern,Small,Conservative,11,2023,Q3,2023-Q3,43.5,11.87,10.38,28.13,0.3,0.15,31.75,23.86,27.29,20.45,6.71,88.61,1.05,1.72,3.94,14.45,5.44,1.92,34.79,95.0,8.0,18.85,31.06,0,0,
BANK_065,Baxter Inc Rural Bank,Northern,Small,Conservative,12,2023,Q4,2023-Q4,42.26,11.46,10.06,21.35,0.23,0.15,30.05,23.8,27.11,13.63,9.21,71.05,1.08,1.26,2.98,11.01,7.86,3.21,55.65,25.0,6.0,23.55,24.55,0,0,
BANK_066,Morton-Chase Rural Bank,Greater Accra,Medium,Aggressive,1,2021,Q1,2021-Q1,54.39,7.84,5.88,23.52,2.34,2.71,42.57,10.82,14.42,23.69,13.18,55.25,9.95,1.41,2.59,17.94,9.82,2.3,73.53,114.0,21.0,45.32,22.67,1,0,Low Liquidity; 
BANK_066,Morton-Chase Rural Bank,Greater Accra,Medium,Aggressive,2,2021,Q2,2021-Q2,52.59,7.59,5.53,26.41,2.62,1.77,36.96,10.52,14.44,17.11,8.74,71.45,9.93,2.05,3.9,26.99,11.09,2.59,90.23,180.0,34.0,52.51,25.63,1,0,Low Liquidity; 
BANK_066,Morton-Chase Rural Bank,Greater Accra,Medium,Aggressive,3,2021,Q3,2021-Q3,49.2,7.05,5.2,38.35,3.91,4.47,41.51,10.56,14.34,16.7,8.34,92.37,10.2,2.04,4.14,28.85,6.19,2.51,32.5,136.0,26.0,33.99,31.17,1,0,Low Liquidity; 
BANK_066,Morton-Chase Rural Bank,Greater Accra,Medium,Aggressive,4,2021,Q4,2021-Q4,46.49,6.64,4.99,26.38,2.62,3.03,34.23,10.73,14.28,18.32,17.17,77.07,9.94,0.84,1.81,12.66,7.02,3.4,73.65,218.0,13.0,54.98,27.67,1,0,Low Liquidity; 
BANK_066,Morton-Chase Rural Bank,Greater Accra,Medium,Aggressive,5,2022,Q1,2022-Q1,45.52,6.58,4.83,28.3,2.77,2.03,37.68,10.61,14.46,15.74,18.31,75.09,9.79,1.65,3.61,24.99,7.11,2.61,84.71,84.0,15.0,54.99,21.81,1,0,Low Liquidity; 
BANK_066,Morton-Chase Rural Bank,Greater Accra,Medium,Aggressive,6,2022,Q2,2022-Q2,44.92,6.66,4.72,17.88,1.72,1.9,35.13,10.51,14.83,11.37,13.23,50.89,9.62,2.5,5.55,37.45,6.42,3.02,,101.0,26.0,58.11,,1,0,Low Liquidity; 
BANK_066,Morton-Chase Rural Bank,Greater Accra,Medium,Aggressive,7,2022,Q3,2022-Q3,45.24,6.7,4.78,29.5,2.9,2.87,37.31,10.57,14.82,14.31,5.48,79.09,9.84,0.85,1.87,12.61,11.25,1.59,65.29,112.0,13.0,44.06,11.94,1,0,Low Liquidity; 
BANK_066,Morton-Chase Rural Bank,Greater Accra,Medium,Aggressive,8,2022,Q4,2022-Q4,40.77,6.09,4.21,26.18,2.72,1.52,32.72,10.31,14.94,8.94,15.16,80.03,10.39,2.27,5.56,37.21,11.73,1.84,,51.0,11.0,46.02,6.98,1,0,Low Liquidity; 
BANK_066,Morton-Chase Rural Bank,Greater Accra,Medium,Aggressive,9,2023,Q1,2023-Q1,46.03,6.85,4.76,23.76,2.44,2.49,36.57,10.35,14.88,10.93,16.49,64.96,10.28,0.5,1.1,7.37,6.51,3.37,39.8,52.0,8.0,31.36,22.41,1,0,Low Liquidity; 
BANK_066,Morton-Chase Rural Bank,Greater Accra,Medium,Aggressive,10,2023,Q2,2023-Q2,47.28,7.0,4.65,28.61,2.91,2.48,36.55,9.83,14.8,9.31,16.3,78.27,10.15,2.08,4.4,29.74,5.52,1.95,48.09,86.0,34.0,22.61,,1,0,Low Liquidity; 
BANK_066,Morton-Chase Rural Bank,Greater Accra,Medium,Aggressive,11,2023,Q3,2023-Q3,52.43,7.78,5.23,34.92,3.42,2.78,38.37,9.98,14.83,17.69,12.11,91.02,9.8,2.05,3.91,26.34,5.66,1.77,72.6,147.0,9.0,,33.67,1,0,Low Liquidity; 
BANK_066,Morton-Chase Rural Bank,Greater Accra,Medium,Aggressive,12,2023,Q4,2023-Q4,55.3,8.21,5.49,39.78,3.89,2.56,42.03,9.94,14.85,16.94,6.48,94.64,9.79,0.85,1.53,10.34,6.75,3.2,58.99,63.0,,36.1,12.85,1,0,Low Liquidity; 
BANK_067,Williams PLC Rural Bank,Ashanti,Large,Conservative,1,2021,Q1,2021-Q1,752.96,129.44,171.61,259.2,3.66,2.87,563.09,22.79,17.19,15.5,17.96,46.03,1.41,21.09,2.8,16.29,4.23,46.77,91.81,182.0,56.0,48.41,19.94,0,0,
BANK_067,Williams PLC Rural Bank,Ashanti,Large,Conservative,2,2021,Q2,2021-Q2,809.79,137.43,187.78,376.52,5.26,2.76,605.33,23.19,16.97,9.01,14.93,62.2,1.4,23.4,2.89,17.03,2.78,48.45,72.07,249.0,58.0,,17.91,0,0,
BANK_067,Williams PLC Rural Bank,Ashanti,Large,Conservative,3,2021,Q3,2021-Q3,749.54,124.72,178.9,433.97,6.07,3.57,560.12,23.87,16.64,16.08,19.52,77.48,1.4,35.93,4.79,28.8,5.78,55.06,55.15,239.0,74.0,36.71,29.16,0,0,
BANK_067,Williams PLC Rural Bank,Ashanti,Large,Conservative,4,2021,Q4,2021-Q4,766.66,127.06,179.41,426.38,5.9,5.1,601.02,23.4,16.57,12.71,16.52,70.94,1.38,15.46,2.02,12.17,2.88,28.97,79.98,387.0,12.0,24.15,21.81,0,0,
BANK_067,Williams PLC Rural Bank,Ashanti,Large,Conservative,5,2022,Q1,2022-Q1,816.25,134.53,181.43,570.1,8.11,4.56,640.3,22.23,16.48,8.16,16.77,89.04,1.42,8.86,1.09,6.59,6.08,33.8,40.23,346.0,74.0,23.0,21.39,0,0,
BANK_067,Williams PLC Rural Bank,Ashanti,Large,Conservative,6,2022,Q2,2022-Q2,934.88,153.5,209.74,576.65,7.7,5.28,683.78,22.43,16.42,22.19,9.25,84.33,1.34,37.44,4.0,24.39,6.06,73.46,60.22,487.0,22.0,55.71,5.41,0,0,
BANK_067,Williams PLC Rural Bank,Ashanti,Large,Conservative,7,2022,Q3,2022-Q3,828.02,137.77,189.65,442.31,6.0,6.29,627.93,22.9,16.64,23.51,12.88,70.44,1.36,38.08,4.6,27.64,6.23,27.56,82.63,,33.0,21.84,14.8,0,0,
BANK_067,Williams PLC Rural Bank,Ashanti,Large,Conservative,8,2022,Q4,2022-Q4,725.14,121.61,162.31,540.94,7.69,6.89,580.56,22.38,16.77,10.18,14.16,93.18,1.42,26.12,3.6,21.48,8.54,52.15,90.87,226.0,20.0,18.32,27.15,0,0,
BANK_067,Williams PLC Rural Bank,Ashanti,Large,Conservative,9,2023,Q1,2023-Q1,725.45,123.27,159.0,561.89,8.13,7.61,607.56,21.92,16.99,10.62,10.94,92.48,1.45,20.13,2.78,16.33,3.77,32.47,69.99,250.0,35.0,39.28,7.62,0,0,
BANK_067,Williams PLC Rural Bank,Ashanti,Large,Conservative,10,2023,Q2,2023-Q2,744.43,128.38,172.94,523.67,7.31,8.23,559.55,23.23,17.25,22.39,12.21,93.59,1.4,15.83,2.13,12.33,8.92,24.76,92.61,239.0,64.0,29.33,23.98,0,0,
BANK_067,Williams PLC Rural Bank,Ashanti,Large,Conservative,11,2023,Q3,2023-Q3,765.35,130.42,167.03,366.86,5.22,3.31,574.23,21.82,17.04,17.14,10.23,63.89,1.42,18.28,2.39,14.02,4.89,51.23,31.92,252.0,36.0,36.83,25.07,0,0,
BANK_067,Williams PLC Rural Bank,Ashanti,Large,Conservative,12,2023,Q4,2023-Q4,725.73,122.97,160.7,479.36,6.6,4.58,510.19,22.14,16.94,13.71,18.27,93.96,1.38,30.53,4.21,24.83,3.91,54.9,,230.0,59.0,15.74,17.96,0,0,
BANK_068,Novak and Sons Rural Bank,Eastern,Small,Moderate,1,2021,Q1,2021-Q1,20.99,3.24,3.24,6.33,0.3,0.35,15.17,15.44,15.44,10.84,10.06,41.72,4.7,1.25,5.96,38.59,8.28,,35.12,73.0,3.0,45.2,34.38,0,0,
BANK_068,Novak and Sons Rural Bank,Eastern,Small,Moderate,2,2021,Q2,2021-Q2,19.24,2.97,2.92,10.23,0.51,0.46,15.0,15.18,15.47,24.78,14.38,68.21,4.98,0.99,5.16,33.39,4.65,1.28,43.93,82.0,3.0,36.31,28.72,0,0,
BANK_068,Novak and Sons Rural Bank,Eastern,Small,Moderate,3,2021,Q3,2021-Q3,19.64,3.02,3.04,9.28,0.48,0.55,15.0,15.47,15.39,20.12,14.66,61.86,5.21,0.78,3.97,25.81,11.03,1.4,76.59,22.0,6.0,43.44,20.67,0,0,
BANK_068,Novak and Sons Rural Bank,Eastern,Small,Moderate,4,2021,Q4,2021-Q4,19.92,3.05,3.07,8.16,0.43,0.36,14.64,15.42,15.32,11.68,13.29,55.73,5.28,0.3,1.49,9.69,6.99,1.39,72.43,38.0,7.0,53.49,10.33,0,0,
BANK_068,Novak and Sons Rural Bank,Eastern,Small,Moderate,5,2022,Q1,2022-Q1,18.05,2.78,2.77,6.04,0.32,0.25,14.14,15.34,15.39,10.22,6.86,42.74,5.28,0.49,2.73,17.77,9.91,1.11,58.95,27.0,10.0,22.37,7.3,0,0,
BANK_068,Novak and Sons Rural Bank,Eastern,Small,Moderate,6,2022,Q2,2022-Q2,19.36,2.99,2.87,6.81,0.35,0.3,16.11,14.84,15.43,24.27,11.91,42.25,5.08,1.05,5.43,35.18,6.7,1.25,,75.0,,16.55,14.77,1,0,Low Liquidity; 
BANK_068,Novak and Sons Rural Bank,Eastern,Small,Moderate,7,2022,Q3,2022-Q3,19.65,3.04,2.86,8.05,0.41,0.27,16.39,14.56,15.46,23.63,13.59,49.15,5.05,0.88,4.5,29.09,9.69,0.96,89.1,83.0,11.0,58.69,15.99,1,0,Low Liquidity; 
BANK_068,Novak and Sons Rural Bank,Eastern,Small,Moderate,8,2022,Q4,2022-Q4,19.67,3.05,3.0,9.93,0.52,0.33,13.99,15.24,15.49,23.0,16.86,70.99,5.26,0.55,2.81,18.11,5.87,1.25,61.77,27.0,7.0,19.25,10.72,0,0,
BANK_068,Novak and Sons Rural Bank,Eastern,Small,Moderate,9,2023,Q1,2023-Q1,20.46,3.11,3.05,11.5,0.62,0.58,16.49,14.9,15.18,15.82,18.79,69.72,5.43,0.4,1.95,12.82,5.04,1.25,57.69,91.0,5.0,18.29,22.68,1,0,Low Liquidity; 
BANK_068,Novak and Sons Rural Bank,Eastern,Small,Moderate,10,2023,Q2,2023-Q2,21.04,3.22,3.19,8.69,0.47,0.27,16.49,15.15,15.31,14.06,14.72,52.73,5.44,0.87,4.13,26.95,2.35,1.36,64.32,43.0,12.0,28.05,34.74,0,0,
BANK_068,Novak and Sons Rural Bank,Eastern,Small,Moderate,11,2023,Q3,2023-Q3,21.69,3.35,3.13,15.93,0.87,0.6,17.75,14.45,15.44,24.74,5.92,89.74,5.46,1.15,5.28,34.19,11.3,1.51,59.66,,4.0,21.83,21.4,1,0,Low Liquidity; 
BANK_068,Novak and Sons Rural Bank,Eastern,Small,Moderate,12,2023,Q4,2023-Q4,22.78,3.48,3.26,12.19,0.68,0.68,18.22,14.3,15.27,20.82,13.96,66.89,5.6,0.51,2.22,14.56,3.69,1.13,79.83,95.0,7.0,49.84,19.11,1,0,Low Liquidity; 
BANK_069,Russell Group Rural Bank,Ashanti,Small,Conservative,1,2021,Q1,2021-Q1,18.29,4.44,7.9,6.98,0.28,0.17,13.64,43.22,24.26,18.05,16.97,51.16,3.96,0.3,1.62,6.69,3.84,1.42,77.98,78.0,2.0,55.29,18.31,0,0,
BANK_069,Russell Group Rural Bank,Ashanti,Small,Conservative,2,2021,Q2,2021-Q2,18.68,4.54,8.04,8.79,0.34,0.39,13.21,43.03,24.29,14.77,6.5,66.53,3.88,0.78,4.18,17.21,10.6,1.48,62.75,56.0,2.0,15.57,23.26,0,0,
BANK_069,Russell Group Rural Bank,Ashanti,Small,Conservative,3,2021,Q3,2021-Q3,18.48,4.46,7.73,10.42,0.41,0.37,14.11,41.83,24.14,19.16,5.05,73.84,3.91,0.62,3.34,13.82,10.04,0.66,35.5,23.0,8.0,46.78,8.92,0,0,
BANK_069,Russell Group Rural Bank,Ashanti,Small,Conservative,4,2021,Q4,2021-Q4,18.77,4.63,7.97,11.91,0.47,0.38,14.99,42.49,24.68,15.86,19.81,79.46,3.9,0.58,3.09,12.54,7.31,0.82,90.24,59.0,,36.39,26.55,0,0,
BANK_069,Russell Group Rural Bank,Ashanti,Small,Conservative,5,2022,Q1,2022-Q1,20.15,4.9,8.29,10.09,0.4,0.25,16.77,41.16,24.31,22.64,12.48,60.19,3.92,0.45,2.26,9.28,8.33,,56.32,,4.0,44.84,11.14,0,0,
BANK_069,Russell Group Rural Bank,Ashanti,Small,Conservative,6,2022,Q2,2022-Q2,23.54,5.59,9.51,13.7,0.51,0.27,18.73,40.4,23.74,21.07,13.66,73.14,3.71,1.17,4.98,20.99,3.99,0.94,32.73,97.0,12.0,31.23,19.46,0,0,
BANK_069,Russell Group Rural Bank,Ashanti,Small,Conservative,7,2022,Q3,2022-Q3,24.39,5.7,9.81,13.1,0.48,0.45,20.27,40.21,23.36,15.86,15.76,64.61,3.68,1.39,5.7,24.41,5.92,1.22,72.3,,6.0,59.54,14.07,0,0,
BANK_069,Russell Group Rural Bank,Ashanti,Small,Conservative,8,2022,Q4,2022-Q4,24.31,5.66,9.35,9.79,0.39,0.24,19.17,38.48,23.26,12.92,5.05,51.07,3.98,1.01,4.17,17.92,7.5,1.68,47.5,72.0,,41.4,23.15,0,0,
BANK_069,Russell Group Rural Bank,Ashanti,Small,Conservative,9,2023,Q1,2023-Q1,24.98,5.75,9.59,13.58,0.55,0.32,20.1,38.41,23.02,24.15,5.18,67.57,4.05,0.38,1.52,6.62,6.61,1.92,45.13,22.0,12.0,41.81,20.42,0,0,
BANK_069,Russell Group Rural Bank,Ashanti,Small,Conservative,10,2023,Q2,2023-Q2,26.52,6.09,10.53,19.42,0.76,0.85,21.29,39.72,22.96,17.14,7.57,91.22,3.92,1.38,5.19,22.61,4.71,1.8,67.35,23.0,7.0,23.28,15.78,0,0,
BANK_069,Russell Group Rural Bank,Ashanti,Small,Conservative,11,2023,Q3,2023-Q3,26.37,5.91,10.32,13.29,0.51,0.45,18.62,39.12,22.42,19.98,14.0,71.4,3.86,1.15,4.38,19.52,8.12,0.98,84.39,54.0,4.0,,17.5,0,0,
BANK_069,Russell Group Rural Bank,Ashanti,Small,Conservative,12,2023,Q4,2023-Q4,28.67,6.5,11.87,11.77,0.45,0.51,24.31,41.4,22.67,19.81,19.44,48.42,3.85,0.79,2.74,12.11,10.84,1.82,75.42,91.0,7.0,,27.34,0,0,
BANK_070,Hancock Inc Rural Bank,Greater Accra,Small,Moderate,1,2021,Q1,2021-Q1,25.43,2.5,4.33,8.76,1.22,0.91,20.54,17.04,9.84,11.96,16.57,42.63,13.93,0.95,3.75,38.13,11.43,1.41,37.33,70.0,11.0,32.7,26.65,1,0,Low Capital; 
BANK_070,Hancock Inc Rural Bank,Greater Accra,Small,Moderate,2,2021,Q2,2021-Q2,26.84,2.62,4.6,12.08,1.65,1.9,22.33,17.15,9.78,19.74,10.12,54.09,13.63,0.56,2.07,21.19,8.15,1.97,75.25,39.0,10.0,42.86,29.63,1,0,Low Capital; 
BANK_070,Hancock Inc Rural Bank,Greater Accra,Small,Moderate,3,2021,Q3,2021-Q3,27.55,2.67,4.56,18.21,2.49,2.26,23.26,16.57,9.69,20.45,5.41,78.29,13.7,0.74,2.7,27.81,8.64,2.07,,76.0,6.0,56.01,13.32,1,0,Low Capital; 
BANK_070,Hancock Inc Rural Bank,Greater Accra,Small,Moderate,4,2021,Q4,2021-Q4,26.43,2.53,4.4,16.63,2.35,2.14,19.03,16.65,9.57,20.93,14.75,87.39,14.13,0.5,1.9,19.89,3.7,1.93,62.38,39.0,10.0,55.13,23.97,1,0,Low Capital; 
BANK_070,Hancock Inc Rural Bank,Greater Accra,Small,Moderate,5,2022,Q1,2022-Q1,26.7,2.5,4.34,8.55,1.27,0.94,19.56,16.25,9.36,13.07,16.28,43.71,14.84,0.3,1.13,12.05,2.33,1.17,64.48,64.0,8.0,33.44,12.57,1,0,Low Capital; 
BANK_070,Hancock Inc Rural Bank,Greater Accra,Small,Moderate,6,2022,Q2,2022-Q2,25.86,2.41,4.18,12.41,1.87,1.45,21.97,16.16,9.33,15.46,6.73,56.5,15.05,1.27,4.91,52.6,2.94,1.01,93.3,60.0,2.0,17.13,32.22,1,0,Low Capital; High NPL; 
BANK_070,Hancock Inc Rural Bank,Greater Accra,Small,Moderate,7,2022,Q3,2022-Q3,26.08,2.46,4.11,16.73,2.63,1.96,19.53,15.76,9.43,18.69,7.45,85.67,15.69,1.4,5.36,56.83,9.97,1.28,48.72,42.0,6.0,37.21,,1,0,Low Capital; High NPL; 
BANK_070,Hancock Inc Rural Bank,Greater Accra,Small,Moderate,8,2022,Q4,2022-Q4,23.62,2.23,3.59,13.21,2.27,2.31,18.63,15.19,9.42,15.27,10.14,70.91,17.17,0.41,1.76,18.64,7.3,1.16,38.96,98.0,6.0,43.16,19.7,1,0,Low Capital; High NPL; 
BANK_070,Hancock Inc Rural Bank,Greater Accra,Small,Moderate,9,2023,Q1,2023-Q1,22.63,2.15,3.43,16.13,2.77,2.52,17.41,15.15,9.48,13.59,8.65,92.63,17.19,0.23,1.04,10.93,6.44,0.8,70.25,69.0,2.0,28.08,17.41,1,0,Low Capital; High NPL; 
BANK_070,Hancock Inc Rural Bank,Greater Accra,Small,Moderate,10,2023,Q2,2023-Q2,20.58,1.96,2.93,13.68,2.38,1.43,14.54,14.22,9.52,10.29,9.32,94.07,17.43,0.46,2.23,23.47,11.74,1.01,66.79,76.0,11.0,45.96,,1,0,Low Liquidity; Low Capital; High NPL; 
BANK_070,Hancock Inc Rural Bank,Greater Accra,Small,Moderate,11,2023,Q3,2023-Q3,21.39,2.02,3.01,7.15,1.22,0.78,15.05,14.07,9.46,24.08,8.15,47.5,17.05,0.27,1.26,13.35,4.12,0.73,93.73,93.0,11.0,34.17,10.71,1,0,Low Liquidity; Low Capital; High NPL; 
BANK_070,Hancock Inc Rural Bank,Greater Accra,Small,Moderate,12,2023,Q4,2023-Q4,22.1,2.06,3.19,9.0,1.48,1.34,16.5,14.42,9.32,14.58,16.52,54.56,16.41,0.23,1.03,11.09,6.03,1.68,49.05,45.0,2.0,42.68,30.48,1,0,Low Liquidity; Low Capital; High NPL; 
BANK_071,Gray Group Rural Bank,Eastern,Medium,Conservative,1,2021,Q1,2021-Q1,102.94,13.68,39.01,65.44,1.6,1.05,80.81,37.89,13.29,16.87,19.35,80.98,2.44,3.81,3.7,27.87,2.74,5.72,83.48,239.0,8.0,43.4,22.05,0,0,
BANK_071,Gray Group Rural Bank,Eastern,Medium,Conservative,2,2021,Q2,2021-Q2,103.46,13.81,40.92,70.46,1.76,1.15,75.92,39.55,13.35,11.31,19.48,92.8,2.5,1.5,1.45,10.88,9.96,4.78,85.7,171.0,26.0,28.13,18.72,0,0,
BANK_071,Gray Group Rural Bank,Eastern,Medium,Conservative,3,2021,Q3,2021-Q3,94.06,12.5,34.63,49.26,1.3,0.66,66.37,36.82,13.29,19.1,17.49,74.21,2.63,4.1,4.36,32.83,8.53,3.59,46.62,99.0,36.0,18.04,17.86,0,0,
BANK_071,Gray Group Rural Bank,Eastern,Medium,Conservative,4,2021,Q4,2021-Q4,100.99,13.48,36.31,71.56,1.86,1.14,76.56,35.95,13.35,20.52,17.34,93.48,2.61,1.11,1.1,8.24,4.59,6.54,46.61,195.0,37.0,50.87,15.26,0,0,
BANK_071,Gray Group Rural Bank,Eastern,Medium,Conservative,5,2022,Q1,2022-Q1,107.96,14.34,36.48,78.62,2.14,2.01,91.21,33.79,13.29,23.89,10.64,86.2,2.72,2.46,2.28,17.17,8.11,4.99,44.1,66.0,25.0,54.69,15.54,0,0,
BANK_071,Gray Group Rural Bank,Eastern,Medium,Conservative,6,2022,Q2,2022-Q2,123.36,16.52,41.38,83.46,2.22,1.86,93.06,33.55,13.39,20.06,11.22,89.68,2.67,4.94,4.01,29.93,11.51,8.74,86.48,158.0,15.0,46.58,18.17,0,0,
BANK_071,Gray Group Rural Bank,Eastern,Medium,Conservative,7,2022,Q3,2022-Q3,120.43,16.05,39.15,68.74,1.86,1.15,94.58,32.51,13.33,19.28,12.92,72.68,2.7,3.79,3.14,23.59,10.49,8.3,77.08,190.0,23.0,17.75,24.66,0,0,
BANK_071,Gray Group Rural Bank,Eastern,Medium,Conservative,8,2022,Q4,2022-Q4,103.17,13.44,32.91,69.31,1.94,2.07,76.08,31.9,13.03,8.24,10.69,91.1,2.8,5.81,5.63,43.25,4.27,6.74,65.95,157.0,28.0,24.32,9.77,0,0,
BANK_071,Gray Group Rural Bank,Eastern,Medium,Conservative,9,2023,Q1,2023-Q1,98.21,12.92,32.33,45.64,1.26,0.76,70.39,32.92,13.15,15.19,19.61,64.83,2.75,5.71,5.81,44.18,6.11,4.65,58.89,52.0,9.0,53.24,34.34,0,0,
BANK_071,Gray Group Rural Bank,Eastern,Medium,Conservative,10,2023,Q2,2023-Q2,103.05,13.39,34.58,36.47,1.0,0.61,75.02,33.56,12.99,14.69,19.5,48.61,2.74,1.26,1.22,9.4,6.33,7.1,66.01,179.0,15.0,22.26,5.39,0,0,
BANK_071,Gray Group Rural Bank,Eastern,Medium,Conservative,11,2023,Q3,2023-Q3,105.65,13.88,35.65,54.61,1.46,1.0,86.66,33.74,13.13,11.7,8.44,63.01,2.68,5.43,5.14,39.15,7.82,6.92,,247.0,13.0,23.14,18.86,0,0,
BANK_071,Gray Group Rural Bank,Eastern,Medium,Conservative,12,2023,Q4,2023-Q4,107.51,14.22,37.16,38.08,1.03,0.54,81.42,34.57,13.22,12.66,9.02,46.77,2.7,6.42,5.98,45.19,8.77,8.07,80.37,157.0,9.0,30.69,22.51,0,0,
BANK_072,House-Glover Rural Bank,Greater Accra,Large,Moderate,1,2021,Q1,2021-Q1,722.38,100.49,141.73,371.21,38.33,26.23,524.79,19.62,13.91,14.79,6.82,70.74,10.32,28.34,3.92,28.2,7.45,30.51,87.92,143.0,12.0,42.12,8.7,0,0,
BANK_072,House-Glover Rural Bank,Greater Accra,Large,Moderate,2,2021,Q2,2021-Q2,746.75,103.88,140.12,434.23,45.2,33.44,587.11,18.76,13.91,24.2,15.48,73.96,10.41,16.4,2.2,15.78,6.72,57.43,81.3,485.0,49.0,30.02,29.8,0,0,
BANK_072,House-Glover Rural Bank,Greater Accra,Large,Moderate,3,2021,Q3,2021-Q3,715.04,98.95,131.4,446.95,47.42,49.75,594.8,18.38,13.84,24.69,15.59,75.14,10.61,20.47,2.86,20.69,3.7,51.94,,339.0,35.0,33.1,26.97,0,0,
BANK_072,House-Glover Rural Bank,Greater Accra,Large,Moderate,4,2021,Q4,2021-Q4,755.85,103.56,142.17,327.04,34.87,32.9,565.27,18.81,13.7,19.7,5.21,57.86,10.66,32.54,4.3,31.42,8.03,38.31,54.26,325.0,14.0,54.41,29.76,0,0,
BANK_072,House-Glover Rural Bank,Greater Accra,Large,Moderate,5,2022,Q1,2022-Q1,804.16,108.06,147.52,358.47,38.4,42.96,652.47,18.35,13.44,17.38,18.98,54.94,10.71,32.35,4.02,29.94,11.08,52.89,75.23,334.0,51.0,51.17,34.38,0,0,
BANK_072,House-Glover Rural Bank,Greater Accra,Large,Moderate,6,2022,Q2,2022-Q2,847.04,114.91,158.9,583.06,61.83,70.01,686.44,18.76,13.57,9.65,7.03,84.94,10.6,18.75,2.21,16.32,8.63,53.94,50.37,,35.0,15.01,9.88,0,0,
BANK_072,House-Glover Rural Bank,Greater Accra,Large,Moderate,7,2022,Q3,2022-Q3,847.51,115.45,160.3,503.33,54.19,59.19,649.28,18.91,13.62,13.32,6.69,77.52,10.77,29.53,3.48,25.58,8.5,39.07,32.67,298.0,10.0,57.78,28.9,0,0,
BANK_072,House-Glover Rural Bank,Greater Accra,Large,Moderate,8,2022,Q4,2022-Q4,745.32,100.61,135.61,368.93,42.99,42.67,609.34,18.2,13.5,8.39,19.74,60.55,11.65,19.63,2.63,19.51,7.58,,36.63,340.0,,55.02,27.96,0,0,
BANK_072,House-Glover Rural Bank,Greater Accra,Large,Moderate,9,2023,Q1,2023-Q1,724.27,97.36,131.16,408.72,49.28,30.76,551.11,18.11,13.44,8.23,5.17,74.16,12.06,21.85,3.02,22.44,8.66,40.07,87.88,273.0,30.0,56.22,17.2,0,0,
BANK_072,House-Glover Rural Bank,Greater Accra,Large,Moderate,10,2023,Q2,2023-Q2,706.99,94.76,124.45,425.56,53.42,62.1,498.43,17.6,13.4,14.42,16.9,85.38,12.55,37.74,5.34,39.82,5.94,27.55,30.22,232.0,34.0,57.53,11.18,0,0,
BANK_072,House-Glover Rural Bank,Greater Accra,Large,Moderate,11,2023,Q3,2023-Q3,736.6,98.63,130.31,489.51,59.39,48.69,541.9,17.69,13.39,10.27,16.45,90.33,12.13,25.66,3.48,26.02,9.35,42.48,45.94,241.0,51.0,41.54,9.1,0,0,
BANK_072,House-Glover Rural Bank,Greater Accra,Large,Moderate,12,2023,Q4,2023-Q4,768.82,104.19,136.09,303.69,36.86,29.03,649.53,17.7,13.55,14.56,7.44,46.76,12.14,33.73,4.39,32.38,2.1,36.06,49.67,447.0,44.0,31.41,12.98,0,0,
BANK_073,Henderson-Bernard Rural Bank,Volta,Small,Conservative,1,2021,Q1,2021-Q1,31.57,3.58,11.45,14.03,0.42,0.36,24.98,36.26,11.34,24.26,8.69,56.15,2.99,1.51,4.79,42.26,6.05,2.13,91.73,59.0,7.0,18.51,31.77,1,0,Low Capital; 
BANK_073,Henderson-Bernard Rural Bank,Volta,Small,Conservative,2,2021,Q2,2021-Q2,34.79,3.95,12.27,23.86,0.74,0.65,28.72,35.27,11.35,23.97,11.1,83.07,3.11,1.59,4.57,40.23,11.25,1.43,50.17,25.0,8.0,54.33,14.81,1,0,Low Capital; 
BANK_073,Henderson-Bernard Rural Bank,Volta,Small,Conservative,3,2021,Q3,2021-Q3,34.92,3.96,13.39,22.51,0.69,0.69,26.46,38.35,11.33,10.65,10.19,85.1,3.06,1.92,5.5,48.52,8.44,1.52,38.01,31.0,12.0,41.46,16.42,1,0,Low Capital; 
BANK_073,Henderson-Bernard Rural Bank,Volta,Small,Conservative,4,2021,Q4,2021-Q4,38.28,4.32,15.14,21.45,0.66,0.51,29.81,39.56,11.28,9.41,18.12,71.97,3.06,1.82,4.76,42.22,3.69,1.18,84.81,66.0,,36.81,32.79,1,0,Low Capital; 
BANK_073,Henderson-Bernard Rural Bank,Volta,Small,Conservative,5,2022,Q1,2022-Q1,41.39,4.63,16.57,12.55,0.38,0.33,31.33,40.04,11.18,11.61,9.51,40.06,3.04,0.57,1.37,12.23,8.17,3.21,50.2,66.0,14.0,44.27,25.19,1,0,Low Capital; 
BANK_073,Henderson-Bernard Rural Bank,Volta,Small,Conservative,6,2022,Q2,2022-Q2,43.57,4.81,17.59,23.55,0.7,0.79,35.74,40.37,11.03,17.26,10.51,65.9,2.96,2.41,5.54,50.21,7.72,1.46,65.94,66.0,4.0,,18.78,1,0,Low Capital; 
BANK_073,Henderson-Bernard Rural Bank,Volta,Small,Conservative,7,2022,Q3,2022-Q3,41.68,4.63,16.39,17.02,0.49,0.39,31.97,39.33,11.11,24.35,13.73,53.25,2.9,1.49,3.58,32.26,7.53,3.21,89.87,90.0,3.0,43.54,29.24,1,0,Low Capital; 
BANK_073,Henderson-Bernard Rural Bank,Volta,Small,Conservative,8,2022,Q4,2022-Q4,40.55,4.56,14.91,29.24,0.85,0.68,31.25,36.77,11.24,12.12,5.26,93.55,2.91,1.11,2.74,24.41,11.85,1.96,64.24,,8.0,29.6,20.71,1,0,Low Capital; 
BANK_073,Henderson-Bernard Rural Bank,Volta,Small,Conservative,9,2023,Q1,2023-Q1,43.12,4.86,15.87,14.46,0.42,0.27,32.79,36.81,11.27,22.76,15.89,44.1,2.9,0.63,1.47,13.07,2.01,2.27,40.1,79.0,13.0,16.89,16.87,1,0,Low Capital; 
BANK_073,Henderson-Bernard Rural Bank,Volta,Small,Conservative,10,2023,Q2,2023-Q2,42.81,4.8,15.85,24.77,0.7,0.75,31.03,37.01,11.22,8.11,9.54,79.84,2.81,0.9,2.1,18.73,8.05,1.49,60.31,,13.0,43.14,24.19,1,0,Low Capital; 
BANK_073,Henderson-Bernard Rural Bank,Volta,Small,Conservative,11,2023,Q3,2023-Q3,44.24,5.07,16.87,22.9,0.63,0.34,37.52,38.13,11.46,8.76,14.12,61.03,2.77,0.89,2.01,17.58,4.33,2.25,43.96,70.0,4.0,23.45,19.14,1,0,Low Capital; 
BANK_073,Henderson-Bernard Rural Bank,Volta,Small,Conservative,12,2023,Q4,2023-Q4,45.68,5.29,17.19,24.22,0.65,0.59,33.74,37.63,11.57,19.86,11.21,71.8,2.7,1.97,4.32,37.34,4.55,3.15,46.64,32.0,,,9.26,1,0,Low Capital; 
BANK_074,"Stanley, Tucker and Lee Rural Bank",Ashanti,Small,Aggressive,1,2021,Q1,2021-Q1,34.16,9.22,8.23,16.25,2.3,1.18,25.08,24.08,26.99,15.07,9.4,64.76,14.14,1.68,4.91,18.2,3.43,2.41,85.91,77.0,13.0,22.52,19.29,0,0,
BANK_074,"Stanley, Tucker and Lee Rural Bank",Ashanti,Small,Aggressive,2,2021,Q2,2021-Q2,36.67,10.06,8.71,13.81,2.0,2.31,26.63,23.76,27.45,17.68,17.92,51.86,14.45,1.27,3.46,12.62,8.05,,41.07,74.0,7.0,38.28,5.91,0,0,
BANK_074,"Stanley, Tucker and Lee Rural Bank",Ashanti,Small,Aggressive,3,2021,Q3,2021-Q3,37.72,10.41,9.33,23.84,3.4,3.59,29.36,24.74,27.58,15.96,14.29,81.18,14.27,1.65,4.37,15.86,8.21,2.46,81.04,61.0,12.0,37.38,33.7,0,0,
BANK_074,"Stanley, Tucker and Lee Rural Bank",Ashanti,Small,Aggressive,4,2021,Q4,2021-Q4,37.71,10.45,9.43,22.48,3.17,2.46,31.96,25.02,27.73,16.79,17.44,70.34,14.12,1.92,5.1,18.38,9.29,1.83,72.47,66.0,,25.57,15.23,0,0,
BANK_074,"Stanley, Tucker and Lee Rural Bank",Ashanti,Small,Aggressive,5,2022,Q1,2022-Q1,37.55,10.37,9.2,24.57,3.43,2.85,27.91,24.49,27.63,16.74,5.87,88.02,13.95,0.74,1.98,7.16,8.09,2.48,54.3,66.0,8.0,23.8,26.9,0,0,
BANK_074,"Stanley, Tucker and Lee Rural Bank",Ashanti,Small,Aggressive,6,2022,Q2,2022-Q2,42.8,11.96,10.28,29.91,3.95,3.89,32.88,24.03,27.94,22.38,9.86,90.97,13.21,1.08,2.53,9.07,4.33,2.62,89.88,34.0,12.0,36.45,28.99,0,0,
BANK_074,"Stanley, Tucker and Lee Rural Bank",Ashanti,Small,Aggressive,7,2022,Q3,2022-Q3,37.68,10.54,8.94,25.24,3.28,2.06,28.19,23.72,27.97,21.22,15.45,89.53,13.01,0.75,1.98,7.08,9.93,1.94,94.68,35.0,3.0,18.39,30.06,0,0,
BANK_074,"Stanley, Tucker and Lee Rural Bank",Ashanti,Small,Aggressive,8,2022,Q4,2022-Q4,35.13,9.9,8.03,22.0,2.93,3.46,27.17,22.87,28.18,10.57,10.59,80.97,13.33,1.64,4.68,16.6,6.78,2.37,,55.0,6.0,48.95,14.69,0,0,
BANK_074,"Stanley, Tucker and Lee Rural Bank",Ashanti,Small,Aggressive,9,2023,Q1,2023-Q1,37.02,10.54,8.54,16.31,2.16,2.55,27.05,23.06,28.48,24.64,13.67,60.28,13.25,0.59,1.58,5.56,3.04,1.87,92.64,,6.0,46.66,10.36,0,0,
BANK_074,"Stanley, Tucker and Lee Rural Bank",Ashanti,Small,Aggressive,10,2023,Q2,2023-Q2,36.55,10.31,8.81,14.0,1.83,1.79,28.59,24.12,28.22,9.28,14.02,48.95,13.08,1.14,3.11,11.0,2.95,2.19,48.27,42.0,2.0,28.96,,0,0,
BANK_074,"Stanley, Tucker and Lee Rural Bank",Ashanti,Small,Aggressive,11,2023,Q3,2023-Q3,36.0,10.17,8.94,18.8,2.45,1.52,28.1,24.84,28.26,17.38,14.77,66.89,13.02,2.04,5.66,20.03,7.18,2.58,79.21,61.0,10.0,33.3,20.92,0,0,
BANK_074,"Stanley, Tucker and Lee Rural Bank",Ashanti,Small,Aggressive,12,2023,Q4,2023-Q4,39.72,11.23,9.87,14.79,1.96,1.56,32.5,24.86,28.28,9.33,11.15,45.49,13.23,0.62,1.56,5.52,9.73,1.33,89.01,42.0,13.0,49.81,31.14,0,0,
BANK_075,Novak PLC Rural Bank,Central,Small,Conservative,1,2021,Q1,2021-Q1,14.63,3.09,6.23,5.58,0.33,0.17,10.92,42.58,21.11,9.2,6.4,51.13,5.93,0.42,2.85,13.49,2.81,1.0,39.19,90.0,8.0,57.68,13.71,0,0,
BANK_075,Novak PLC Rural Bank,Central,Small,Conservative,2,2021,Q2,2021-Q2,16.28,3.42,6.79,8.57,0.51,0.38,13.57,41.74,21.02,9.72,17.48,63.17,6.0,0.47,2.9,13.82,10.8,1.29,55.53,90.0,8.0,47.27,6.36,0,0,
BANK_075,Novak PLC Rural Bank,Central,Small,Conservative,3,2021,Q3,2021-Q3,15.81,3.33,6.6,9.24,0.57,0.61,12.98,41.72,21.04,10.66,9.03,71.17,6.15,0.46,2.94,13.96,8.68,1.22,94.2,81.0,9.0,,13.2,0,0,
BANK_075,Novak PLC Rural Bank,Central,Small,Conservative,4,2021,Q4,2021-Q4,16.37,3.4,6.84,11.48,0.73,0.68,12.3,41.8,20.77,13.91,18.08,93.34,6.33,0.68,4.13,19.86,7.84,0.99,70.25,87.0,4.0,31.53,22.58,0,0,
BANK_075,Novak PLC Rural Bank,Central,Small,Conservative,5,2022,Q1,2022-Q1,16.98,3.47,7.17,6.21,0.39,0.44,13.98,42.24,20.42,8.67,18.16,44.4,6.21,0.59,3.49,17.09,2.49,0.57,87.67,81.0,4.0,42.92,28.84,0,0,
BANK_075,Novak PLC Rural Bank,Central,Small,Conservative,6,2022,Q2,2022-Q2,19.62,4.05,8.38,10.7,0.62,0.38,15.76,42.73,20.62,12.83,18.46,67.93,5.75,0.86,4.41,21.37,6.78,0.96,53.97,35.0,7.0,43.11,9.17,0,0,
BANK_075,Novak PLC Rural Bank,Central,Small,Conservative,7,2022,Q3,2022-Q3,20.5,4.24,8.94,7.92,0.46,0.43,16.71,43.63,20.71,24.37,19.22,47.41,5.83,0.83,4.05,19.56,9.85,1.51,76.45,61.0,5.0,,19.42,0,0,
BANK_075,Novak PLC Rural Bank,Central,Small,Conservative,8,2022,Q4,2022-Q4,19.04,3.95,8.1,11.76,0.69,0.49,14.99,42.53,20.75,19.91,12.46,78.4,5.85,0.42,2.2,10.62,8.22,1.13,93.08,24.0,3.0,37.77,20.81,0,0,
BANK_075,Novak PLC Rural Bank,Central,Small,Conservative,9,2023,Q1,2023-Q1,18.22,3.78,7.73,11.61,0.66,0.62,13.29,42.44,20.73,21.79,9.78,87.38,5.69,0.46,2.54,12.23,3.73,0.74,70.25,39.0,13.0,19.68,5.97,0,0,
BANK_075,Novak PLC Rural Bank,Central,Small,Conservative,10,2023,Q2,2023-Q2,18.96,3.93,8.29,7.69,0.46,0.34,14.87,43.72,20.75,8.1,10.04,51.7,5.98,0.22,1.14,5.49,8.64,1.06,83.37,44.0,12.0,34.15,7.9,0,0,
BANK_075,Novak PLC Rural Bank,Central,Small,Conservative,11,2023,Q3,2023-Q3,19.01,3.96,8.36,11.02,0.68,0.52,14.34,43.98,20.84,19.17,14.44,76.89,6.13,0.91,4.79,22.99,3.9,0.89,37.07,68.0,12.0,42.49,10.39,0,0,
BANK_075,Novak PLC Rural Bank,Central,Small,Conservative,12,2023,Q4,2023-Q4,20.62,4.31,9.17,14.47,0.92,1.03,16.86,44.48,20.88,18.9,9.54,85.8,6.37,0.59,2.86,13.72,3.85,1.4,43.44,75.0,,19.1,12.53,0,0,
BANK_076,"Daniels, Adkins and Brown Rural Bank",Volta,Medium,Moderate,1,2021,Q1,2021-Q1,92.74,20.62,24.42,66.21,5.89,4.73,72.63,26.33,22.24,8.38,7.41,91.17,8.89,5.46,5.89,26.47,7.58,2.95,68.35,137.0,5.0,56.6,5.32,0,0,
BANK_076,"Daniels, Adkins and Brown Rural Bank",Volta,Medium,Moderate,2,2021,Q2,2021-Q2,98.98,22.03,26.52,37.41,3.33,3.36,69.3,26.79,22.26,14.0,8.56,53.98,8.9,4.97,5.02,22.54,7.4,4.48,58.42,63.0,35.0,42.86,26.94,0,0,
BANK_076,"Daniels, Adkins and Brown Rural Bank",Volta,Medium,Moderate,3,2021,Q3,2021-Q3,111.21,25.06,29.65,63.07,5.33,4.65,91.55,26.66,22.53,21.62,5.26,68.9,8.44,3.6,3.24,14.38,8.45,6.12,71.03,77.0,6.0,21.16,13.58,0,0,
BANK_076,"Daniels, Adkins and Brown Rural Bank",Volta,Medium,Moderate,4,2021,Q4,2021-Q4,120.64,26.8,31.79,35.85,2.98,1.5,85.08,26.35,22.21,16.4,11.84,42.13,8.31,3.26,2.7,12.15,7.55,7.97,46.31,,14.0,15.08,8.6,0,0,
BANK_076,"Daniels, Adkins and Brown Rural Bank",Volta,Medium,Moderate,5,2022,Q1,2022-Q1,117.61,26.31,32.04,47.38,3.89,2.84,96.25,27.24,22.37,17.58,19.91,49.23,8.2,6.15,5.23,23.38,5.86,3.89,54.34,91.0,35.0,46.38,6.52,0,0,
BANK_076,"Daniels, Adkins and Brown Rural Bank",Volta,Medium,Moderate,6,2022,Q2,2022-Q2,122.94,27.48,33.73,79.18,6.51,3.92,88.13,27.44,22.35,12.96,17.45,89.85,8.22,2.96,2.41,10.79,2.3,3.91,91.93,164.0,14.0,32.04,26.45,0,0,
BANK_076,"Daniels, Adkins and Brown Rural Bank",Volta,Medium,Moderate,7,2022,Q3,2022-Q3,118.4,26.3,31.85,68.95,5.66,2.99,86.09,26.9,22.21,24.4,6.53,80.09,8.21,4.83,4.08,18.38,3.53,4.57,67.04,121.0,30.0,39.56,18.0,0,0,
BANK_076,"Daniels, Adkins and Brown Rural Bank",Volta,Medium,Moderate,8,2022,Q4,2022-Q4,112.94,25.19,30.67,71.08,6.21,4.73,92.77,27.16,22.31,16.15,11.01,76.62,8.74,2.33,2.06,9.25,8.8,4.64,30.08,236.0,,23.85,13.04,0,0,
BANK_076,"Daniels, Adkins and Brown Rural Bank",Volta,Medium,Moderate,9,2023,Q1,2023-Q1,115.43,25.23,31.18,36.84,3.16,2.48,85.87,27.01,21.85,12.83,6.04,42.9,8.59,1.21,1.05,4.82,10.86,8.58,43.6,82.0,22.0,43.38,33.73,0,0,
BANK_076,"Daniels, Adkins and Brown Rural Bank",Volta,Medium,Moderate,10,2023,Q2,2023-Q2,126.03,27.13,33.7,58.62,4.96,2.54,90.53,26.74,21.52,20.78,18.17,64.75,8.47,2.71,2.15,9.99,2.02,9.28,58.85,,13.0,25.82,10.84,0,0,
BANK_076,"Daniels, Adkins and Brown Rural Bank",Volta,Medium,Moderate,11,2023,Q3,2023-Q3,126.29,27.27,33.97,47.08,4.08,3.17,106.39,26.89,21.59,21.78,13.43,44.25,8.66,6.6,5.23,24.22,9.03,4.38,31.05,83.0,8.0,47.63,21.71,0,0,
BANK_076,"Daniels, Adkins and Brown Rural Bank",Volta,Medium,Moderate,12,2023,Q4,2023-Q4,120.4,26.04,33.37,47.0,3.99,3.94,91.51,27.71,21.63,16.36,7.32,51.36,8.48,6.44,5.35,24.75,4.33,6.33,36.28,117.0,21.0,47.97,10.94,0,0,
BANK_077,"Woods, Calhoun and Schmidt Rural Bank",Upper East,Medium,Moderate,1,2021,Q1,2021-Q1,82.71,18.11,23.27,45.41,4.08,3.91,68.27,28.14,21.89,21.66,10.74,66.52,8.99,3.48,4.21,19.21,2.65,,94.31,89.0,24.0,52.93,22.6,0,0,
BANK_077,"Woods, Calhoun and Schmidt Rural Bank",Upper East,Medium,Moderate,2,2021,Q2,2021-Q2,81.79,17.87,23.62,34.53,3.18,2.56,69.04,28.88,21.84,9.87,10.42,50.01,9.2,1.87,2.28,10.44,4.6,4.44,59.96,136.0,21.0,59.42,13.95,0,0,
BANK_077,"Woods, Calhoun and Schmidt Rural Bank",Upper East,Medium,Moderate,3,2021,Q3,2021-Q3,64.61,14.2,17.87,25.82,2.57,1.95,50.63,27.66,21.97,16.11,12.0,51.0,9.94,2.22,3.44,15.64,9.26,3.87,49.2,60.0,29.0,,31.69,0,0,
BANK_077,"Woods, Calhoun and Schmidt Rural Bank",Upper East,Medium,Moderate,4,2021,Q4,2021-Q4,70.84,15.45,20.93,40.92,4.21,3.83,53.98,29.54,21.81,10.5,19.09,75.81,10.28,3.15,4.44,20.37,3.45,2.18,70.61,73.0,30.0,53.97,33.34,0,0,
BANK_077,"Woods, Calhoun and Schmidt Rural Bank",Upper East,Medium,Moderate,5,2022,Q1,2022-Q1,72.9,16.23,21.08,35.58,3.73,2.44,53.11,28.92,22.27,12.49,10.28,67.0,10.49,3.39,4.65,20.9,3.78,3.08,31.14,194.0,25.0,46.25,11.43,0,0,
BANK_077,"Woods, Calhoun and Schmidt Rural Bank",Upper East,Medium,Moderate,6,2022,Q2,2022-Q2,78.1,17.68,22.57,39.3,4.31,2.7,61.32,28.9,22.64,17.19,10.49,64.08,10.97,2.48,3.18,14.04,6.61,4.18,87.3,213.0,25.0,47.24,6.28,0,0,
BANK_077,"Woods, Calhoun and Schmidt Rural Bank",Upper East,Medium,Moderate,7,2022,Q3,2022-Q3,80.65,18.57,22.5,27.35,2.95,3.17,57.36,27.89,23.02,9.95,9.77,47.69,10.78,4.1,5.09,22.11,8.4,3.8,37.66,68.0,15.0,21.32,13.03,0,0,
BANK_077,"Woods, Calhoun and Schmidt Rural Bank",Upper East,Medium,Moderate,8,2022,Q4,2022-Q4,75.73,17.33,20.91,45.29,5.07,5.09,55.49,27.61,22.89,13.66,7.18,81.62,11.18,3.06,4.03,17.63,2.39,4.15,39.66,147.0,9.0,34.67,8.32,0,0,
BANK_077,"Woods, Calhoun and Schmidt Rural Bank",Upper East,Medium,Moderate,9,2023,Q1,2023-Q1,80.61,18.2,24.52,41.89,4.64,2.53,64.73,30.42,22.58,10.45,19.65,64.71,11.09,4.29,5.32,23.55,6.1,4.89,64.34,125.0,17.0,40.0,9.23,0,0,
BANK_077,"Woods, Calhoun and Schmidt Rural Bank",Upper East,Medium,Moderate,10,2023,Q2,2023-Q2,80.37,17.76,25.1,37.99,4.21,3.04,64.03,31.24,22.1,16.58,19.78,59.33,11.08,1.26,1.57,7.1,9.07,2.69,79.21,159.0,14.0,53.82,34.58,0,0,
BANK_077,"Woods, Calhoun and Schmidt Rural Bank",Upper East,Medium,Moderate,11,2023,Q3,2023-Q3,88.76,19.49,27.98,60.72,6.88,7.41,74.87,31.52,21.96,16.15,16.25,81.1,11.33,2.89,3.26,14.84,5.19,6.13,74.6,140.0,18.0,18.27,5.2,0,0,
BANK_077,"Woods, Calhoun and Schmidt Rural Bank",Upper East,Medium,Moderate,12,2023,Q4,2023-Q4,79.25,17.56,23.93,46.52,5.41,4.6,66.61,30.2,22.15,14.11,16.94,69.85,11.62,1.3,1.64,7.42,3.35,5.2,54.55,,,59.26,11.16,0,0,
BANK_078,Yu Inc Rural Bank,Eastern,Small,Conservative,1,2021,Q1,2021-Q1,9.63,1.43,3.35,4.76,0.08,0.06,6.93,34.75,14.88,13.65,18.28,68.7,1.62,0.47,4.84,32.52,8.16,0.71,62.56,46.0,14.0,31.0,17.86,0,0,
BANK_078,Yu Inc Rural Bank,Eastern,Small,Conservative,2,2021,Q2,2021-Q2,9.17,1.36,3.12,2.59,0.04,0.04,6.44,33.96,14.85,18.79,7.09,40.26,1.69,0.33,3.65,24.56,10.2,0.68,85.23,84.0,4.0,41.72,22.46,0,0,
BANK_078,Yu Inc Rural Bank,Eastern,Small,Conservative,3,2021,Q3,2021-Q3,8.15,1.24,2.8,3.11,0.05,0.04,6.81,34.34,15.25,18.37,6.34,45.62,1.68,0.25,3.1,20.34,6.41,0.27,39.02,51.0,11.0,17.16,15.04,0,0,
BANK_078,Yu Inc Rural Bank,Eastern,Small,Conservative,4,2021,Q4,2021-Q4,9.01,1.38,3.13,6.1,0.1,0.1,7.6,34.78,15.35,12.0,7.85,80.23,1.66,0.37,4.09,26.63,8.43,0.45,62.05,75.0,14.0,,12.39,0,0,
BANK_078,Yu Inc Rural Bank,Eastern,Small,Conservative,5,2022,Q1,2022-Q1,8.69,1.34,3.03,3.02,0.05,0.03,6.72,34.91,15.39,13.7,13.74,44.89,1.65,0.25,2.85,18.49,8.76,0.49,54.84,56.0,2.0,49.67,6.23,0,0,
BANK_078,Yu Inc Rural Bank,Eastern,Small,Conservative,6,2022,Q2,2022-Q2,9.11,1.42,3.26,5.95,0.1,0.06,7.55,35.83,15.59,22.94,12.92,78.75,1.64,0.11,1.15,7.41,10.07,0.58,88.81,,2.0,42.43,,0,0,
BANK_078,Yu Inc Rural Bank,Eastern,Small,Conservative,7,2022,Q3,2022-Q3,9.2,1.42,3.33,6.23,0.1,0.11,7.78,36.2,15.46,22.5,6.46,80.03,1.6,0.43,4.67,30.17,8.15,0.68,40.61,94.0,14.0,54.24,12.52,0,0,
BANK_078,Yu Inc Rural Bank,Eastern,Small,Conservative,8,2022,Q4,2022-Q4,8.85,1.38,3.1,5.37,0.09,0.1,6.23,35.04,15.64,22.43,13.92,86.23,1.69,0.17,1.95,12.49,9.06,0.33,81.03,39.0,11.0,35.48,34.59,0,0,
BANK_078,Yu Inc Rural Bank,Eastern,Small,Conservative,9,2023,Q1,2023-Q1,9.83,1.55,3.42,6.12,0.1,0.11,7.61,34.79,15.81,12.03,10.52,80.4,1.7,0.21,2.1,13.29,8.09,0.7,46.23,94.0,14.0,24.02,12.91,0,0,
BANK_078,Yu Inc Rural Bank,Eastern,Small,Conservative,10,2023,Q2,2023-Q2,10.35,1.64,3.54,4.84,0.09,0.06,7.51,34.16,15.82,16.67,15.65,64.47,1.77,0.17,1.6,10.09,6.52,0.36,33.19,88.0,4.0,40.88,9.47,0,0,
BANK_078,Yu Inc Rural Bank,Eastern,Small,Conservative,11,2023,Q3,2023-Q3,9.97,1.56,3.47,3.52,0.06,0.06,8.29,34.87,15.61,10.49,7.16,42.53,1.77,0.22,2.21,14.18,7.73,0.79,34.77,52.0,2.0,23.97,32.22,0,0,
BANK_078,Yu Inc Rural Bank,Eastern,Small,Conservative,12,2023,Q4,2023-Q4,10.1,1.57,3.62,6.45,0.12,0.1,7.3,35.82,15.57,21.78,13.07,88.3,1.82,0.43,4.27,27.43,10.77,,68.35,89.0,4.0,36.86,33.82,0,0,
BANK_079,Jones Inc Rural Bank,Bono,Small,Aggressive,1,2021,Q1,2021-Q1,26.31,3.57,4.0,19.68,4.75,4.7,22.19,15.19,13.56,11.11,10.27,88.68,24.15,0.4,1.52,11.23,2.6,0.81,87.08,84.0,9.0,59.94,33.59,1,0,High NPL; 
BANK_079,Jones Inc Rural Bank,Bono,Small,Aggressive,2,2021,Q2,2021-Q2,26.29,3.64,3.98,13.0,3.19,2.36,19.02,15.14,13.84,10.6,7.28,68.36,24.53,0.99,3.78,27.33,8.02,1.04,42.78,99.0,5.0,52.72,19.11,1,0,High NPL; 
BANK_079,Jones Inc Rural Bank,Bono,Small,Aggressive,3,2021,Q3,2021-Q3,24.31,3.35,3.83,15.89,3.91,2.32,17.97,15.74,13.76,13.78,16.61,88.44,24.6,0.84,3.46,25.17,10.52,,41.44,32.0,7.0,18.38,27.67,1,0,High NPL; 
BANK_079,Jones Inc Rural Bank,Bono,Small,Aggressive,4,2021,Q4,2021-Q4,22.4,3.05,3.64,13.9,3.49,3.67,17.59,16.23,13.61,19.85,12.64,78.99,25.15,0.42,1.87,13.72,2.52,1.68,91.47,78.0,11.0,27.16,21.27,1,0,High NPL; 
BANK_079,Jones Inc Rural Bank,Bono,Small,Aggressive,5,2022,Q1,2022-Q1,21.78,2.93,3.63,10.25,2.62,2.83,16.46,16.68,13.46,22.3,12.25,62.25,25.58,0.8,3.69,27.41,9.8,1.19,91.85,35.0,13.0,26.63,8.08,1,0,High NPL; 
BANK_079,Jones Inc Rural Bank,Bono,Small,Aggressive,6,2022,Q2,2022-Q2,24.63,3.28,3.93,14.27,3.69,2.72,20.23,15.94,13.31,17.01,8.46,70.57,25.86,1.03,4.19,31.46,5.5,1.96,66.65,85.0,11.0,,10.21,1,0,High NPL; 
BANK_079,Jones Inc Rural Bank,Bono,Small,Aggressive,7,2022,Q3,2022-Q3,25.17,3.3,4.0,10.83,2.8,1.73,21.28,15.89,13.11,17.96,17.78,50.87,25.85,1.37,5.45,41.57,4.55,1.45,41.43,70.0,3.0,37.11,24.66,1,0,High NPL; 
BANK_079,Jones Inc Rural Bank,Bono,Small,Aggressive,8,2022,Q4,2022-Q4,22.43,2.95,3.52,14.17,3.81,2.79,18.42,15.71,13.14,8.48,7.42,76.93,26.91,0.73,3.26,24.84,8.51,1.59,47.38,61.0,10.0,39.82,13.22,1,0,High NPL; 
BANK_079,Jones Inc Rural Bank,Bono,Small,Aggressive,9,2023,Q1,2023-Q1,22.08,2.91,3.39,15.4,4.3,3.52,16.67,15.33,13.2,8.49,18.57,92.39,27.92,1.21,5.48,41.5,6.31,0.89,66.12,37.0,4.0,39.56,16.73,1,0,High NPL; 
BANK_079,Jones Inc Rural Bank,Bono,Small,Aggressive,10,2023,Q2,2023-Q2,22.37,2.94,3.26,15.69,4.42,4.71,17.77,14.56,13.13,23.69,14.39,88.3,28.15,0.46,2.07,15.77,7.4,0.85,62.3,27.0,14.0,43.71,30.63,1,0,Low Liquidity; High NPL; 
BANK_079,Jones Inc Rural Bank,Bono,Small,Aggressive,11,2023,Q3,2023-Q3,23.69,3.12,3.62,13.56,3.75,3.13,18.03,15.29,13.17,9.75,13.64,75.18,27.67,0.21,0.89,6.76,2.55,0.94,59.68,,4.0,50.17,27.86,1,0,High NPL; 
BANK_079,Jones Inc Rural Bank,Bono,Small,Aggressive,12,2023,Q4,2023-Q4,25.61,3.36,4.03,10.56,2.81,2.45,18.26,15.74,13.14,24.01,16.63,57.83,26.61,0.94,3.67,27.94,11.24,1.27,71.17,,9.0,42.67,26.49,1,0,High NPL; 
BANK_080,"Hensley, Powell and David Rural Bank",Greater Accra,Small,Moderate,1,2021,Q1,2021-Q1,44.69,4.44,7.77,23.13,3.35,1.96,37.39,17.38,9.94,23.89,10.05,61.87,14.47,1.08,2.41,24.29,4.42,,47.91,75.0,,38.26,32.52,1,0,Low Capital; 
BANK_080,"Hensley, Powell and David Rural Bank",Greater Accra,Small,Moderate,2,2021,Q2,2021-Q2,45.7,4.57,7.94,19.73,2.87,2.41,34.12,17.38,9.99,10.28,8.96,57.83,14.52,2.31,5.06,50.66,5.81,2.58,31.91,24.0,10.0,49.5,26.3,1,0,Low Capital; 
BANK_080,"Hensley, Powell and David Rural Bank",Greater Accra,Small,Moderate,3,2021,Q3,2021-Q3,44.53,4.46,7.76,15.91,2.37,2.37,31.82,17.42,10.02,21.69,15.4,50.0,14.87,2.64,5.92,59.12,3.35,3.48,69.08,85.0,,40.65,26.11,1,0,Low Capital; 
BANK_080,"Hensley, Powell and David Rural Bank",Greater Accra,Small,Moderate,4,2021,Q4,2021-Q4,45.12,4.51,7.61,18.28,2.73,1.46,31.8,16.87,10.0,16.36,6.73,57.49,14.93,1.5,3.33,33.35,2.78,1.94,91.97,28.0,5.0,,9.47,1,0,Low Capital; 
BANK_080,"Hensley, Powell and David Rural Bank",Greater Accra,Small,Moderate,5,2022,Q1,2022-Q1,43.97,4.46,7.55,17.16,2.54,1.35,35.28,17.17,10.14,9.38,11.78,48.63,14.77,1.85,4.21,41.48,3.36,2.41,39.92,33.0,2.0,29.44,7.69,1,0,Low Capital; 
BANK_080,"Hensley, Powell and David Rural Bank",Greater Accra,Small,Moderate,6,2022,Q2,2022-Q2,48.19,4.81,8.32,30.8,4.61,3.07,39.1,17.26,9.97,11.22,10.51,78.78,14.95,1.91,3.97,39.83,7.95,2.68,30.28,64.0,14.0,30.06,34.03,1,0,Low Capital; 
BANK_080,"Hensley, Powell and David Rural Bank",Greater Accra,Small,Moderate,7,2022,Q3,2022-Q3,46.63,4.63,8.14,24.89,3.99,2.06,37.04,17.45,9.93,12.31,10.98,67.2,16.02,1.16,2.48,25.01,11.87,2.09,88.28,44.0,3.0,26.14,13.18,1,0,Low Capital; High NPL; 
BANK_080,"Hensley, Powell and David Rural Bank",Greater Accra,Small,Moderate,8,2022,Q4,2022-Q4,46.59,4.66,7.46,26.42,4.63,2.43,34.47,16.02,10.01,16.21,14.37,76.64,17.51,2.53,5.43,54.26,6.92,2.68,43.12,83.0,6.0,58.05,34.81,1,0,Low Capital; High NPL; 
BANK_080,"Hensley, Powell and David Rural Bank",Greater Accra,Small,Moderate,9,2023,Q1,2023-Q1,48.77,4.87,7.81,34.54,5.94,6.46,38.33,16.02,9.99,20.67,17.07,90.12,17.21,0.58,1.2,11.98,4.09,2.82,74.49,31.0,5.0,23.69,11.6,1,0,Low Capital; High NPL; 
BANK_080,"Hensley, Powell and David Rural Bank",Greater Accra,Small,Moderate,10,2023,Q2,2023-Q2,49.3,4.95,8.25,31.08,5.35,5.36,37.14,16.74,10.03,23.31,16.06,83.67,17.22,0.79,1.6,15.93,4.65,3.74,91.51,58.0,6.0,27.73,19.96,1,0,Low Capital; High NPL; 
BANK_080,"Hensley, Powell and David Rural Bank",Greater Accra,Small,Moderate,11,2023,Q3,2023-Q3,54.1,5.42,9.06,33.74,5.86,6.98,41.03,16.75,10.01,24.73,10.24,82.24,17.37,1.63,3.01,30.05,6.86,2.44,50.41,59.0,4.0,47.0,21.09,1,0,Low Capital; High NPL; 
BANK_080,"Hensley, Powell and David Rural Bank",Greater Accra,Small,Moderate,12,2023,Q4,2023-Q4,56.88,5.58,9.56,20.29,3.59,2.71,40.09,16.8,9.81,22.59,16.26,50.63,17.69,2.83,4.98,50.77,2.79,3.36,71.6,20.0,14.0,33.3,20.52,1,0,Low Capital; High NPL; 
BANK_081,"Sanchez, Wheeler and Harvey Rural Bank",Eastern,Small,Moderate,1,2021,Q1,2021-Q1,13.77,2.95,3.26,8.14,0.96,0.64,11.26,23.72,21.44,10.53,17.16,72.22,11.77,0.17,1.26,5.89,2.63,1.06,93.99,27.0,6.0,20.15,30.03,0,0,
BANK_081,"Sanchez, Wheeler and Harvey Rural Bank",Eastern,Small,Moderate,2,2021,Q2,2021-Q2,15.27,3.27,3.58,9.03,1.1,0.79,11.42,23.43,21.42,11.33,13.1,79.06,12.21,0.86,5.63,26.27,3.05,0.5,87.16,76.0,7.0,48.86,27.24,0,0,
BANK_081,"Sanchez, Wheeler and Harvey Rural Bank",Eastern,Small,Moderate,3,2021,Q3,2021-Q3,15.06,3.22,3.3,11.84,1.52,0.91,12.72,21.92,21.37,9.13,14.61,93.01,12.82,0.48,3.18,14.86,8.9,0.88,57.93,85.0,12.0,47.94,7.31,0,0,
BANK_081,"Sanchez, Wheeler and Harvey Rural Bank",Eastern,Small,Moderate,4,2021,Q4,2021-Q4,15.8,3.36,3.37,8.96,1.14,0.92,12.28,21.33,21.24,10.17,19.83,72.96,12.72,0.5,3.19,15.0,3.64,1.05,93.29,57.0,10.0,34.39,9.15,0,0,
BANK_081,"Sanchez, Wheeler and Harvey Rural Bank",Eastern,Small,Moderate,5,2022,Q1,2022-Q1,15.94,3.35,3.51,6.92,0.88,0.56,11.62,22.0,21.03,14.21,14.88,59.52,12.7,0.32,2.02,9.61,7.19,1.01,81.97,38.0,4.0,15.88,11.84,0,0,
BANK_081,"Sanchez, Wheeler and Harvey Rural Bank",Eastern,Small,Moderate,6,2022,Q2,2022-Q2,16.78,3.49,3.6,5.76,0.74,0.56,12.75,21.44,20.8,10.5,10.76,45.15,12.8,0.44,2.64,12.71,4.24,1.17,93.92,22.0,10.0,26.88,,0,0,
BANK_081,"Sanchez, Wheeler and Harvey Rural Bank",Eastern,Small,Moderate,7,2022,Q3,2022-Q3,15.92,3.3,3.53,11.91,1.51,0.82,13.09,22.18,20.75,11.42,16.66,90.96,12.69,0.51,3.18,15.33,11.56,1.05,83.84,42.0,10.0,53.81,,0,0,
BANK_081,"Sanchez, Wheeler and Harvey Rural Bank",Eastern,Small,Moderate,8,2022,Q4,2022-Q4,16.65,3.44,3.48,12.03,1.58,1.05,12.71,20.92,20.64,17.54,13.4,94.62,13.09,0.28,1.68,8.14,11.5,1.22,40.11,33.0,8.0,49.78,11.57,0,0,
BANK_081,"Sanchez, Wheeler and Harvey Rural Bank",Eastern,Small,Moderate,9,2023,Q1,2023-Q1,17.0,3.48,3.56,7.37,0.96,0.62,13.79,20.92,20.5,9.53,15.37,53.44,12.99,0.5,2.96,14.44,10.21,1.0,44.47,23.0,9.0,20.98,15.28,0,0,
BANK_081,"Sanchez, Wheeler and Harvey Rural Bank",Eastern,Small,Moderate,10,2023,Q2,2023-Q2,18.52,3.8,4.14,9.98,1.31,1.4,13.0,22.38,20.5,17.04,6.23,76.77,13.12,0.49,2.65,12.93,4.43,0.63,64.75,91.0,8.0,48.26,13.95,0,0,
BANK_081,"Sanchez, Wheeler and Harvey Rural Bank",Eastern,Small,Moderate,11,2023,Q3,2023-Q3,16.77,3.42,3.6,8.6,1.18,1.22,13.66,21.49,20.38,13.49,6.64,62.93,13.74,0.83,4.96,24.31,5.39,0.72,44.46,35.0,11.0,54.94,11.92,0,0,
BANK_081,"Sanchez, Wheeler and Harvey Rural Bank",Eastern,Small,Moderate,12,2023,Q4,2023-Q4,16.56,3.36,3.7,7.81,1.08,1.29,12.96,22.34,20.27,13.07,14.87,60.27,13.79,0.97,5.86,28.93,4.03,0.59,78.8,76.0,12.0,30.46,32.92,0,0,
BANK_082,Sandoval-Cunningham Rural Bank,Western,Large,Aggressive,1,2021,Q1,2021-Q1,271.69,23.54,16.81,182.47,28.13,19.11,217.61,6.19,8.67,13.74,9.51,83.85,15.42,8.93,3.29,37.91,8.87,16.93,91.58,140.0,31.0,36.67,25.12,1,0,Low Liquidity; Low Capital; High NPL; 
BANK_082,Sandoval-Cunningham Rural Bank,Western,Large,Aggressive,2,2021,Q2,2021-Q2,289.45,25.09,18.45,87.55,13.78,8.37,207.55,6.37,8.67,9.0,14.13,42.18,15.74,11.03,3.81,43.97,8.36,10.64,60.79,222.0,70.0,24.86,27.0,1,0,Low Liquidity; Low Capital; High NPL; 
BANK_082,Sandoval-Cunningham Rural Bank,Western,Large,Aggressive,3,2021,Q3,2021-Q3,282.99,24.54,17.89,102.79,16.41,10.56,226.07,6.32,8.67,21.2,12.75,45.47,15.96,6.66,2.35,27.14,6.99,12.9,89.9,314.0,55.0,18.76,6.21,1,0,Low Liquidity; Low Capital; High NPL; 
BANK_082,Sandoval-Cunningham Rural Bank,Western,Large,Aggressive,4,2021,Q4,2021-Q4,277.71,23.81,17.82,149.74,23.48,12.79,210.0,6.42,8.58,22.53,15.32,71.3,15.68,10.36,3.73,43.52,8.49,,54.18,132.0,65.0,41.66,7.51,1,0,Low Liquidity; Low Capital; High NPL; 
BANK_082,Sandoval-Cunningham Rural Bank,Western,Large,Aggressive,5,2022,Q1,2022-Q1,282.65,24.58,17.91,81.01,12.58,13.02,199.08,6.33,8.7,20.01,16.48,40.69,15.53,11.26,3.98,45.79,10.85,11.97,88.79,463.0,38.0,19.25,26.8,1,0,Low Liquidity; Low Capital; High NPL; 
BANK_082,Sandoval-Cunningham Rural Bank,Western,Large,Aggressive,6,2022,Q2,2022-Q2,328.09,28.37,20.82,177.44,26.36,14.75,254.67,6.35,8.65,15.9,7.46,69.67,14.86,16.3,4.97,57.46,4.7,22.39,41.92,369.0,69.0,29.58,32.01,1,0,Low Liquidity; Low Capital; 
BANK_082,Sandoval-Cunningham Rural Bank,Western,Large,Aggressive,7,2022,Q3,2022-Q3,297.83,25.78,19.09,87.59,13.5,13.85,209.73,6.41,8.66,9.35,18.45,41.76,15.41,16.97,5.7,65.84,9.03,23.07,51.39,377.0,65.0,32.12,33.95,1,0,Low Liquidity; Low Capital; High NPL; 
BANK_082,Sandoval-Cunningham Rural Bank,Western,Large,Aggressive,8,2022,Q4,2022-Q4,264.03,22.61,16.19,183.03,29.82,34.32,196.11,6.13,8.56,18.21,18.8,93.33,16.29,11.27,4.27,49.86,9.63,9.94,93.28,245.0,50.0,36.09,19.05,1,0,Low Liquidity; Low Capital; High NPL; 
BANK_082,Sandoval-Cunningham Rural Bank,Western,Large,Aggressive,9,2023,Q1,2023-Q1,276.99,23.85,17.27,174.53,28.26,18.15,206.36,6.24,8.61,16.94,5.41,84.57,16.19,3.59,1.3,15.07,5.99,17.54,92.9,270.0,23.0,51.78,27.33,1,0,Low Liquidity; Low Capital; High NPL; 
BANK_082,Sandoval-Cunningham Rural Bank,Western,Large,Aggressive,10,2023,Q2,2023-Q2,311.32,26.93,20.57,211.75,31.58,26.84,225.31,6.61,8.65,21.61,11.07,93.99,14.91,9.73,3.12,36.12,10.05,15.98,94.96,274.0,19.0,33.08,27.28,1,0,Low Liquidity; Low Capital; 
BANK_082,Sandoval-Cunningham Rural Bank,Western,Large,Aggressive,11,2023,Q3,2023-Q3,309.83,27.12,20.69,220.23,33.99,30.7,254.69,6.68,8.75,8.08,13.92,86.47,15.43,3.61,1.17,13.31,11.8,11.54,56.29,473.0,22.0,52.97,29.55,1,0,Low Liquidity; Low Capital; High NPL; 
BANK_082,Sandoval-Cunningham Rural Bank,Western,Large,Aggressive,12,2023,Q4,2023-Q4,314.31,27.42,20.7,177.7,28.17,27.21,253.37,6.59,8.72,8.8,8.51,70.13,15.85,5.26,1.67,19.18,3.91,,77.49,135.0,32.0,56.01,21.7,1,0,Low Liquidity; Low Capital; High NPL; 
BANK_083,Donovan-Harris Rural Bank,Central,Medium,Conservative,1,2021,Q1,2021-Q1,89.82,26.1,29.34,65.23,3.86,4.0,72.66,32.66,29.06,21.85,8.66,89.78,5.92,4.62,5.14,17.71,5.6,4.49,87.77,154.0,33.0,43.2,22.81,0,0,
BANK_083,Donovan-Harris Rural Bank,Central,Medium,Conservative,2,2021,Q2,2021-Q2,103.41,30.07,34.57,65.55,3.87,3.67,82.57,33.43,29.08,8.87,14.46,79.39,5.9,3.49,3.37,11.6,4.68,5.07,,62.0,20.0,59.76,13.97,0,0,
BANK_083,Donovan-Harris Rural Bank,Central,Medium,Conservative,3,2021,Q3,2021-Q3,106.06,31.36,36.3,34.9,2.05,1.23,77.68,34.23,29.57,13.63,9.88,44.93,5.88,4.15,3.91,13.24,9.03,5.24,,140.0,,32.8,22.62,0,0,
BANK_083,Donovan-Harris Rural Bank,Central,Medium,Conservative,4,2021,Q4,2021-Q4,113.2,33.62,38.08,46.16,2.86,1.62,83.58,33.64,29.7,24.12,15.06,55.22,6.2,4.24,3.75,12.61,5.06,7.32,32.91,146.0,20.0,22.29,30.12,0,0,
BANK_083,Donovan-Harris Rural Bank,Central,Medium,Conservative,5,2022,Q1,2022-Q1,116.08,34.61,37.18,43.72,2.65,1.93,96.03,32.03,29.82,13.27,10.46,45.52,6.06,5.4,4.65,15.59,9.48,6.49,72.75,152.0,5.0,17.97,16.51,0,0,
BANK_083,Donovan-Harris Rural Bank,Central,Medium,Conservative,6,2022,Q2,2022-Q2,136.43,40.76,45.98,60.29,3.45,2.22,100.08,33.7,29.88,20.08,5.45,60.24,5.71,5.94,4.35,14.56,3.77,7.05,70.32,55.0,18.0,21.97,21.26,0,0,
BANK_083,Donovan-Harris Rural Bank,Central,Medium,Conservative,7,2022,Q3,2022-Q3,143.48,43.4,46.1,47.24,2.72,1.67,113.47,32.13,30.24,21.21,5.54,41.63,5.75,7.49,5.22,17.26,10.89,6.49,72.95,105.0,29.0,20.42,27.88,0,0,
BANK_083,Donovan-Harris Rural Bank,Central,Medium,Conservative,8,2022,Q4,2022-Q4,146.36,44.17,46.46,74.24,4.43,2.31,122.29,31.75,30.18,8.0,16.08,60.71,5.97,3.46,2.36,7.83,10.53,10.0,52.12,50.0,23.0,25.71,27.37,0,0,
BANK_083,Donovan-Harris Rural Bank,Central,Medium,Conservative,9,2023,Q1,2023-Q1,169.88,50.98,56.09,88.55,5.11,5.75,127.48,33.02,30.01,9.21,17.78,69.47,5.77,8.59,5.06,16.85,2.92,5.57,53.61,241.0,36.0,24.09,9.46,0,0,
BANK_083,Donovan-Harris Rural Bank,Central,Medium,Conservative,10,2023,Q2,2023-Q2,162.24,48.1,56.08,85.39,4.99,5.41,132.55,34.57,29.65,11.33,16.39,64.42,5.85,2.88,1.78,5.99,9.51,6.85,30.18,232.0,25.0,35.02,26.77,0,0,
BANK_083,Donovan-Harris Rural Bank,Central,Medium,Conservative,11,2023,Q3,2023-Q3,165.35,48.97,56.52,101.61,6.22,7.15,135.03,34.18,29.61,20.65,6.03,75.25,6.12,4.22,2.55,8.62,7.62,,59.19,186.0,20.0,20.46,6.76,0,0,
BANK_083,Donovan-Harris Rural Bank,Central,Medium,Conservative,12,2023,Q4,2023-Q4,170.2,50.65,58.8,115.47,7.03,7.97,132.48,34.55,29.76,18.04,6.56,87.16,6.09,7.92,4.66,15.64,2.31,7.79,47.38,239.0,,46.82,6.28,0,0,
BANK_084,"Edwards, Baker and Anderson Rural Bank",Eastern,Large,Moderate,1,2021,Q1,2021-Q1,318.61,49.22,100.67,224.1,31.38,17.48,268.55,31.6,15.45,15.67,16.92,83.45,14.0,17.11,5.37,34.76,2.89,22.67,40.38,,11.0,20.57,18.37,0,0,
BANK_084,"Edwards, Baker and Anderson Rural Bank",Eastern,Large,Moderate,2,2021,Q2,2021-Q2,324.2,50.41,101.81,118.86,16.68,13.83,245.87,31.4,15.55,10.16,8.53,48.34,14.04,4.51,1.39,8.95,3.91,13.86,47.96,358.0,13.0,18.64,10.66,0,0,
BANK_084,"Edwards, Baker and Anderson Rural Bank",Eastern,Large,Moderate,3,2021,Q3,2021-Q3,323.48,50.77,98.7,142.94,20.55,18.53,236.78,30.51,15.69,23.25,15.96,60.37,14.37,17.52,5.41,34.5,6.25,16.56,40.47,202.0,,,34.06,0,0,
BANK_084,"Edwards, Baker and Anderson Rural Bank",Eastern,Large,Moderate,4,2021,Q4,2021-Q4,291.51,45.89,87.89,171.23,23.6,12.9,224.16,30.15,15.74,16.83,7.62,76.38,13.78,7.06,2.42,15.39,9.08,19.29,51.59,,26.0,47.72,5.48,0,0,
BANK_084,"Edwards, Baker and Anderson Rural Bank",Eastern,Large,Moderate,5,2022,Q1,2022-Q1,289.02,45.21,91.0,91.87,12.85,14.53,210.47,31.49,15.64,8.53,16.59,43.65,13.99,6.64,2.3,14.7,9.31,18.43,45.8,,61.0,16.5,26.53,0,0,
BANK_084,"Edwards, Baker and Anderson Rural Bank",Eastern,Large,Moderate,6,2022,Q2,2022-Q2,293.25,45.88,88.12,221.13,31.18,28.67,237.4,30.05,15.65,8.4,11.05,93.15,14.1,5.23,1.78,11.4,7.52,14.7,42.35,409.0,41.0,28.95,9.85,0,0,
BANK_084,"Edwards, Baker and Anderson Rural Bank",Eastern,Large,Moderate,7,2022,Q3,2022-Q3,320.95,50.76,98.39,132.02,18.66,12.08,253.33,30.66,15.82,21.13,15.04,52.12,14.13,5.85,1.82,11.53,4.54,11.24,47.41,264.0,14.0,54.23,20.41,0,0,
BANK_084,"Edwards, Baker and Anderson Rural Bank",Eastern,Large,Moderate,8,2022,Q4,2022-Q4,280.1,44.85,86.94,145.38,21.46,18.11,228.06,31.04,16.01,21.3,15.05,63.75,14.76,9.84,3.51,21.94,3.12,10.03,91.66,185.0,63.0,26.1,17.92,0,0,
BANK_084,"Edwards, Baker and Anderson Rural Bank",Eastern,Large,Moderate,9,2023,Q1,2023-Q1,271.33,43.63,84.55,165.27,24.09,19.4,212.03,31.16,16.08,9.47,16.06,77.95,14.58,6.71,2.47,15.37,11.0,,78.28,329.0,22.0,41.77,27.66,0,0,
BANK_084,"Edwards, Baker and Anderson Rural Bank",Eastern,Large,Moderate,10,2023,Q2,2023-Q2,286.53,45.94,87.74,89.69,12.58,13.08,222.91,30.62,16.03,23.29,13.33,40.24,14.03,13.46,4.7,29.3,10.47,21.62,89.32,145.0,39.0,15.01,20.19,0,0,
BANK_084,"Edwards, Baker and Anderson Rural Bank",Eastern,Large,Moderate,11,2023,Q3,2023-Q3,306.7,49.82,89.81,125.33,17.95,15.07,235.94,29.28,16.24,16.83,7.41,53.12,14.33,5.02,1.64,10.08,7.17,9.96,87.3,237.0,65.0,46.57,27.99,0,0,
BANK_084,"Edwards, Baker and Anderson Rural Bank",Eastern,Large,Moderate,12,2023,Q4,2023-Q4,290.39,46.82,84.81,100.56,14.57,14.02,243.29,29.21,16.12,12.6,11.1,41.33,14.49,6.35,2.19,13.56,4.57,22.01,62.5,367.0,28.0,38.53,15.5,0,0,
BANK_085,"Evans, Stewart and Walton Rural Bank",Western,Small,Moderate,1,2021,Q1,2021-Q1,19.45,2.61,4.79,10.88,1.59,0.93,14.26,24.6,13.43,9.45,11.14,76.3,14.59,0.21,1.1,8.21,11.23,1.37,75.12,,12.0,44.13,30.42,0,0,
BANK_085,"Evans, Stewart and Walton Rural Bank",Western,Small,Moderate,2,2021,Q2,2021-Q2,20.88,2.74,4.95,7.73,1.11,0.61,17.3,23.72,13.14,23.06,16.64,44.66,14.33,0.38,1.8,13.68,8.3,1.3,48.27,,2.0,42.35,19.39,0,0,
BANK_085,"Evans, Stewart and Walton Rural Bank",Western,Small,Moderate,3,2021,Q3,2021-Q3,20.04,2.62,4.67,12.97,1.89,1.63,14.35,23.28,13.07,12.47,16.06,90.4,14.6,0.86,4.3,32.86,11.45,1.05,78.71,71.0,8.0,17.24,27.25,0,0,
BANK_085,"Evans, Stewart and Walton Rural Bank",Western,Small,Moderate,4,2021,Q4,2021-Q4,19.28,2.5,4.43,13.44,1.99,1.85,16.28,22.96,12.99,24.69,19.22,82.54,14.84,1.09,5.65,43.48,11.73,1.5,30.5,79.0,5.0,46.73,34.42,0,0,
BANK_085,"Evans, Stewart and Walton Rural Bank",Western,Small,Moderate,5,2022,Q1,2022-Q1,19.94,2.58,4.89,7.89,1.17,0.61,14.63,24.51,12.92,24.48,16.02,53.93,14.86,0.83,4.19,32.39,7.15,0.87,,49.0,11.0,45.72,7.78,0,0,
BANK_085,"Evans, Stewart and Walton Rural Bank",Western,Small,Moderate,6,2022,Q2,2022-Q2,22.02,2.87,5.74,15.61,2.27,1.4,16.86,26.09,13.04,24.85,10.89,92.55,14.56,0.68,3.07,23.58,5.95,1.67,,76.0,13.0,25.6,10.08,0,0,
BANK_085,"Evans, Stewart and Walton Rural Bank",Western,Small,Moderate,7,2022,Q3,2022-Q3,21.5,2.78,5.64,9.76,1.43,1.13,17.21,26.25,12.91,21.11,9.29,56.75,14.69,0.67,3.11,24.11,11.26,1.19,52.6,97.0,7.0,25.4,10.33,0,0,
BANK_085,"Evans, Stewart and Walton Rural Bank",Western,Small,Moderate,8,2022,Q4,2022-Q4,21.3,2.74,5.73,9.93,1.53,0.81,17.29,26.87,12.87,9.31,13.2,57.46,15.42,1.07,5.05,39.21,10.23,,,,,,16.63,1,0,High NPL; 
BANK_085,"Evans, Stewart and Walton Rural Bank",Western,Small,Moderate,9,2023,Q1,2023-Q1,19.18,2.46,5.22,13.18,2.07,1.79,14.61,27.22,12.83,18.2,15.88,90.18,15.71,0.44,2.32,18.06,5.83,1.11,91.23,71.0,6.0,15.47,34.45,1,0,High NPL; 
BANK_085,"Evans, Stewart and Walton Rural Bank",Western,Small,Moderate,10,2023,Q2,2023-Q2,22.6,2.9,6.18,13.37,2.03,1.76,18.23,27.35,12.83,19.43,13.24,73.3,15.2,1.1,4.86,37.88,3.84,1.37,33.39,28.0,10.0,18.19,22.86,1,0,High NPL; 
BANK_085,"Evans, Stewart and Walton Rural Bank",Western,Small,Moderate,11,2023,Q3,2023-Q3,21.85,2.77,5.97,9.65,1.5,0.8,17.98,27.32,12.7,21.47,6.94,53.68,15.56,0.97,4.45,35.07,4.61,1.45,76.58,56.0,10.0,35.01,15.07,1,0,High NPL; 
BANK_085,"Evans, Stewart and Walton Rural Bank",Western,Small,Moderate,12,2023,Q4,2023-Q4,22.52,2.86,6.25,11.09,1.79,0.92,17.82,27.75,12.69,19.69,10.77,62.2,16.18,0.73,3.25,25.58,7.24,1.31,77.56,86.0,10.0,40.38,16.21,1,0,High NPL; 
BANK_086,Smith PLC Rural Bank,Greater Accra,Small,Moderate,1,2021,Q1,2021-Q1,11.2,3.26,3.47,6.48,0.25,0.27,9.11,30.94,29.09,21.17,11.93,71.14,3.82,0.12,1.1,3.78,7.27,0.37,65.81,77.0,3.0,46.27,18.49,0,0,
BANK_086,Smith PLC Rural Bank,Greater Accra,Small,Moderate,2,2021,Q2,2021-Q2,11.3,3.33,3.36,5.5,0.2,0.11,9.43,29.74,29.49,14.19,10.04,58.26,3.7,0.6,5.27,17.86,9.61,,56.85,35.0,14.0,41.92,27.63,0,0,
BANK_086,Smith PLC Rural Bank,Greater Accra,Small,Moderate,3,2021,Q3,2021-Q3,11.67,3.45,3.55,4.13,0.15,0.17,9.87,30.41,29.6,20.52,19.24,41.78,3.74,0.58,4.99,16.85,4.21,0.73,31.69,87.0,14.0,44.8,20.38,0,0,
BANK_086,Smith PLC Rural Bank,Greater Accra,Small,Moderate,4,2021,Q4,2021-Q4,10.98,3.29,3.24,6.3,0.24,0.19,7.92,29.46,29.95,23.12,14.4,79.54,3.85,0.29,2.61,8.7,2.42,0.69,74.48,64.0,10.0,38.57,25.78,0,0,
BANK_086,Smith PLC Rural Bank,Greater Accra,Small,Moderate,5,2022,Q1,2022-Q1,11.15,3.33,3.21,3.73,0.14,0.15,8.2,28.81,29.82,15.12,8.16,45.46,3.79,0.34,3.08,10.34,6.44,0.57,51.23,,,22.28,10.43,0,0,
BANK_086,Smith PLC Rural Bank,Greater Accra,Small,Moderate,6,2022,Q2,2022-Q2,10.33,3.11,3.04,7.28,0.27,0.32,8.63,29.44,30.08,14.17,11.32,84.36,3.76,0.19,1.83,6.07,6.99,0.68,35.41,70.0,13.0,26.78,25.79,0,0,
BANK_086,Smith PLC Rural Bank,Greater Accra,Small,Moderate,7,2022,Q3,2022-Q3,9.7,2.87,2.83,5.44,0.21,0.21,7.32,29.14,29.55,24.62,9.21,74.34,3.79,0.48,4.91,16.61,7.81,,83.66,34.0,2.0,53.27,21.99,0,0,
BANK_086,Smith PLC Rural Bank,Greater Accra,Small,Moderate,8,2022,Q4,2022-Q4,8.68,2.54,2.52,4.84,0.19,0.16,6.45,28.98,29.27,9.08,6.28,75.09,3.99,0.22,2.58,8.81,8.77,0.58,45.78,60.0,12.0,32.1,9.01,0,0,
BANK_086,Smith PLC Rural Bank,Greater Accra,Small,Moderate,9,2023,Q1,2023-Q1,9.76,2.82,2.88,4.57,0.18,0.11,7.72,29.51,28.88,17.08,5.11,59.17,3.99,0.23,2.4,8.3,4.15,0.58,89.53,86.0,4.0,49.46,11.9,0,0,
BANK_086,Smith PLC Rural Bank,Greater Accra,Small,Moderate,10,2023,Q2,2023-Q2,9.98,2.88,2.78,3.49,0.14,0.16,7.08,27.85,28.82,10.02,18.67,49.27,4.1,0.31,3.09,10.74,4.72,0.31,81.25,85.0,4.0,21.81,9.34,0,0,
BANK_086,Smith PLC Rural Bank,Greater Accra,Small,Moderate,11,2023,Q3,2023-Q3,9.73,2.8,2.78,4.36,0.17,0.18,7.12,28.53,28.75,17.54,12.67,61.17,3.99,0.49,5.07,17.62,2.05,0.66,33.35,96.0,11.0,29.41,14.6,0,0,
BANK_086,Smith PLC Rural Bank,Greater Accra,Small,Moderate,12,2023,Q4,2023-Q4,10.23,2.94,2.88,5.15,0.2,0.16,7.2,28.19,28.77,17.64,17.29,71.5,3.97,0.21,2.08,7.23,8.49,0.43,59.95,58.0,4.0,54.43,20.77,0,0,
BANK_087,"Ferrell, Jones and Lewis Rural Bank",Greater Accra,Medium,Conservative,1,2021,Q1,2021-Q1,180.02,24.8,76.37,52.69,0.62,0.35,128.55,42.42,13.78,23.49,7.59,40.99,1.18,10.24,5.69,41.3,11.6,9.83,64.45,76.0,9.0,49.77,30.67,0,0,
BANK_087,"Ferrell, Jones and Lewis Rural Bank",Greater Accra,Medium,Conservative,2,2021,Q2,2021-Q2,185.29,25.65,78.84,93.51,1.1,0.75,142.47,42.55,13.84,14.18,9.15,65.63,1.17,10.0,5.4,38.98,3.71,7.59,52.71,235.0,21.0,44.11,16.62,0,0,
BANK_087,"Ferrell, Jones and Lewis Rural Bank",Greater Accra,Medium,Conservative,3,2021,Q3,2021-Q3,179.82,24.73,74.82,124.06,1.51,1.46,139.17,41.61,13.75,8.69,17.04,89.14,1.21,5.02,2.79,20.29,8.82,10.55,93.57,223.0,6.0,47.66,15.09,0,0,
BANK_087,"Ferrell, Jones and Lewis Rural Bank",Greater Accra,Medium,Conservative,4,2021,Q4,2021-Q4,186.39,26.02,78.15,130.62,1.6,1.19,150.28,41.93,13.96,18.57,12.55,86.91,1.23,10.98,5.89,42.2,5.72,5.89,58.98,158.0,31.0,47.79,33.94,0,0,
BANK_087,"Ferrell, Jones and Lewis Rural Bank",Greater Accra,Medium,Conservative,5,2022,Q1,2022-Q1,183.99,25.94,76.41,120.34,1.48,0.9,156.34,41.53,14.1,18.01,14.62,76.97,1.23,3.07,1.67,11.82,8.56,12.91,58.13,162.0,34.0,40.63,11.26,0,0,
BANK_087,"Ferrell, Jones and Lewis Rural Bank",Greater Accra,Medium,Conservative,6,2022,Q2,2022-Q2,191.44,26.43,83.03,119.89,1.45,1.06,162.7,43.37,13.8,23.84,7.32,73.69,1.21,10.24,5.35,38.76,6.72,9.13,76.18,112.0,8.0,28.96,18.03,0,0,
BANK_087,"Ferrell, Jones and Lewis Rural Bank",Greater Accra,Medium,Conservative,7,2022,Q3,2022-Q3,186.42,25.54,80.55,110.31,1.34,0.87,147.67,43.21,13.7,19.77,5.09,74.7,1.21,3.75,2.01,14.69,2.54,11.35,,202.0,30.0,58.2,6.71,0,0,
BANK_087,"Ferrell, Jones and Lewis Rural Bank",Greater Accra,Medium,Conservative,8,2022,Q4,2022-Q4,182.17,25.18,75.7,57.82,0.73,0.59,131.9,41.55,13.82,17.55,6.45,43.84,1.26,2.21,1.22,8.79,3.14,8.88,33.47,76.0,12.0,34.33,26.45,0,0,
BANK_087,"Ferrell, Jones and Lewis Rural Bank",Greater Accra,Medium,Conservative,9,2023,Q1,2023-Q1,190.47,26.16,77.56,102.05,1.34,1.59,134.58,40.72,13.74,24.18,17.83,75.83,1.31,5.64,2.96,21.55,8.16,14.2,84.02,145.0,13.0,21.17,19.64,0,0,
BANK_087,"Ferrell, Jones and Lewis Rural Bank",Greater Accra,Medium,Conservative,10,2023,Q2,2023-Q2,187.34,25.84,77.87,84.04,1.09,0.72,150.34,41.57,13.8,9.77,15.8,55.9,1.3,2.41,1.29,9.32,10.58,6.09,,,33.0,29.98,10.75,0,0,
BANK_087,"Ferrell, Jones and Lewis Rural Bank",Greater Accra,Medium,Conservative,11,2023,Q3,2023-Q3,188.74,26.35,81.49,112.29,1.44,1.27,139.24,43.18,13.96,12.5,10.0,80.64,1.29,9.62,5.1,36.51,7.73,7.13,43.41,143.0,,57.27,24.9,0,0,
BANK_087,"Ferrell, Jones and Lewis Rural Bank",Greater Accra,Medium,Conservative,12,2023,Q4,2023-Q4,182.08,25.43,75.43,132.07,1.71,1.98,140.46,41.42,13.97,13.09,15.09,94.02,1.29,4.49,2.46,17.65,6.81,13.82,,94.0,10.0,35.57,29.02,0,0,
BANK_088,Anderson-Bailey Rural Bank,Greater Accra,Small,Conservative,1,2021,Q1,2021-Q1,18.11,3.49,6.92,8.55,0.63,0.56,13.2,38.23,19.28,18.81,14.05,64.78,7.37,1.08,5.96,30.93,6.56,0.93,53.41,48.0,5.0,,31.12,0,0,
BANK_088,Anderson-Bailey Rural Bank,Greater Accra,Small,Conservative,2,2021,Q2,2021-Q2,17.1,3.26,6.53,11.4,0.87,0.68,12.92,38.21,19.07,21.72,6.55,88.24,7.61,0.54,3.15,16.52,9.01,0.88,55.53,99.0,9.0,31.53,,0,0,
BANK_088,Anderson-Bailey Rural Bank,Greater Accra,Small,Conservative,3,2021,Q3,2021-Q3,18.04,3.43,6.85,8.92,0.7,0.64,14.74,37.93,18.98,12.09,10.46,60.53,7.88,0.69,3.84,20.25,2.04,0.82,43.52,72.0,3.0,28.05,14.94,0,0,
BANK_088,Anderson-Bailey Rural Bank,Greater Accra,Small,Conservative,4,2021,Q4,2021-Q4,16.86,3.18,6.72,6.75,0.54,0.62,13.92,39.82,18.85,8.5,6.75,48.48,8.02,0.46,2.75,14.6,10.23,1.04,93.81,95.0,4.0,58.74,33.37,0,0,
BANK_088,Anderson-Bailey Rural Bank,Greater Accra,Small,Conservative,5,2022,Q1,2022-Q1,17.3,3.26,6.68,9.77,0.79,0.56,12.8,38.61,18.85,19.34,5.54,76.34,8.09,0.63,3.66,19.39,5.93,0.68,69.08,86.0,9.0,42.47,20.36,0,0,
BANK_088,Anderson-Bailey Rural Bank,Greater Accra,Small,Conservative,6,2022,Q2,2022-Q2,16.92,3.12,5.92,10.51,0.85,0.82,12.94,34.98,18.43,15.92,19.84,81.23,8.12,0.74,4.39,23.82,5.29,0.85,86.16,46.0,,,12.25,0,0,
BANK_088,Anderson-Bailey Rural Bank,Greater Accra,Small,Conservative,7,2022,Q3,2022-Q3,18.37,3.38,6.54,6.7,0.53,0.42,13.51,35.58,18.4,16.27,15.97,49.6,7.91,0.72,3.94,21.43,4.51,0.7,55.91,,8.0,,8.57,0,0,
BANK_088,Anderson-Bailey Rural Bank,Greater Accra,Small,Conservative,8,2022,Q4,2022-Q4,16.13,2.96,5.3,9.02,0.74,0.54,12.48,32.86,18.35,15.24,13.78,72.22,8.23,0.47,2.89,15.74,8.76,0.72,52.8,54.0,2.0,,12.67,0,0,
BANK_088,Anderson-Bailey Rural Bank,Greater Accra,Small,Conservative,9,2023,Q1,2023-Q1,15.94,2.87,5.02,6.49,0.54,0.53,13.19,31.47,18.02,23.39,17.41,49.17,8.33,0.64,3.99,22.12,6.53,0.93,43.14,75.0,4.0,40.08,24.43,0,0,
BANK_088,Anderson-Bailey Rural Bank,Greater Accra,Small,Conservative,10,2023,Q2,2023-Q2,15.85,2.88,5.05,5.64,0.5,0.47,11.46,31.88,18.19,20.68,16.63,49.21,8.86,0.39,2.47,13.58,8.23,0.62,44.23,25.0,11.0,37.81,12.15,0,0,
BANK_088,Anderson-Bailey Rural Bank,Greater Accra,Small,Conservative,11,2023,Q3,2023-Q3,15.15,2.78,5.14,7.37,0.64,0.43,10.67,33.94,18.33,19.5,17.56,69.05,8.64,0.23,1.51,8.26,10.58,0.64,53.49,70.0,,36.27,31.83,0,0,
BANK_088,Anderson-Bailey Rural Bank,Greater Accra,Small,Conservative,12,2023,Q4,2023-Q4,15.14,2.82,5.21,10.09,0.84,0.92,11.02,34.42,18.62,20.26,14.91,91.51,8.29,0.74,4.91,26.36,11.43,0.63,33.17,43.0,7.0,43.13,28.93,0,0,
BANK_089,Suarez LLC Rural Bank,Upper West,Small,Moderate,1,2021,Q1,2021-Q1,20.74,3.82,7.05,7.96,0.8,0.65,15.19,33.98,18.42,14.07,16.78,52.39,10.07,0.98,4.71,25.55,7.83,0.68,,36.0,3.0,29.82,22.37,0,0,
BANK_089,Suarez LLC Rural Bank,Upper West,Small,Moderate,2,2021,Q2,2021-Q2,22.14,4.15,7.69,12.31,1.28,0.74,16.86,34.73,18.74,9.44,6.76,73.01,10.41,1.15,5.21,27.78,6.27,1.16,85.11,69.0,4.0,24.5,5.19,0,0,
BANK_089,Suarez LLC Rural Bank,Upper West,Small,Moderate,3,2021,Q3,2021-Q3,19.6,3.74,6.29,11.12,1.24,1.42,14.02,32.09,19.09,12.2,19.25,79.27,11.13,1.04,5.33,27.92,5.12,0.85,88.59,23.0,10.0,16.94,29.02,0,0,
BANK_089,Suarez LLC Rural Bank,Upper West,Small,Moderate,4,2021,Q4,2021-Q4,19.65,3.75,6.3,8.54,0.94,0.95,15.55,32.08,19.05,21.66,12.55,54.94,10.96,1.13,5.77,30.29,5.96,0.92,,34.0,6.0,59.18,7.77,0,0,
BANK_089,Suarez LLC Rural Bank,Upper West,Small,Moderate,5,2022,Q1,2022-Q1,19.05,3.62,6.01,6.67,0.73,0.45,14.79,31.54,19.01,18.64,9.1,45.08,10.92,0.56,2.95,15.5,2.56,1.45,56.32,67.0,13.0,33.1,29.62,0,0,
BANK_089,Suarez LLC Rural Bank,Upper West,Small,Moderate,6,2022,Q2,2022-Q2,20.71,3.91,6.74,11.51,1.31,0.92,14.82,32.56,18.89,24.85,18.51,77.63,11.41,0.53,2.57,13.61,4.1,0.74,54.6,75.0,5.0,49.63,9.06,0,0,
BANK_089,Suarez LLC Rural Bank,Upper West,Small,Moderate,7,2022,Q3,2022-Q3,23.19,4.36,8.15,13.85,1.59,1.73,19.01,35.15,18.79,24.75,7.03,72.88,11.48,0.42,1.83,9.73,8.91,0.79,32.78,42.0,14.0,39.85,13.05,0,0,
BANK_089,Suarez LLC Rural Bank,Upper West,Small,Moderate,8,2022,Q4,2022-Q4,20.0,3.72,6.82,10.63,1.3,1.47,14.51,34.09,18.6,9.19,17.87,73.24,12.21,0.49,2.46,13.2,3.55,1.13,78.75,43.0,11.0,45.09,26.85,0,0,
BANK_089,Suarez LLC Rural Bank,Upper West,Small,Moderate,9,2023,Q1,2023-Q1,19.75,3.7,6.61,12.59,1.58,0.85,16.22,33.44,18.71,8.11,10.14,77.61,12.54,0.35,1.78,9.53,11.79,1.11,33.03,99.0,11.0,52.71,11.39,0,0,
BANK_089,Suarez LLC Rural Bank,Upper West,Small,Moderate,10,2023,Q2,2023-Q2,20.12,3.73,6.87,12.01,1.49,1.44,15.99,34.15,18.53,14.67,16.58,75.08,12.43,0.26,1.29,6.98,4.02,1.4,88.24,42.0,4.0,16.2,33.43,0,0,
BANK_089,Suarez LLC Rural Bank,Upper West,Small,Moderate,11,2023,Q3,2023-Q3,21.23,3.94,7.3,8.94,1.09,0.66,15.22,34.39,18.55,11.97,17.96,58.73,12.23,0.9,4.22,22.75,7.1,0.96,66.71,30.0,11.0,47.04,11.5,0,0,
BANK_089,Suarez LLC Rural Bank,Upper West,Small,Moderate,12,2023,Q4,2023-Q4,22.05,4.19,7.4,10.37,1.26,1.38,18.75,33.57,19.01,13.11,5.91,55.3,12.2,0.49,2.21,11.64,10.91,1.0,72.35,79.0,12.0,59.76,29.1,0,0,
BANK_090,Moore-Bass Rural Bank,Western,Medium,Conservative,1,2021,Q1,2021-Q1,148.55,41.15,32.5,113.43,1.77,1.76,121.29,21.88,27.7,13.41,18.59,93.52,1.56,2.43,1.63,5.9,11.5,6.97,76.36,164.0,8.0,40.26,24.83,0,0,
BANK_090,Moore-Bass Rural Bank,Western,Medium,Conservative,2,2021,Q2,2021-Q2,159.5,43.69,35.93,59.84,0.91,0.84,116.88,22.52,27.39,24.41,5.51,51.2,1.53,7.9,4.96,18.09,5.33,8.55,43.04,53.0,14.0,31.62,21.93,0,0,
BANK_090,Moore-Bass Rural Bank,Western,Medium,Conservative,3,2021,Q3,2021-Q3,159.74,43.46,38.14,86.72,1.35,1.24,114.64,23.88,27.21,19.53,5.64,75.64,1.56,8.74,5.47,20.1,9.67,9.39,83.6,247.0,14.0,20.33,26.94,0,0,
BANK_090,Moore-Bass Rural Bank,Western,Medium,Conservative,4,2021,Q4,2021-Q4,158.2,43.0,37.62,112.99,1.8,1.07,122.58,23.78,27.18,23.16,16.65,92.18,1.59,4.66,2.94,10.83,7.59,8.92,70.04,238.0,35.0,52.4,10.75,0,0,
BANK_090,Moore-Bass Rural Bank,Western,Medium,Conservative,5,2022,Q1,2022-Q1,161.78,43.05,38.84,94.03,1.5,1.67,136.97,24.01,26.61,24.99,18.58,68.65,1.59,8.45,5.22,19.62,8.57,11.69,35.37,176.0,12.0,20.22,31.79,0,0,
BANK_090,Moore-Bass Rural Bank,Western,Medium,Conservative,6,2022,Q2,2022-Q2,168.48,45.15,40.32,130.68,2.06,2.06,139.72,23.93,26.8,23.5,10.8,93.53,1.58,8.84,5.25,19.58,4.82,10.48,55.59,155.0,23.0,,18.92,0,0,
BANK_090,Moore-Bass Rural Bank,Western,Medium,Conservative,7,2022,Q3,2022-Q3,173.83,45.98,40.67,93.66,1.5,1.36,147.18,23.39,26.45,8.62,16.38,63.64,1.6,3.72,2.14,8.09,11.06,,58.37,133.0,33.0,31.52,30.78,0,0,
BANK_090,Moore-Bass Rural Bank,Western,Medium,Conservative,8,2022,Q4,2022-Q4,164.56,42.69,37.49,113.86,1.9,1.59,133.36,22.78,25.94,11.83,7.16,85.38,1.66,5.33,3.24,12.48,10.56,11.27,45.73,246.0,,38.79,20.9,0,0,
BANK_090,Moore-Bass Rural Bank,Western,Medium,Conservative,9,2023,Q1,2023-Q1,165.61,43.29,38.61,98.88,1.67,1.54,121.77,23.31,26.14,9.53,13.05,81.2,1.69,4.29,2.59,9.92,6.27,8.4,80.59,106.0,10.0,41.22,23.45,0,0,
BANK_090,Moore-Bass Rural Bank,Western,Medium,Conservative,10,2023,Q2,2023-Q2,187.34,49.39,43.73,77.47,1.22,0.82,154.29,23.34,26.37,22.24,14.8,50.21,1.58,9.44,5.04,19.11,5.72,8.5,80.28,225.0,25.0,56.73,16.49,0,0,
BANK_090,Moore-Bass Rural Bank,Western,Medium,Conservative,11,2023,Q3,2023-Q3,184.73,48.54,40.5,83.41,1.34,0.79,133.64,21.92,26.28,8.06,15.05,62.41,1.61,10.37,5.61,21.36,5.05,7.59,75.4,220.0,25.0,26.45,30.85,0,0,
BANK_090,Moore-Bass Rural Bank,Western,Medium,Conservative,12,2023,Q4,2023-Q4,159.54,42.01,35.3,98.87,1.64,1.82,125.89,22.13,26.34,17.98,14.07,78.53,1.65,4.33,2.71,10.31,7.32,,44.96,203.0,26.0,,18.14,0,0,
BANK_091,"Turner, Riggs and Roman Rural Bank",Greater Accra,Small,Moderate,1,2021,Q1,2021-Q1,11.39,3.06,2.63,6.85,0.59,0.41,9.01,23.08,26.83,21.71,6.64,75.98,8.67,0.54,4.77,17.79,9.39,0.77,39.35,27.0,13.0,52.67,25.44,0,0,
BANK_091,"Turner, Riggs and Roman Rural Bank",Greater Accra,Small,Moderate,2,2021,Q2,2021-Q2,10.49,2.85,2.37,6.73,0.57,0.39,8.78,22.56,27.18,8.4,8.36,76.72,8.48,0.38,3.6,13.23,11.88,0.74,88.34,69.0,8.0,59.57,18.41,0,0,
BANK_091,"Turner, Riggs and Roman Rural Bank",Greater Accra,Small,Moderate,3,2021,Q3,2021-Q3,10.55,2.87,2.3,5.41,0.46,0.52,7.99,21.79,27.24,20.79,9.96,67.67,8.55,0.25,2.39,8.77,5.68,0.64,57.05,60.0,11.0,36.03,10.73,0,0,
BANK_091,"Turner, Riggs and Roman Rural Bank",Greater Accra,Small,Moderate,4,2021,Q4,2021-Q4,9.25,2.53,2.03,4.11,0.36,0.35,7.09,21.93,27.33,16.01,9.36,58.05,8.79,0.1,1.03,3.77,5.41,0.65,55.23,65.0,4.0,56.21,32.7,0,0,
BANK_091,"Turner, Riggs and Roman Rural Bank",Greater Accra,Small,Moderate,5,2022,Q1,2022-Q1,9.66,2.62,2.07,5.12,0.45,0.3,7.02,21.46,27.14,12.49,6.13,72.92,8.85,0.51,5.32,19.61,3.14,0.58,56.08,35.0,7.0,57.32,28.45,0,0,
BANK_091,"Turner, Riggs and Roman Rural Bank",Greater Accra,Small,Moderate,6,2022,Q2,2022-Q2,9.8,2.67,2.16,3.46,0.3,0.15,7.37,22.05,27.21,13.76,10.0,46.95,8.68,0.32,3.22,11.84,7.66,0.63,34.02,57.0,5.0,57.66,15.8,0,0,
BANK_091,"Turner, Riggs and Roman Rural Bank",Greater Accra,Small,Moderate,7,2022,Q3,2022-Q3,9.56,2.59,2.14,6.18,0.56,0.43,7.14,22.37,27.06,9.13,14.75,86.58,9.03,0.2,2.11,7.81,10.83,0.68,35.62,37.0,11.0,36.87,27.8,0,0,
BANK_091,"Turner, Riggs and Roman Rural Bank",Greater Accra,Small,Moderate,8,2022,Q4,2022-Q4,8.4,2.29,1.88,2.93,0.27,0.26,6.33,22.43,27.22,12.16,13.38,46.22,9.34,0.4,4.78,17.56,5.6,0.58,38.88,48.0,8.0,34.07,17.99,0,0,
BANK_091,"Turner, Riggs and Roman Rural Bank",Greater Accra,Small,Moderate,9,2023,Q1,2023-Q1,8.72,2.37,1.89,5.62,0.54,0.6,6.83,21.69,27.21,15.93,7.9,82.28,9.7,0.46,5.26,19.34,2.94,0.55,51.66,50.0,9.0,36.6,16.45,0,0,
BANK_091,"Turner, Riggs and Roman Rural Bank",Greater Accra,Small,Moderate,10,2023,Q2,2023-Q2,9.13,2.45,2.0,3.85,0.38,0.25,6.67,21.96,26.8,12.45,12.58,57.78,9.98,0.2,2.19,8.16,10.85,0.63,34.85,86.0,2.0,26.39,32.57,0,0,
BANK_091,"Turner, Riggs and Roman Rural Bank",Greater Accra,Small,Moderate,11,2023,Q3,2023-Q3,9.8,2.64,2.24,4.71,0.45,0.37,8.16,22.85,26.92,22.99,11.86,57.68,9.59,0.53,5.4,20.05,8.59,0.65,32.55,68.0,10.0,15.92,30.32,0,0,
BANK_091,"Turner, Riggs and Roman Rural Bank",Greater Accra,Small,Moderate,12,2023,Q4,2023-Q4,10.49,2.85,2.49,6.73,0.63,0.66,7.79,23.75,27.17,15.67,13.71,86.37,9.38,0.16,1.48,5.45,5.82,0.44,36.53,28.0,12.0,54.66,32.81,0,0,
BANK_092,"Smith, Montoya and Evans Rural Bank",Ashanti,Small,Aggressive,1,2021,Q1,2021-Q1,43.43,11.41,6.1,29.63,3.03,2.92,35.5,14.05,26.26,23.3,6.03,83.46,10.23,1.94,4.46,17.0,11.51,1.53,32.64,97.0,3.0,32.38,24.5,1,0,Low Liquidity; 
BANK_092,"Smith, Montoya and Evans Rural Bank",Ashanti,Small,Aggressive,2,2021,Q2,2021-Q2,42.93,11.33,5.94,22.72,2.39,2.45,33.08,13.83,26.4,22.59,5.44,68.67,10.51,0.77,1.79,6.76,8.92,3.38,69.77,33.0,14.0,38.77,30.2,1,0,Low Liquidity; 
BANK_092,"Smith, Montoya and Evans Rural Bank",Ashanti,Small,Aggressive,3,2021,Q3,2021-Q3,43.75,11.45,5.88,22.52,2.39,1.79,32.52,13.44,26.16,20.07,18.69,69.26,10.6,0.82,1.88,7.21,3.06,2.16,59.81,70.0,11.0,55.02,13.67,1,0,Low Liquidity; 
BANK_092,"Smith, Montoya and Evans Rural Bank",Ashanti,Small,Aggressive,4,2021,Q4,2021-Q4,40.37,10.61,5.63,23.86,2.57,2.02,33.2,13.96,26.28,19.25,5.02,71.87,10.77,2.3,5.69,21.63,4.48,1.71,42.11,77.0,6.0,59.49,,1,0,Low Liquidity; 
BANK_092,"Smith, Montoya and Evans Rural Bank",Ashanti,Small,Aggressive,5,2022,Q1,2022-Q1,39.0,10.21,5.36,18.33,1.92,1.75,32.6,13.74,26.18,10.33,13.88,56.22,10.46,1.47,3.76,14.37,2.56,2.35,64.46,,10.0,,18.79,1,0,Low Liquidity; 
BANK_092,"Smith, Montoya and Evans Rural Bank",Ashanti,Small,Aggressive,6,2022,Q2,2022-Q2,40.16,10.27,5.25,15.38,1.55,1.6,32.27,13.08,25.58,10.68,19.7,47.66,10.1,1.84,4.58,17.92,2.7,2.18,78.23,35.0,12.0,22.51,28.98,1,0,Low Liquidity; 
BANK_092,"Smith, Montoya and Evans Rural Bank",Ashanti,Small,Aggressive,7,2022,Q3,2022-Q3,44.04,11.23,5.73,20.22,2.07,1.95,32.36,13.02,25.5,23.7,18.76,62.46,10.25,1.92,4.36,17.11,3.96,1.66,46.4,51.0,,50.9,15.71,1,0,Low Liquidity; 
BANK_092,"Smith, Montoya and Evans Rural Bank",Ashanti,Small,Aggressive,8,2022,Q4,2022-Q4,41.81,10.72,5.42,17.81,1.93,1.09,30.88,12.95,25.64,12.69,13.61,57.68,10.84,0.87,2.09,8.14,9.98,3.21,35.2,50.0,13.0,30.51,,1,0,Low Liquidity; 
BANK_092,"Smith, Montoya and Evans Rural Bank",Ashanti,Small,Aggressive,9,2023,Q1,2023-Q1,42.41,10.77,5.32,25.75,2.75,2.45,31.53,12.54,25.4,22.89,12.55,81.67,10.7,2.16,5.1,20.07,2.58,3.14,36.18,53.0,11.0,18.67,6.21,1,0,Low Liquidity; 
BANK_092,"Smith, Montoya and Evans Rural Bank",Ashanti,Small,Aggressive,10,2023,Q2,2023-Q2,47.38,11.93,6.13,24.51,2.63,2.16,38.95,12.93,25.17,8.33,12.83,62.94,10.71,0.82,1.73,6.88,9.41,3.21,93.2,35.0,3.0,21.25,10.54,1,0,Low Liquidity; 
BANK_092,"Smith, Montoya and Evans Rural Bank",Ashanti,Small,Aggressive,11,2023,Q3,2023-Q3,49.36,12.43,6.47,27.18,2.87,2.7,39.53,13.11,25.18,18.14,13.84,68.75,10.54,0.63,1.27,5.05,4.67,2.45,45.92,39.0,9.0,36.19,25.02,1,0,Low Liquidity; 
BANK_092,"Smith, Montoya and Evans Rural Bank",Ashanti,Small,Aggressive,12,2023,Q4,2023-Q4,50.16,12.67,6.38,34.53,3.64,3.69,39.86,12.71,25.27,20.55,13.73,86.62,10.54,2.96,5.9,23.36,8.27,3.76,33.55,65.0,13.0,27.93,9.65,1,0,Low Liquidity; 
BANK_093,"Garcia, Humphrey and Baker Rural Bank",Greater Accra,Medium,Moderate,1,2021,Q1,2021-Q1,102.58,26.08,19.39,53.95,4.44,5.22,73.89,18.9,25.43,8.58,6.27,73.02,8.23,3.18,3.1,12.2,7.78,4.6,65.21,240.0,15.0,28.92,19.48,0,0,
BANK_093,"Garcia, Humphrey and Baker Rural Bank",Greater Accra,Medium,Moderate,2,2021,Q2,2021-Q2,102.29,26.01,20.47,72.17,5.89,5.13,76.08,20.02,25.43,17.25,14.24,94.85,8.17,1.92,1.88,7.39,9.7,5.91,47.56,237.0,5.0,47.67,,0,0,
BANK_093,"Garcia, Humphrey and Baker Rural Bank",Greater Accra,Medium,Moderate,3,2021,Q3,2021-Q3,92.69,23.62,19.16,30.64,2.59,2.89,75.03,20.67,25.48,23.32,9.82,40.83,8.45,3.51,3.78,14.84,8.85,2.83,85.01,213.0,5.0,39.43,32.2,0,0,
BANK_093,"Garcia, Humphrey and Baker Rural Bank",Greater Accra,Medium,Moderate,4,2021,Q4,2021-Q4,89.17,22.48,17.67,37.52,3.18,3.51,62.98,19.82,25.2,13.99,9.97,59.58,8.47,2.91,3.26,12.93,5.81,3.21,94.37,215.0,22.0,36.44,24.48,0,0,
BANK_093,"Garcia, Humphrey and Baker Rural Bank",Greater Accra,Medium,Moderate,5,2022,Q1,2022-Q1,89.56,22.54,17.77,61.31,5.19,3.04,65.14,19.84,25.17,17.98,11.06,94.12,8.46,2.19,2.44,9.7,11.06,4.51,43.52,159.0,30.0,15.87,20.17,0,0,
BANK_093,"Garcia, Humphrey and Baker Rural Bank",Greater Accra,Medium,Moderate,6,2022,Q2,2022-Q2,89.97,22.69,18.03,35.61,2.95,2.88,65.28,20.04,25.23,16.33,18.54,54.55,8.3,1.36,1.51,5.98,11.12,,65.49,124.0,9.0,46.84,29.41,0,0,
BANK_093,"Garcia, Humphrey and Baker Rural Bank",Greater Accra,Medium,Moderate,7,2022,Q3,2022-Q3,91.2,22.76,18.18,44.22,3.69,1.85,74.64,19.94,24.96,14.34,12.27,59.25,8.35,2.21,2.43,9.72,10.67,6.14,35.49,198.0,26.0,27.68,5.46,0,0,
BANK_093,"Garcia, Humphrey and Baker Rural Bank",Greater Accra,Medium,Moderate,8,2022,Q4,2022-Q4,81.54,20.25,16.17,44.81,3.91,4.27,68.31,19.84,24.84,9.98,17.25,65.59,8.74,1.11,1.36,5.46,8.09,3.84,51.41,187.0,32.0,29.5,14.75,0,0,
BANK_093,"Garcia, Humphrey and Baker Rural Bank",Greater Accra,Medium,Moderate,9,2023,Q1,2023-Q1,92.21,23.01,18.46,66.38,5.9,6.7,73.6,20.02,24.96,10.3,8.04,90.2,8.9,1.54,1.67,6.69,9.62,7.18,73.32,132.0,27.0,25.3,34.94,0,0,
BANK_093,"Garcia, Humphrey and Baker Rural Bank",Greater Accra,Medium,Moderate,10,2023,Q2,2023-Q2,95.55,23.82,19.66,65.28,6.05,3.46,71.69,20.57,24.93,16.06,11.46,91.05,9.28,5.19,5.43,21.77,4.41,6.63,73.92,94.0,14.0,34.24,8.75,0,0,
BANK_093,"Garcia, Humphrey and Baker Rural Bank",Greater Accra,Medium,Moderate,11,2023,Q3,2023-Q3,101.94,25.51,20.94,46.26,4.11,3.29,81.91,20.54,25.02,22.81,10.47,56.48,8.89,1.25,1.23,4.9,5.68,7.96,30.96,,17.0,23.53,5.45,0,0,
BANK_093,"Garcia, Humphrey and Baker Rural Bank",Greater Accra,Medium,Moderate,12,2023,Q4,2023-Q4,107.28,26.79,21.74,74.54,6.51,6.85,83.93,20.27,24.97,23.05,17.28,88.81,8.74,4.28,3.99,15.98,5.83,6.79,41.76,141.0,21.0,19.72,6.02,0,0,
BANK_094,Newton and Sons Rural Bank,Western,Small,Moderate,1,2021,Q1,2021-Q1,38.75,7.66,9.41,20.94,1.6,0.91,32.7,24.27,19.76,19.02,9.98,64.05,7.62,0.42,1.08,5.49,5.32,1.93,60.14,44.0,10.0,57.51,32.42,0,0,
BANK_094,Newton and Sons Rural Bank,Western,Small,Moderate,2,2021,Q2,2021-Q2,39.76,8.02,9.66,28.18,2.16,2.25,32.78,24.3,20.18,16.8,17.39,85.98,7.67,1.16,2.91,14.4,7.93,2.22,94.6,59.0,12.0,51.61,7.14,0,0,
BANK_094,Newton and Sons Rural Bank,Western,Small,Moderate,3,2021,Q3,2021-Q3,39.97,8.01,9.57,21.97,1.69,1.18,28.85,23.94,20.05,9.5,8.89,76.16,7.68,2.35,5.87,29.27,5.95,3.0,93.13,,7.0,50.05,9.61,0,0,
BANK_094,Newton and Sons Rural Bank,Western,Small,Moderate,4,2021,Q4,2021-Q4,39.29,8.02,9.89,24.59,1.87,1.02,30.82,25.17,20.41,13.35,7.12,79.78,7.6,0.99,2.53,12.39,2.09,1.2,51.5,78.0,10.0,25.76,23.08,0,0,
BANK_094,Newton and Sons Rural Bank,Western,Small,Moderate,5,2022,Q1,2022-Q1,41.13,8.58,10.02,17.83,1.31,1.2,29.56,24.37,20.85,22.56,12.82,60.34,7.36,1.16,2.82,13.52,9.1,2.9,43.76,92.0,2.0,55.58,9.91,0,0,
BANK_094,Newton and Sons Rural Bank,Western,Small,Moderate,6,2022,Q2,2022-Q2,47.65,9.77,12.09,20.99,1.46,1.22,38.82,25.36,20.51,16.19,18.59,54.06,6.96,1.1,2.32,11.3,9.8,3.64,76.58,97.0,2.0,16.68,31.82,0,0,
BANK_094,Newton and Sons Rural Bank,Western,Small,Moderate,7,2022,Q3,2022-Q3,50.49,10.31,13.21,22.16,1.54,1.48,40.5,26.16,20.42,9.92,6.93,54.71,6.94,3.0,5.95,29.14,6.81,3.13,,20.0,14.0,31.16,15.19,0,0,
BANK_094,Newton and Sons Rural Bank,Western,Small,Moderate,8,2022,Q4,2022-Q4,47.74,9.66,12.13,32.95,2.42,1.6,37.52,25.42,20.23,12.47,14.29,87.84,7.34,0.75,1.57,7.74,11.75,3.12,30.79,76.0,7.0,58.54,13.32,0,0,
BANK_094,Newton and Sons Rural Bank,Western,Small,Moderate,9,2023,Q1,2023-Q1,49.5,10.16,12.74,31.65,2.42,2.28,35.69,25.74,20.52,9.65,5.18,88.69,7.64,2.92,5.89,28.71,4.37,3.04,,95.0,9.0,26.66,,0,0,
BANK_094,Newton and Sons Rural Bank,Western,Small,Moderate,10,2023,Q2,2023-Q2,56.92,11.78,15.53,29.53,2.16,2.0,41.08,27.29,20.69,11.56,6.04,71.89,7.32,2.51,4.41,21.33,6.08,3.16,88.35,56.0,10.0,58.28,18.54,0,0,
BANK_094,Newton and Sons Rural Bank,Western,Small,Moderate,11,2023,Q3,2023-Q3,62.82,13.19,16.62,40.93,3.0,2.8,50.82,26.45,20.99,10.34,8.61,80.53,7.34,0.74,1.19,5.65,9.98,4.13,50.12,24.0,,27.43,16.93,0,0,
BANK_094,Newton and Sons Rural Bank,Western,Small,Moderate,12,2023,Q4,2023-Q4,59.25,12.37,14.93,40.8,2.99,2.5,43.84,25.21,20.87,22.34,10.8,93.07,7.33,1.81,3.05,14.6,10.06,2.12,88.17,34.0,2.0,22.13,10.72,0,0,
BANK_095,Campbell-Clark Rural Bank,Upper East,Large,Conservative,1,2021,Q1,2021-Q1,505.1,90.41,106.54,167.48,4.45,4.19,391.28,21.09,17.9,8.59,15.74,42.8,2.66,16.08,3.18,17.79,10.11,32.1,31.09,171.0,24.0,34.04,22.6,0,0,
BANK_095,Campbell-Clark Rural Bank,Upper East,Large,Conservative,2,2021,Q2,2021-Q2,503.46,88.96,105.98,221.9,5.68,6.28,363.24,21.05,17.67,21.19,13.76,61.09,2.56,9.72,1.93,10.93,3.53,23.86,56.79,472.0,,54.04,20.16,0,0,
BANK_095,Campbell-Clark Rural Bank,Upper East,Large,Conservative,3,2021,Q3,2021-Q3,440.91,78.42,87.67,249.61,6.99,6.61,364.22,19.88,17.79,15.46,15.63,68.53,2.8,27.42,6.22,34.97,10.62,30.25,47.8,489.0,58.0,42.23,32.65,0,0,
BANK_095,Campbell-Clark Rural Bank,Upper East,Large,Conservative,4,2021,Q4,2021-Q4,446.14,79.25,87.83,153.82,4.29,3.37,356.73,19.69,17.76,15.92,13.46,43.12,2.79,8.21,1.84,10.35,2.42,22.62,79.37,449.0,16.0,38.61,12.9,0,0,
BANK_095,Campbell-Clark Rural Bank,Upper East,Large,Conservative,5,2022,Q1,2022-Q1,477.94,84.73,96.26,210.07,5.82,5.24,349.57,20.14,17.73,15.7,10.28,60.09,2.77,10.56,2.21,12.46,10.1,15.02,74.87,337.0,19.0,22.47,24.78,0,0,
BANK_095,Campbell-Clark Rural Bank,Upper East,Large,Conservative,6,2022,Q2,2022-Q2,465.08,81.72,97.63,318.06,8.79,7.68,387.13,20.99,17.57,12.12,5.89,82.16,2.76,8.52,1.83,10.43,10.23,32.52,80.53,285.0,66.0,56.68,14.85,0,0,
BANK_095,Campbell-Clark Rural Bank,Upper East,Large,Conservative,7,2022,Q3,2022-Q3,477.88,82.69,105.32,317.92,9.07,7.8,358.75,22.04,17.3,10.66,7.69,88.62,2.85,28.22,5.91,34.13,3.73,32.29,81.44,158.0,70.0,36.95,23.87,0,0,
BANK_095,Campbell-Clark Rural Bank,Upper East,Large,Conservative,8,2022,Q4,2022-Q4,447.63,79.18,94.05,286.67,8.63,8.56,352.41,21.01,17.69,17.32,7.13,81.35,3.01,7.22,1.61,9.11,5.53,14.57,61.04,462.0,10.0,27.0,29.0,0,0,
BANK_095,Campbell-Clark Rural Bank,Upper East,Large,Conservative,9,2023,Q1,2023-Q1,494.96,87.99,100.71,309.36,9.06,5.58,373.27,20.35,17.78,13.72,16.65,82.88,2.93,19.17,3.87,21.78,7.2,22.75,78.71,385.0,28.0,29.55,13.63,0,0,
BANK_095,Campbell-Clark Rural Bank,Upper East,Large,Conservative,10,2023,Q2,2023-Q2,527.46,93.27,108.6,182.29,5.26,5.52,377.55,20.59,17.68,23.52,5.69,48.28,2.89,17.75,3.37,19.03,10.05,34.45,81.72,406.0,23.0,37.48,33.81,0,0,
BANK_095,Campbell-Clark Rural Bank,Upper East,Large,Conservative,11,2023,Q3,2023-Q3,566.86,100.16,122.56,296.03,8.33,4.36,452.73,21.62,17.67,20.05,13.75,65.39,2.81,32.17,5.67,32.12,8.25,22.35,46.14,463.0,10.0,39.69,9.76,0,0,
BANK_095,Campbell-Clark Rural Bank,Upper East,Large,Conservative,12,2023,Q4,2023-Q4,549.04,95.95,111.37,344.09,9.61,10.87,411.69,20.28,17.48,19.7,8.29,83.58,2.79,7.14,1.3,7.44,2.39,32.02,87.66,229.0,26.0,48.67,23.06,0,0,
BANK_096,Harris-Walters Rural Bank,Eastern,Medium,Aggressive,1,2021,Q1,2021-Q1,134.75,15.21,23.61,54.67,13.4,6.88,98.51,17.52,11.28,16.8,7.64,55.5,24.51,3.51,2.61,23.09,10.88,8.56,94.89,83.0,7.0,21.27,13.08,1,0,Low Capital; High NPL; 
BANK_096,Harris-Walters Rural Bank,Eastern,Medium,Aggressive,2,2021,Q2,2021-Q2,140.58,15.82,25.01,97.72,23.8,14.5,108.17,17.79,11.25,22.78,9.25,90.34,24.36,2.09,1.49,13.2,9.74,8.3,85.97,193.0,,40.85,5.39,1,0,Low Capital; High NPL; 
BANK_096,Harris-Walters Rural Bank,Eastern,Medium,Aggressive,3,2021,Q3,2021-Q3,131.95,14.84,23.24,51.22,12.99,6.7,111.28,17.61,11.24,18.84,11.43,46.03,25.37,3.28,2.48,22.09,6.32,9.72,93.7,99.0,35.0,45.99,33.54,1,0,Low Capital; High NPL; 
BANK_096,Harris-Walters Rural Bank,Eastern,Medium,Aggressive,4,2021,Q4,2021-Q4,142.92,16.08,24.29,50.23,12.68,13.47,106.7,17.0,11.25,20.91,18.39,47.07,25.25,6.34,4.43,39.43,5.75,5.29,43.69,198.0,9.0,25.03,17.74,1,0,Low Capital; High NPL; 
BANK_096,Harris-Walters Rural Bank,Eastern,Medium,Aggressive,5,2022,Q1,2022-Q1,147.38,16.53,25.14,102.25,26.42,24.04,116.41,17.06,11.22,20.11,6.72,87.83,25.84,4.37,2.96,26.41,11.14,10.49,40.84,165.0,34.0,50.69,33.88,1,0,Low Capital; High NPL; 
BANK_096,Harris-Walters Rural Bank,Eastern,Medium,Aggressive,6,2022,Q2,2022-Q2,148.64,16.46,25.64,59.57,14.89,10.12,112.83,17.25,11.08,10.12,12.61,52.8,25.0,6.54,4.4,39.74,5.62,6.1,62.98,63.0,35.0,28.25,31.59,1,0,Low Capital; High NPL; 
BANK_096,Harris-Walters Rural Bank,Eastern,Medium,Aggressive,7,2022,Q3,2022-Q3,159.73,17.7,26.85,65.6,16.75,12.42,132.16,16.81,11.08,20.72,8.71,49.64,25.53,8.66,5.42,48.93,11.82,7.67,53.89,246.0,32.0,17.03,22.2,1,0,Low Capital; High NPL; 
BANK_096,Harris-Walters Rural Bank,Eastern,Medium,Aggressive,8,2022,Q4,2022-Q4,155.08,16.99,24.41,117.41,31.26,36.5,128.26,15.74,10.96,20.51,14.98,91.54,26.62,6.86,4.42,40.38,9.55,7.15,,,18.0,55.05,5.57,1,0,Low Capital; High NPL; 
BANK_096,Harris-Walters Rural Bank,Eastern,Medium,Aggressive,9,2023,Q1,2023-Q1,145.64,15.87,22.21,100.9,27.02,22.34,117.16,15.25,10.9,10.42,7.98,86.12,26.78,7.09,4.87,44.69,5.67,,42.48,,8.0,21.46,31.5,1,0,Low Capital; High NPL; 
BANK_096,Harris-Walters Rural Bank,Eastern,Medium,Aggressive,10,2023,Q2,2023-Q2,153.16,16.78,25.03,103.34,27.94,18.04,110.59,16.34,10.96,18.93,6.51,93.44,27.04,5.98,3.9,35.63,9.98,11.3,63.16,148.0,25.0,47.81,15.69,1,0,Low Capital; High NPL; 
BANK_096,Harris-Walters Rural Bank,Eastern,Medium,Aggressive,11,2023,Q3,2023-Q3,173.78,19.07,28.53,92.2,25.9,28.5,127.49,16.42,10.98,21.6,19.83,72.32,28.09,9.27,5.34,48.62,5.35,9.62,80.67,102.0,,52.4,28.1,1,0,Low Capital; High NPL; 
BANK_096,Harris-Walters Rural Bank,Eastern,Medium,Aggressive,12,2023,Q4,2023-Q4,176.98,19.39,28.78,102.53,29.39,20.11,129.73,16.26,10.95,19.44,6.42,79.04,28.66,3.16,1.79,16.31,2.93,8.31,70.57,99.0,14.0,46.89,8.08,1,0,Low Capital; High NPL; 
BANK_097,Wagner-King Rural Bank,Central,Medium,Aggressive,1,2021,Q1,2021-Q1,117.04,33.61,29.21,60.61,12.88,13.37,94.88,24.96,28.72,9.21,10.95,63.88,21.24,6.79,5.8,20.19,11.5,8.5,59.52,224.0,12.0,50.62,10.56,1,0,High NPL; 
BANK_097,Wagner-King Rural Bank,Central,Medium,Aggressive,2,2021,Q2,2021-Q2,121.82,35.4,31.25,85.53,17.8,19.76,95.84,25.65,29.06,17.27,6.47,89.24,20.81,3.66,3.0,10.33,7.34,7.94,75.18,121.0,17.0,40.3,32.73,1,0,High NPL; 
BANK_097,Wagner-King Rural Bank,Central,Medium,Aggressive,3,2021,Q3,2021-Q3,118.97,35.07,29.8,67.98,14.03,7.13,98.8,25.05,29.48,23.24,10.06,68.8,20.64,6.52,5.48,18.59,2.61,6.67,39.92,201.0,26.0,28.37,8.51,1,0,High NPL; 
BANK_097,Wagner-King Rural Bank,Central,Medium,Aggressive,4,2021,Q4,2021-Q4,120.68,35.91,31.63,73.89,15.09,13.72,99.14,26.21,29.76,18.54,5.1,74.53,20.43,5.02,4.16,13.98,11.67,4.7,70.5,,,45.12,32.48,1,0,High NPL; 
BANK_097,Wagner-King Rural Bank,Central,Medium,Aggressive,5,2022,Q1,2022-Q1,120.73,35.36,29.38,70.41,13.93,13.04,95.31,24.34,29.29,17.92,7.31,73.87,19.79,3.28,2.72,9.27,10.84,7.65,43.35,113.0,30.0,19.7,27.51,1,0,High NPL; 
BANK_097,Wagner-King Rural Bank,Central,Medium,Aggressive,6,2022,Q2,2022-Q2,144.51,41.46,37.93,113.86,21.13,21.04,120.8,26.25,28.69,11.7,9.21,94.26,18.56,6.05,4.19,14.6,11.14,6.27,45.17,70.0,13.0,39.11,29.98,1,0,High NPL; 
BANK_097,Wagner-King Rural Bank,Central,Medium,Aggressive,7,2022,Q3,2022-Q3,157.09,44.41,40.27,68.16,12.65,7.35,121.99,25.63,28.27,20.43,12.19,55.87,18.56,2.74,1.74,6.16,11.98,11.18,52.35,135.0,13.0,49.52,16.42,1,0,High NPL; 
BANK_097,Wagner-King Rural Bank,Central,Medium,Aggressive,8,2022,Q4,2022-Q4,148.65,41.63,38.09,76.85,14.85,9.67,105.19,25.62,28.0,16.22,6.63,73.06,19.32,4.87,3.28,11.69,9.25,7.44,32.14,104.0,20.0,58.85,31.43,1,0,High NPL; 
BANK_097,Wagner-King Rural Bank,Central,Medium,Aggressive,9,2023,Q1,2023-Q1,162.67,45.18,41.7,53.22,10.5,9.7,131.46,25.63,27.77,24.74,19.05,40.48,19.73,3.67,2.25,8.12,9.86,6.79,58.31,245.0,29.0,29.21,23.58,1,0,High NPL; 
BANK_097,Wagner-King Rural Bank,Central,Medium,Aggressive,10,2023,Q2,2023-Q2,170.7,48.2,43.22,101.16,20.01,22.64,129.69,25.32,28.24,22.56,12.05,78.0,19.78,5.02,2.94,10.42,2.22,10.55,78.18,108.0,20.0,59.63,22.29,1,0,High NPL; 
BANK_097,Wagner-King Rural Bank,Central,Medium,Aggressive,11,2023,Q3,2023-Q3,181.77,50.58,44.29,77.69,15.34,13.51,152.45,24.37,27.82,23.29,7.7,50.96,19.75,8.81,4.84,17.41,2.44,11.75,62.76,145.0,27.0,23.83,34.44,1,0,High NPL; 
BANK_097,Wagner-King Rural Bank,Central,Medium,Aggressive,12,2023,Q4,2023-Q4,174.05,49.11,42.29,71.83,14.22,14.56,138.39,24.3,28.21,21.74,14.0,51.91,19.8,3.76,2.16,7.66,7.39,,57.39,95.0,27.0,26.36,32.33,1,0,High NPL; 
BANK_098,Davis Group Rural Bank,Eastern,Small,Aggressive,1,2021,Q1,2021-Q1,28.78,7.81,4.14,17.42,3.66,2.82,20.64,14.4,27.15,10.84,9.36,84.39,21.04,0.32,1.1,4.05,8.66,1.71,70.46,40.0,5.0,52.36,27.84,1,0,Low Liquidity; High NPL; 
BANK_098,Davis Group Rural Bank,Eastern,Small,Aggressive,2,2021,Q2,2021-Q2,30.21,8.09,4.45,18.82,4.0,4.01,21.18,14.74,26.77,14.31,17.42,88.89,21.24,1.2,3.98,14.89,8.47,1.52,63.33,78.0,8.0,15.63,5.39,1,0,Low Liquidity; High NPL; 
BANK_098,Davis Group Rural Bank,Eastern,Small,Aggressive,3,2021,Q3,2021-Q3,31.08,8.36,4.31,13.67,2.94,2.87,23.95,13.88,26.89,22.89,16.78,57.07,21.52,0.38,1.23,4.56,5.01,1.82,70.19,25.0,10.0,38.76,29.83,1,0,Low Liquidity; High NPL; 
BANK_098,Davis Group Rural Bank,Eastern,Small,Aggressive,4,2021,Q4,2021-Q4,31.83,8.51,4.49,20.51,4.33,3.01,26.06,14.11,26.73,12.42,16.9,78.71,21.12,1.75,5.49,20.55,6.87,1.13,48.82,89.0,13.0,55.52,16.66,1,0,Low Liquidity; High NPL; 
BANK_098,Davis Group Rural Bank,Eastern,Small,Aggressive,5,2022,Q1,2022-Q1,30.13,8.12,4.27,9.11,1.97,1.17,22.1,14.17,26.96,23.61,7.71,41.2,21.64,0.79,2.63,9.76,6.27,1.45,56.56,40.0,11.0,49.12,29.69,1,0,Low Liquidity; High NPL; 
BANK_098,Davis Group Rural Bank,Eastern,Small,Aggressive,6,2022,Q2,2022-Q2,33.14,8.87,4.68,23.46,5.39,2.85,25.31,14.12,26.77,13.31,14.57,92.69,22.99,1.86,5.62,21.01,6.26,1.3,63.37,22.0,8.0,41.74,15.73,1,0,Low Liquidity; High NPL; 
BANK_098,Davis Group Rural Bank,Eastern,Small,Aggressive,7,2022,Q3,2022-Q3,32.75,8.8,4.79,21.22,4.92,4.05,22.93,14.62,26.87,12.06,18.17,92.55,23.17,1.03,3.13,11.65,11.5,1.33,41.64,39.0,9.0,56.86,22.22,1,0,Low Liquidity; High NPL; 
BANK_098,Davis Group Rural Bank,Eastern,Small,Aggressive,8,2022,Q4,2022-Q4,30.91,8.17,4.46,10.22,2.5,2.93,24.0,14.44,26.45,24.03,10.86,42.56,24.51,0.46,1.5,5.66,11.45,2.16,80.55,27.0,,58.88,11.4,1,0,Low Liquidity; High NPL; 
BANK_098,Davis Group Rural Bank,Eastern,Small,Aggressive,9,2023,Q1,2023-Q1,30.77,8.05,4.35,17.07,4.11,3.48,25.79,14.13,26.17,18.46,18.7,66.19,24.1,0.87,2.84,10.86,5.46,1.26,,73.0,6.0,18.59,9.14,1,0,Low Liquidity; High NPL; 
BANK_098,Davis Group Rural Bank,Eastern,Small,Aggressive,10,2023,Q2,2023-Q2,33.12,8.65,4.95,10.95,2.67,1.86,25.26,14.95,26.12,19.7,10.69,43.34,24.4,1.32,3.99,15.26,3.72,1.26,65.57,72.0,14.0,33.99,27.95,1,0,Low Liquidity; High NPL; 
BANK_098,Davis Group Rural Bank,Eastern,Small,Aggressive,11,2023,Q3,2023-Q3,35.48,9.4,5.57,12.05,2.91,2.0,28.57,15.71,26.49,15.49,7.14,42.18,24.17,1.82,5.14,19.39,11.27,1.93,66.84,40.0,8.0,48.67,19.76,1,0,High NPL; 
BANK_098,Davis Group Rural Bank,Eastern,Small,Aggressive,12,2023,Q4,2023-Q4,36.74,9.57,5.6,26.61,6.41,6.97,29.96,15.24,26.04,11.08,19.2,88.84,24.08,1.45,3.95,15.16,6.39,1.96,59.55,91.0,3.0,50.23,30.05,1,0,High NPL; 
BANK_099,Williams-Cook Rural Bank,Eastern,Medium,Conservative,1,2021,Q1,2021-Q1,191.43,34.38,39.8,136.68,5.51,4.03,147.17,20.79,17.96,15.36,12.5,92.87,4.03,8.36,4.37,24.32,8.9,5.81,,148.0,21.0,58.28,13.53,0,0,
BANK_099,Williams-Cook Rural Bank,Eastern,Medium,Conservative,2,2021,Q2,2021-Q2,193.68,35.31,40.87,90.49,3.56,2.34,143.68,21.1,18.23,22.27,15.51,62.98,3.94,6.62,3.42,18.75,10.47,10.4,66.19,249.0,35.0,27.23,31.06,0,0,
BANK_099,Williams-Cook Rural Bank,Eastern,Medium,Conservative,3,2021,Q3,2021-Q3,183.6,33.41,37.76,145.62,5.91,6.28,155.35,20.57,18.2,14.27,13.64,93.74,4.06,7.98,4.35,23.9,6.88,7.6,79.48,102.0,16.0,23.55,26.58,0,0,
BANK_099,Williams-Cook Rural Bank,Eastern,Medium,Conservative,4,2021,Q4,2021-Q4,173.16,30.99,35.39,70.32,2.69,1.58,144.54,20.44,17.9,10.86,14.07,48.65,3.83,9.54,5.51,30.78,6.57,11.45,35.23,178.0,34.0,28.5,22.37,0,0,
BANK_099,Williams-Cook Rural Bank,Eastern,Medium,Conservative,5,2022,Q1,2022-Q1,176.59,31.68,37.1,76.58,2.98,3.48,125.89,21.01,17.94,8.34,5.93,60.83,3.89,5.49,3.11,17.32,3.04,8.39,40.52,115.0,31.0,22.23,19.21,0,0,
BANK_099,Williams-Cook Rural Bank,Eastern,Medium,Conservative,6,2022,Q2,2022-Q2,178.73,31.57,38.58,123.28,4.71,4.2,148.1,21.58,17.66,14.55,18.17,83.24,3.82,5.79,3.24,18.34,3.54,8.18,85.75,229.0,24.0,37.42,26.39,0,0,
BANK_099,Williams-Cook Rural Bank,Eastern,Medium,Conservative,7,2022,Q3,2022-Q3,183.0,32.33,40.46,99.18,3.82,2.27,153.31,22.11,17.67,21.85,7.85,64.7,3.85,7.17,3.92,22.17,9.73,9.72,43.25,54.0,23.0,22.25,10.61,0,0,
BANK_099,Williams-Cook Rural Bank,Eastern,Medium,Conservative,8,2022,Q4,2022-Q4,159.68,27.66,33.75,63.52,2.51,1.79,134.41,21.13,17.32,22.73,9.12,47.26,3.95,5.03,3.15,18.17,3.24,4.87,76.93,192.0,,20.68,16.15,0,0,
BANK_099,Williams-Cook Rural Bank,Eastern,Medium,Conservative,9,2023,Q1,2023-Q1,175.62,30.64,38.45,91.93,3.77,4.28,130.21,21.89,17.45,14.98,6.17,70.6,4.1,6.45,3.67,21.05,4.68,7.79,32.99,107.0,7.0,58.38,23.73,0,0,
BANK_099,Williams-Cook Rural Bank,Eastern,Medium,Conservative,10,2023,Q2,2023-Q2,170.42,29.45,40.54,93.78,3.88,4.13,142.63,23.79,17.28,8.07,9.19,65.75,4.14,3.27,1.92,11.11,6.96,,61.53,82.0,35.0,29.79,28.65,0,0,
BANK_099,Williams-Cook Rural Bank,Eastern,Medium,Conservative,11,2023,Q3,2023-Q3,168.14,29.28,39.7,111.13,4.68,2.55,140.5,23.61,17.41,21.49,17.68,79.09,4.21,5.37,3.19,18.34,3.78,5.71,55.32,127.0,12.0,24.7,16.99,0,0,
BANK_099,Williams-Cook Rural Bank,Eastern,Medium,Conservative,12,2023,Q4,2023-Q4,156.9,26.74,36.95,81.21,3.58,1.93,110.31,23.55,17.05,15.18,18.03,73.62,4.41,5.14,3.27,19.2,11.54,8.44,78.74,110.0,30.0,29.52,17.9,0,0,
BANK_100,Walsh LLC Rural Bank,Central,Medium,Aggressive,1,2021,Q1,2021-Q1,121.92,34.6,13.15,49.94,8.9,6.02,98.25,10.78,28.38,14.24,5.8,50.83,17.82,3.85,3.16,11.12,10.18,3.74,88.37,132.0,12.0,37.88,24.79,1,0,Low Liquidity; High NPL; 
BANK_100,Walsh LLC Rural Bank,Central,Medium,Aggressive,2,2021,Q2,2021-Q2,120.36,34.33,12.72,50.51,9.2,8.08,98.63,10.56,28.52,21.04,7.52,51.21,18.22,4.43,3.68,12.9,5.36,9.09,76.49,146.0,25.0,,15.74,1,0,Low Liquidity; High NPL; 
BANK_100,Walsh LLC Rural Bank,Central,Medium,Aggressive,3,2021,Q3,2021-Q3,110.7,31.34,11.66,56.82,10.33,7.25,79.02,10.53,28.31,15.58,19.99,71.9,18.18,3.99,3.6,12.73,11.76,8.76,36.37,157.0,31.0,25.7,27.52,1,0,Low Liquidity; High NPL; 
BANK_100,Walsh LLC Rural Bank,Central,Medium,Aggressive,4,2021,Q4,2021-Q4,111.44,31.8,12.11,84.21,15.35,16.19,92.77,10.87,28.54,13.37,9.92,90.77,18.23,2.49,2.24,7.83,7.15,8.9,82.28,195.0,19.0,29.04,30.68,1,0,Low Liquidity; High NPL; 
BANK_100,Walsh LLC Rural Bank,Central,Medium,Aggressive,5,2022,Q1,2022-Q1,124.09,35.51,13.59,83.92,15.13,10.26,103.01,10.95,28.62,23.55,12.32,81.47,18.02,5.32,4.29,14.99,9.37,5.74,75.58,179.0,10.0,58.59,15.62,1,0,Low Liquidity; High NPL; 
BANK_100,Walsh LLC Rural Bank,Central,Medium,Aggressive,6,2022,Q2,2022-Q2,136.92,38.62,16.18,74.93,12.51,10.27,100.75,11.82,28.2,18.99,6.38,74.37,16.7,6.09,4.45,15.77,4.31,10.72,70.45,51.0,18.0,34.66,29.27,1,0,Low Liquidity; High NPL; 
BANK_100,Walsh LLC Rural Bank,Central,Medium,Aggressive,7,2022,Q3,2022-Q3,136.1,37.91,16.32,61.1,9.98,5.79,109.91,11.99,27.85,14.41,6.06,55.6,16.33,6.24,4.58,16.45,10.33,4.18,51.39,134.0,34.0,37.56,13.09,1,0,Low Liquidity; High NPL; 
BANK_100,Walsh LLC Rural Bank,Central,Medium,Aggressive,8,2022,Q4,2022-Q4,123.19,33.61,14.92,39.48,6.49,5.93,93.43,12.11,27.29,14.07,15.05,42.26,16.44,5.94,4.82,17.68,2.61,9.35,41.15,81.0,,54.12,7.79,1,0,Low Liquidity; High NPL; 
BANK_100,Walsh LLC Rural Bank,Central,Medium,Aggressive,9,2023,Q1,2023-Q1,129.72,35.56,15.41,42.99,7.25,6.29,98.21,11.88,27.41,15.85,14.28,43.77,16.87,7.29,5.62,20.51,3.85,4.92,76.37,,20.0,36.78,14.3,1,0,Low Liquidity; High NPL; 
BANK_100,Walsh LLC Rural Bank,Central,Medium,Aggressive,10,2023,Q2,2023-Q2,131.51,36.17,15.13,50.21,8.74,8.91,94.94,11.51,27.5,21.83,9.33,52.89,17.41,2.49,1.9,6.89,2.36,,30.93,242.0,31.0,56.04,16.62,1,0,Low Liquidity; High NPL; 
BANK_100,Walsh LLC Rural Bank,Central,Medium,Aggressive,11,2023,Q3,2023-Q3,134.66,36.57,14.73,52.09,9.19,10.1,110.38,10.94,27.15,11.29,16.12,47.2,17.64,2.91,2.16,7.94,2.63,5.03,39.52,,14.0,51.67,32.47,1,0,Low Liquidity; High NPL; 
BANK_100,Walsh LLC Rural Bank,Central,Medium,Aggressive,12,2023,Q4,2023-Q4,131.02,35.48,15.06,84.54,14.98,16.95,105.02,11.49,27.08,17.79,8.36,80.49,17.72,4.11,3.14,11.59,8.66,9.39,48.36,71.0,19.0,24.65,17.89,1,0,Low Liquidity; High NPL; 
BANK_101,Figueroa PLC Rural Bank,Greater Accra,Large,Conservative,1,2021,Q1,2021-Q1,794.63,163.94,253.51,505.5,38.18,36.7,654.06,31.9,20.63,13.4,15.4,77.29,7.55,22.03,2.77,13.44,5.34,36.73,75.15,335.0,23.0,58.63,17.83,0,0,
BANK_101,Figueroa PLC Rural Bank,Greater Accra,Large,Conservative,2,2021,Q2,2021-Q2,865.9,179.66,266.84,405.32,31.13,21.52,709.74,30.82,20.75,18.47,14.21,57.11,7.68,18.08,2.09,10.06,9.72,35.83,87.88,444.0,33.0,32.36,26.05,0,0,
BANK_101,Figueroa PLC Rural Bank,Greater Accra,Large,Conservative,3,2021,Q3,2021-Q3,872.94,179.17,271.69,384.54,30.11,21.5,695.77,31.12,20.52,8.77,7.24,55.27,7.83,34.34,3.93,19.16,4.23,68.1,74.65,489.0,65.0,36.74,,0,0,
BANK_101,Figueroa PLC Rural Bank,Greater Accra,Large,Conservative,4,2021,Q4,2021-Q4,875.67,182.0,279.32,415.09,33.84,40.44,630.12,31.9,20.78,18.69,5.92,65.87,8.15,44.01,5.03,24.18,4.68,,89.61,402.0,52.0,26.43,25.96,0,0,
BANK_101,Figueroa PLC Rural Bank,Greater Accra,Large,Conservative,5,2022,Q1,2022-Q1,882.93,184.21,286.08,390.75,31.57,21.37,633.78,32.4,20.86,21.31,15.59,61.65,8.08,41.2,4.67,22.36,4.54,68.03,43.99,497.0,57.0,32.66,8.91,0,0,
BANK_101,Figueroa PLC Rural Bank,Greater Accra,Large,Conservative,6,2022,Q2,2022-Q2,856.45,177.6,283.77,380.07,30.37,27.66,637.41,33.13,20.74,11.31,14.33,59.63,7.99,38.82,4.53,21.86,8.25,59.87,34.45,184.0,20.0,23.58,8.09,0,0,
BANK_101,Figueroa PLC Rural Bank,Greater Accra,Large,Conservative,7,2022,Q3,2022-Q3,956.07,200.97,318.58,469.55,37.82,34.09,745.6,33.32,21.02,24.93,17.65,62.98,8.05,56.8,5.94,28.26,6.24,59.04,61.25,388.0,70.0,28.93,29.57,0,0,
BANK_101,Figueroa PLC Rural Bank,Greater Accra,Large,Conservative,8,2022,Q4,2022-Q4,808.46,171.48,261.21,368.59,31.44,27.64,580.52,32.31,21.21,21.74,16.96,63.49,8.53,48.36,5.98,28.2,10.73,45.48,,212.0,40.0,57.61,,0,0,
BANK_101,Figueroa PLC Rural Bank,Greater Accra,Large,Conservative,9,2023,Q1,2023-Q1,925.77,195.8,312.88,611.84,51.31,41.12,731.82,33.8,21.15,11.53,9.34,83.61,8.39,52.65,5.69,26.89,11.47,65.63,90.81,366.0,25.0,49.21,14.76,0,0,
BANK_101,Figueroa PLC Rural Bank,Greater Accra,Large,Conservative,10,2023,Q2,2023-Q2,847.63,178.48,278.99,469.9,40.26,42.1,607.4,32.91,21.06,17.37,11.35,77.36,8.57,16.15,1.91,9.05,6.31,57.56,74.57,143.0,72.0,,11.61,0,0,
BANK_101,Figueroa PLC Rural Bank,Greater Accra,Large,Conservative,11,2023,Q3,2023-Q3,811.21,170.05,250.62,267.51,22.56,11.54,605.14,30.89,20.96,9.4,19.76,44.21,8.43,17.64,2.17,10.37,7.54,55.48,74.62,326.0,35.0,54.18,18.79,0,0,
BANK_101,Figueroa PLC Rural Bank,Greater Accra,Large,Conservative,12,2023,Q4,2023-Q4,888.0,183.43,271.55,387.19,32.43,20.38,625.35,30.58,20.66,11.89,15.38,61.92,8.38,20.15,2.27,10.98,2.38,34.51,72.28,299.0,61.0,17.76,31.67,0,0,
BANK_102,"Patterson, Smith and Jones Rural Bank",Greater Accra,Small,Moderate,1,2021,Q1,2021-Q1,49.84,4.16,12.56,21.22,1.38,1.2,40.06,25.21,8.35,14.14,19.51,52.97,6.51,2.27,4.56,54.68,8.0,2.76,93.88,95.0,14.0,54.66,12.65,1,0,Low Capital; 
BANK_102,"Patterson, Smith and Jones Rural Bank",Greater Accra,Small,Moderate,2,2021,Q2,2021-Q2,46.9,3.89,11.53,17.14,1.12,0.75,35.41,24.57,8.29,18.87,19.79,48.4,6.52,0.65,1.38,16.69,7.73,3.33,79.82,32.0,,49.65,,1,0,Low Capital; 
BANK_102,"Patterson, Smith and Jones Rural Bank",Greater Accra,Small,Moderate,3,2021,Q3,2021-Q3,48.94,4.09,12.27,16.38,1.07,1.03,38.51,25.08,8.36,14.02,12.45,42.53,6.52,1.9,3.88,46.38,5.85,2.21,85.63,80.0,6.0,34.56,25.75,1,0,Low Capital; 
BANK_102,"Patterson, Smith and Jones Rural Bank",Greater Accra,Small,Moderate,4,2021,Q4,2021-Q4,49.72,4.2,11.98,37.53,2.51,1.97,40.58,24.09,8.44,21.51,13.11,92.49,6.68,0.62,1.26,14.88,6.11,2.28,39.18,50.0,10.0,31.28,22.4,1,0,Low Capital; 
BANK_102,"Patterson, Smith and Jones Rural Bank",Greater Accra,Small,Moderate,5,2022,Q1,2022-Q1,54.8,4.7,13.78,18.65,1.25,1.24,40.16,25.14,8.58,17.69,12.94,46.43,6.71,0.63,1.16,13.46,9.96,1.82,91.31,37.0,8.0,17.86,31.85,1,0,Low Capital; 
BANK_102,"Patterson, Smith and Jones Rural Bank",Greater Accra,Small,Moderate,6,2022,Q2,2022-Q2,54.08,4.69,13.69,18.41,1.28,1.35,43.66,25.32,8.67,9.52,13.83,42.16,6.98,2.08,3.85,44.47,8.5,,41.86,83.0,14.0,58.62,28.33,1,0,Low Capital; 
BANK_102,"Patterson, Smith and Jones Rural Bank",Greater Accra,Small,Moderate,7,2022,Q3,2022-Q3,50.01,4.3,12.53,22.75,1.62,1.9,36.18,25.05,8.59,24.13,6.03,62.9,7.1,0.97,1.94,22.61,11.01,1.85,63.0,71.0,8.0,57.83,15.0,1,0,Low Capital; 
BANK_102,"Patterson, Smith and Jones Rural Bank",Greater Accra,Small,Moderate,8,2022,Q4,2022-Q4,43.5,3.74,10.93,21.97,1.69,1.44,35.02,25.11,8.59,12.72,17.78,62.73,7.69,1.87,4.31,50.11,11.62,3.12,37.07,21.0,8.0,49.91,14.42,1,0,Low Capital; 
BANK_102,"Patterson, Smith and Jones Rural Bank",Greater Accra,Small,Moderate,9,2023,Q1,2023-Q1,45.48,3.91,11.19,20.36,1.49,1.11,38.1,24.6,8.61,15.19,11.88,53.43,7.33,1.96,4.32,50.2,6.34,2.1,78.34,36.0,4.0,46.34,,1,0,Low Capital; 
BANK_102,"Patterson, Smith and Jones Rural Bank",Greater Accra,Small,Moderate,10,2023,Q2,2023-Q2,43.86,3.75,11.21,24.95,1.85,2.03,33.64,25.55,8.56,17.77,15.05,74.14,7.4,1.8,4.1,47.87,11.34,1.68,65.3,24.0,6.0,21.66,10.64,1,0,Low Capital; 
BANK_102,"Patterson, Smith and Jones Rural Bank",Greater Accra,Small,Moderate,11,2023,Q3,2023-Q3,46.68,4.02,11.88,23.74,1.73,1.55,36.86,25.44,8.61,8.29,18.38,64.39,7.3,2.26,4.84,56.17,4.95,2.46,64.82,99.0,3.0,39.99,20.92,1,0,Low Capital; 
BANK_102,"Patterson, Smith and Jones Rural Bank",Greater Accra,Small,Moderate,12,2023,Q4,2023-Q4,49.37,4.22,12.61,16.4,1.15,0.71,35.88,25.54,8.56,11.5,9.3,45.71,7.03,1.66,3.37,39.41,4.38,1.72,82.09,63.0,4.0,36.21,7.05,1,0,Low Capital; 
BANK_103,"Mckee, Gardner and Davenport Rural Bank",Western,Medium,Moderate,1,2021,Q1,2021-Q1,137.06,21.23,23.57,51.63,6.55,4.07,103.05,17.19,15.49,16.77,6.55,50.1,12.68,5.2,3.79,24.49,2.9,6.06,47.08,87.0,15.0,16.67,24.55,0,0,
BANK_103,"Mckee, Gardner and Davenport Rural Bank",Western,Medium,Moderate,2,2021,Q2,2021-Q2,149.64,22.91,26.2,102.77,12.76,10.09,118.71,17.51,15.31,13.86,13.57,86.57,12.42,1.48,0.99,6.48,5.13,8.13,68.99,236.0,12.0,21.86,31.08,0,0,
BANK_103,"Mckee, Gardner and Davenport Rural Bank",Western,Medium,Moderate,3,2021,Q3,2021-Q3,148.4,22.88,26.28,70.91,9.03,6.04,106.32,17.71,15.42,23.07,6.73,66.7,12.74,6.2,4.18,27.11,11.53,11.73,30.21,74.0,22.0,58.01,,0,0,
BANK_103,"Mckee, Gardner and Davenport Rural Bank",Western,Medium,Moderate,4,2021,Q4,2021-Q4,142.8,22.08,27.14,92.38,11.41,11.49,112.64,19.0,15.46,22.59,7.45,82.01,12.35,3.49,2.44,15.81,4.21,9.07,89.46,119.0,13.0,25.18,12.63,0,0,
BANK_103,"Mckee, Gardner and Davenport Rural Bank",Western,Medium,Moderate,5,2022,Q1,2022-Q1,149.07,22.81,27.55,78.4,9.7,8.32,106.2,18.48,15.3,12.62,9.21,73.82,12.37,7.53,5.05,33.02,3.87,,66.11,223.0,18.0,32.94,22.39,0,0,
BANK_103,"Mckee, Gardner and Davenport Rural Bank",Western,Medium,Moderate,6,2022,Q2,2022-Q2,173.43,26.27,33.79,109.57,12.97,8.72,128.48,19.48,15.15,11.84,8.73,85.28,11.84,8.71,5.02,33.15,5.09,8.14,42.8,242.0,12.0,26.13,33.32,0,0,
BANK_103,"Mckee, Gardner and Davenport Rural Bank",Western,Medium,Moderate,7,2022,Q3,2022-Q3,172.63,26.26,34.15,66.12,8.0,5.65,123.03,19.78,15.21,9.53,17.97,53.74,12.1,3.45,2.0,13.12,9.71,13.51,46.84,213.0,12.0,45.58,7.51,0,0,
BANK_103,"Mckee, Gardner and Davenport Rural Bank",Western,Medium,Moderate,8,2022,Q4,2022-Q4,147.05,22.5,29.35,62.49,7.9,5.27,111.72,19.96,15.3,17.31,18.89,55.94,12.65,7.82,5.32,34.74,6.33,5.39,54.9,240.0,7.0,33.38,24.44,0,0,
BANK_103,"Mckee, Gardner and Davenport Rural Bank",Western,Medium,Moderate,9,2023,Q1,2023-Q1,144.4,21.96,29.25,48.92,6.24,4.06,117.36,20.25,15.21,23.55,19.11,41.68,12.76,6.95,4.81,31.63,3.13,5.86,70.39,133.0,21.0,57.82,17.61,0,0,
BANK_103,"Mckee, Gardner and Davenport Rural Bank",Western,Medium,Moderate,10,2023,Q2,2023-Q2,167.35,25.66,34.15,105.4,12.5,11.12,130.2,20.41,15.33,18.23,6.82,80.95,11.86,9.27,5.54,36.12,10.55,6.74,80.31,51.0,9.0,23.99,22.92,0,0,
BANK_103,"Mckee, Gardner and Davenport Rural Bank",Western,Medium,Moderate,11,2023,Q3,2023-Q3,163.39,24.76,33.76,80.5,10.01,10.41,137.47,20.66,15.15,20.56,8.64,58.56,12.43,2.26,1.38,9.13,5.1,7.71,54.0,118.0,30.0,48.64,,0,0,
BANK_103,"Mckee, Gardner and Davenport Rural Bank",Western,Medium,Moderate,12,2023,Q4,2023-Q4,167.9,25.06,34.14,60.78,7.9,8.51,138.39,20.34,14.93,23.19,6.8,43.92,13.01,2.1,1.25,8.38,3.86,7.52,38.85,147.0,30.0,,31.69,0,0,
BANK_104,"Tran, Jordan and Williams Rural Bank",Western,Small,Moderate,1,2021,Q1,2021-Q1,25.58,5.63,8.3,13.21,0.44,0.39,21.25,32.46,22.0,10.07,8.46,62.17,3.35,1.52,5.96,27.08,2.12,1.9,52.99,30.0,4.0,46.55,31.12,0,0,
BANK_104,"Tran, Jordan and Williams Rural Bank",Western,Small,Moderate,2,2021,Q2,2021-Q2,26.91,5.93,8.25,8.72,0.29,0.16,21.54,30.66,22.04,12.8,17.64,40.5,3.34,1.12,4.14,18.8,4.18,1.68,90.0,20.0,12.0,43.86,6.4,0,0,
BANK_104,"Tran, Jordan and Williams Rural Bank",Western,Small,Moderate,3,2021,Q3,2021-Q3,25.84,5.73,7.85,9.1,0.3,0.18,20.16,30.39,22.19,22.25,8.99,45.14,3.26,1.4,5.42,24.43,7.41,1.09,36.25,89.0,3.0,15.59,19.08,0,0,
BANK_104,"Tran, Jordan and Williams Rural Bank",Western,Small,Moderate,4,2021,Q4,2021-Q4,26.07,5.88,8.09,16.19,0.52,0.55,20.76,31.03,22.57,16.15,5.77,77.95,3.2,0.95,3.66,16.2,7.46,1.16,46.26,20.0,7.0,36.83,27.28,0,0,
BANK_104,"Tran, Jordan and Williams Rural Bank",Western,Small,Moderate,5,2022,Q1,2022-Q1,25.86,5.76,8.18,15.83,0.5,0.34,20.85,31.64,22.26,20.34,5.73,75.92,3.19,1.16,4.5,20.2,11.37,1.04,,,,20.37,24.59,0,0,
BANK_104,"Tran, Jordan and Williams Rural Bank",Western,Small,Moderate,6,2022,Q2,2022-Q2,27.89,6.22,9.01,12.69,0.39,0.41,20.56,32.29,22.29,14.12,9.79,61.73,3.06,0.68,2.43,10.9,11.42,0.89,79.87,58.0,14.0,32.71,26.24,0,0,
BANK_104,"Tran, Jordan and Williams Rural Bank",Western,Small,Moderate,7,2022,Q3,2022-Q3,28.57,6.23,9.06,21.05,0.63,0.45,22.88,31.71,21.82,24.96,7.08,92.01,3.01,1.23,4.3,19.72,11.22,1.48,76.17,56.0,6.0,38.36,17.82,0,0,
BANK_104,"Tran, Jordan and Williams Rural Bank",Western,Small,Moderate,8,2022,Q4,2022-Q4,26.59,5.82,8.12,15.74,0.48,0.27,20.52,30.53,21.91,20.94,17.17,76.68,3.03,1.53,5.75,26.26,4.18,2.03,45.1,62.0,6.0,20.15,6.59,0,0,
BANK_104,"Tran, Jordan and Williams Rural Bank",Western,Small,Moderate,9,2023,Q1,2023-Q1,25.8,5.65,7.54,8.64,0.27,0.29,18.07,29.24,21.88,11.29,6.56,47.83,3.1,0.37,1.44,6.59,9.3,,77.72,30.0,4.0,,12.42,0,0,
BANK_104,"Tran, Jordan and Williams Rural Bank",Western,Small,Moderate,10,2023,Q2,2023-Q2,29.0,6.36,8.66,14.1,0.41,0.37,24.31,29.87,21.94,8.86,19.91,57.99,2.89,1.38,4.75,21.63,6.4,1.88,41.35,71.0,9.0,49.0,13.92,0,0,
BANK_104,"Tran, Jordan and Williams Rural Bank",Western,Small,Moderate,11,2023,Q3,2023-Q3,29.36,6.51,8.64,10.68,0.32,0.18,24.72,29.42,22.17,11.34,11.3,43.19,2.98,1.74,5.91,26.68,10.47,2.22,39.24,36.0,9.0,37.58,13.96,0,0,
BANK_104,"Tran, Jordan and Williams Rural Bank",Western,Small,Moderate,12,2023,Q4,2023-Q4,27.69,6.11,7.62,13.28,0.39,0.43,19.93,27.53,22.06,13.04,7.24,66.64,2.9,1.07,3.86,17.51,9.43,1.66,92.01,68.0,13.0,26.03,21.82,0,0,
BANK_105,Nolan-Flynn Rural Bank,Upper East,Medium,Moderate,1,2021,Q1,2021-Q1,131.5,39.14,45.3,49.72,2.83,2.68,104.11,34.45,29.77,24.09,8.07,47.75,5.68,2.88,2.19,7.35,3.71,7.63,68.14,182.0,29.0,42.04,8.35,0,0,
BANK_105,Nolan-Flynn Rural Bank,Upper East,Medium,Moderate,2,2021,Q2,2021-Q2,146.67,43.86,51.39,44.65,2.48,2.43,109.95,35.04,29.9,21.5,10.74,40.61,5.54,4.75,3.24,10.82,10.76,10.67,87.07,182.0,14.0,36.66,,0,0,
BANK_105,Nolan-Flynn Rural Bank,Upper East,Medium,Moderate,3,2021,Q3,2021-Q3,130.92,38.82,45.02,46.45,2.79,2.46,102.59,34.39,29.65,12.76,13.22,45.28,6.01,5.25,4.01,13.51,3.69,8.81,83.52,221.0,8.0,40.1,,0,0,
BANK_105,Nolan-Flynn Rural Bank,Upper East,Medium,Moderate,4,2021,Q4,2021-Q4,136.85,40.8,43.6,48.97,2.98,2.41,106.39,31.86,29.81,17.66,11.73,46.03,6.09,6.3,4.61,15.45,9.75,8.55,42.93,129.0,7.0,35.33,34.11,0,0,
BANK_105,Nolan-Flynn Rural Bank,Upper East,Medium,Moderate,5,2022,Q1,2022-Q1,135.55,40.57,43.23,42.94,2.49,1.6,98.59,31.89,29.93,10.49,9.03,43.55,5.8,5.71,4.21,14.07,7.58,9.78,41.91,219.0,23.0,26.98,13.21,0,0,
BANK_105,Nolan-Flynn Rural Bank,Upper East,Medium,Moderate,6,2022,Q2,2022-Q2,133.86,39.16,42.37,82.98,4.59,3.94,96.15,31.65,29.25,23.09,6.24,86.31,5.53,7.9,5.9,20.17,2.2,6.65,83.14,,26.0,59.65,24.4,0,0,
BANK_105,Nolan-Flynn Rural Bank,Upper East,Medium,Moderate,7,2022,Q3,2022-Q3,142.88,41.75,47.01,99.52,5.55,3.47,108.84,32.9,29.22,17.1,19.53,91.43,5.58,6.68,4.68,16.0,10.96,10.45,40.05,147.0,20.0,55.44,5.06,0,0,
BANK_105,Nolan-Flynn Rural Bank,Upper East,Medium,Moderate,8,2022,Q4,2022-Q4,138.32,40.99,45.7,71.95,4.17,4.14,110.47,33.04,29.64,19.9,18.82,65.13,5.79,8.46,6.11,20.63,6.7,9.25,,142.0,11.0,52.83,30.2,0,0,
BANK_105,Nolan-Flynn Rural Bank,Upper East,Medium,Moderate,9,2023,Q1,2023-Q1,138.76,40.68,44.97,89.33,4.96,4.55,110.82,32.41,29.31,21.9,15.54,80.6,5.55,4.59,3.31,11.28,9.38,4.3,90.18,204.0,17.0,32.28,8.09,0,0,
BANK_105,Nolan-Flynn Rural Bank,Upper East,Medium,Moderate,10,2023,Q2,2023-Q2,149.19,44.02,48.31,50.28,2.67,2.15,110.3,32.38,29.5,11.84,14.45,45.58,5.31,3.98,2.67,9.04,8.52,11.13,55.03,188.0,9.0,39.34,32.65,0,0,
BANK_105,Nolan-Flynn Rural Bank,Upper East,Medium,Moderate,11,2023,Q3,2023-Q3,159.77,46.62,54.12,49.02,2.55,2.1,113.53,33.87,29.18,24.06,15.19,43.18,5.2,3.97,2.48,8.51,10.97,12.58,45.71,152.0,22.0,,14.12,0,0,
BANK_105,Nolan-Flynn Rural Bank,Upper East,Medium,Moderate,12,2023,Q4,2023-Q4,166.95,48.85,56.31,107.05,5.51,5.16,135.19,33.73,29.26,8.88,7.47,79.18,5.15,4.83,2.89,9.88,5.94,13.35,49.49,214.0,6.0,38.84,21.1,0,0,
BANK_106,Nolan and Sons Rural Bank,Eastern,Large,Moderate,1,2021,Q1,2021-Q1,577.25,149.05,94.32,361.4,42.39,35.77,441.51,16.34,25.82,23.13,16.43,81.86,11.73,31.77,5.5,21.32,5.23,43.7,79.27,260.0,31.0,58.88,26.38,0,0,
BANK_106,Nolan and Sons Rural Bank,Eastern,Large,Moderate,2,2021,Q2,2021-Q2,615.23,156.81,101.16,337.47,42.02,47.7,490.16,16.44,25.49,24.89,13.57,68.85,12.45,27.95,4.54,17.83,11.28,44.86,49.18,473.0,14.0,,24.2,0,0,
BANK_106,Nolan and Sons Rural Bank,Eastern,Large,Moderate,3,2021,Q3,2021-Q3,682.78,176.87,110.67,293.36,37.85,29.08,578.53,16.21,25.9,18.23,16.92,50.71,12.9,22.28,3.26,12.6,8.76,26.75,56.04,127.0,48.0,58.32,6.38,0,0,
BANK_106,Nolan and Sons Rural Bank,Eastern,Large,Moderate,4,2021,Q4,2021-Q4,761.01,198.43,123.48,305.75,38.42,29.17,555.72,16.23,26.07,14.27,8.2,55.02,12.57,37.29,4.9,18.79,10.01,53.15,66.86,230.0,36.0,29.3,22.46,0,0,
BANK_106,Nolan and Sons Rural Bank,Eastern,Large,Moderate,5,2022,Q1,2022-Q1,766.53,200.39,120.6,481.81,60.01,67.19,633.69,15.73,26.14,9.36,11.88,76.03,12.45,30.48,3.98,15.21,10.6,58.32,30.82,247.0,26.0,40.56,23.99,0,0,
BANK_106,Nolan and Sons Rural Bank,Eastern,Large,Moderate,6,2022,Q2,2022-Q2,797.37,208.48,123.11,361.54,43.83,46.5,575.82,15.44,26.15,17.28,13.27,62.79,12.12,18.98,2.38,9.1,6.89,32.65,42.03,443.0,71.0,18.6,27.95,0,0,
BANK_106,Nolan and Sons Rural Bank,Eastern,Large,Moderate,7,2022,Q3,2022-Q3,721.56,186.94,109.43,277.22,33.45,17.52,507.32,15.17,25.91,13.46,15.34,54.64,12.07,23.97,3.32,12.82,9.36,,42.65,192.0,67.0,24.21,31.38,0,0,
BANK_106,Nolan and Sons Rural Bank,Eastern,Large,Moderate,8,2022,Q4,2022-Q4,720.15,186.43,111.13,280.42,36.21,28.54,563.41,15.43,25.89,8.83,11.12,49.77,12.91,30.14,4.19,16.17,11.33,56.08,68.8,107.0,16.0,52.53,29.89,0,0,
BANK_106,Nolan and Sons Rural Bank,Eastern,Large,Moderate,9,2023,Q1,2023-Q1,736.11,191.8,114.53,495.45,63.85,60.49,580.36,15.56,26.06,24.21,17.96,85.37,12.89,12.88,1.75,6.72,9.44,33.89,83.11,378.0,70.0,47.04,17.31,0,0,
BANK_106,Nolan and Sons Rural Bank,Eastern,Large,Moderate,10,2023,Q2,2023-Q2,830.94,214.55,131.98,566.03,72.82,42.6,635.96,15.88,25.82,17.85,6.58,89.0,12.86,45.2,5.44,21.07,10.0,42.29,92.08,207.0,34.0,48.74,11.99,0,0,
BANK_106,Nolan and Sons Rural Bank,Eastern,Large,Moderate,11,2023,Q3,2023-Q3,905.64,234.11,151.79,349.27,47.0,50.68,719.48,16.76,25.85,11.13,14.66,48.55,13.46,42.81,4.73,18.29,9.61,59.89,62.89,258.0,35.0,48.02,19.94,0,0,
BANK_106,Nolan and Sons Rural Bank,Eastern,Large,Moderate,12,2023,Q4,2023-Q4,958.33,244.03,155.2,351.65,48.06,42.88,810.58,16.2,25.46,10.35,17.56,43.38,13.67,53.18,5.55,21.79,6.71,35.61,76.25,365.0,72.0,34.87,13.03,0,0,
BANK_107,"Wright, Garcia and Deleon Rural Bank",Bono,Medium,Moderate,1,2021,Q1,2021-Q1,59.0,14.24,13.91,44.5,6.32,7.55,47.6,23.57,24.13,10.56,14.26,93.49,14.2,1.14,1.94,8.02,5.18,3.27,37.96,110.0,15.0,15.18,15.63,0,0,
BANK_107,"Wright, Garcia and Deleon Rural Bank",Bono,Medium,Moderate,2,2021,Q2,2021-Q2,59.83,14.3,14.56,36.3,5.2,4.27,42.6,24.33,23.89,17.35,7.95,85.22,14.32,1.68,2.8,11.73,3.28,4.09,90.31,240.0,26.0,33.47,19.35,0,0,
BANK_107,"Wright, Garcia and Deleon Rural Bank",Bono,Medium,Moderate,3,2021,Q3,2021-Q3,63.65,15.28,15.47,43.09,6.29,7.28,47.65,24.3,24.01,19.83,10.62,90.42,14.61,1.63,2.57,10.69,4.19,2.16,76.06,150.0,23.0,36.26,19.49,0,0,
BANK_107,"Wright, Garcia and Deleon Rural Bank",Bono,Medium,Moderate,4,2021,Q4,2021-Q4,66.63,16.02,15.99,42.5,6.21,4.12,50.54,24.0,24.04,11.78,5.44,84.09,14.62,3.11,4.66,19.4,2.62,2.17,75.08,161.0,18.0,40.89,27.06,0,0,
BANK_107,"Wright, Garcia and Deleon Rural Bank",Bono,Medium,Moderate,5,2022,Q1,2022-Q1,68.83,16.39,16.73,33.6,4.95,4.73,56.06,24.3,23.82,20.19,17.37,59.93,14.74,3.34,4.85,20.37,9.34,3.62,40.34,111.0,11.0,,19.68,0,0,
BANK_107,"Wright, Garcia and Deleon Rural Bank",Bono,Medium,Moderate,6,2022,Q2,2022-Q2,70.31,16.62,16.6,27.04,3.96,2.17,57.75,23.6,23.63,16.92,13.01,46.82,14.65,2.74,3.9,16.48,9.35,3.3,68.38,196.0,29.0,28.57,7.03,0,0,
BANK_107,"Wright, Garcia and Deleon Rural Bank",Bono,Medium,Moderate,7,2022,Q3,2022-Q3,68.63,16.17,16.23,44.52,6.85,4.08,54.2,23.66,23.56,13.42,7.77,82.14,15.38,1.91,2.78,11.81,5.14,5.02,67.79,195.0,12.0,26.88,11.76,1,0,High NPL; 
BANK_107,"Wright, Garcia and Deleon Rural Bank",Bono,Medium,Moderate,8,2022,Q4,2022-Q4,61.19,14.61,13.8,40.89,6.63,4.22,51.75,22.55,23.87,17.93,11.08,79.0,16.22,2.46,4.02,16.84,4.94,2.05,55.95,87.0,10.0,38.52,25.19,1,0,High NPL; 
BANK_107,"Wright, Garcia and Deleon Rural Bank",Bono,Medium,Moderate,9,2023,Q1,2023-Q1,62.26,14.75,14.49,39.4,6.39,5.73,51.15,23.28,23.69,21.49,8.69,77.03,16.22,0.77,1.24,5.24,8.06,4.47,54.2,141.0,27.0,18.05,16.57,1,0,High NPL; 
BANK_107,"Wright, Garcia and Deleon Rural Bank",Bono,Medium,Moderate,10,2023,Q2,2023-Q2,61.32,14.34,13.74,34.41,5.74,4.11,47.05,22.41,23.39,14.38,7.96,73.13,16.69,2.8,4.57,19.54,6.81,3.55,84.69,91.0,37.0,55.5,13.6,1,0,High NPL; 
BANK_107,"Wright, Garcia and Deleon Rural Bank",Bono,Medium,Moderate,11,2023,Q3,2023-Q3,63.72,14.97,14.24,39.82,6.66,4.26,51.05,22.34,23.49,13.51,18.96,78.01,16.73,3.7,5.8,24.69,2.86,4.21,41.24,51.0,21.0,22.25,33.96,1,0,High NPL; 
BANK_107,"Wright, Garcia and Deleon Rural Bank",Bono,Medium,Moderate,12,2023,Q4,2023-Q4,65.09,15.2,14.31,26.63,4.78,2.57,45.8,21.99,23.36,12.08,5.48,58.14,17.95,3.26,5.01,21.45,6.63,3.37,75.42,192.0,29.0,,11.97,1,0,High NPL; 
BANK_108,Dickson-Brady Rural Bank,Eastern,Small,Aggressive,1,2021,Q1,2021-Q1,7.99,1.31,0.81,2.78,0.55,0.46,6.28,10.1,16.37,13.55,17.83,44.29,19.92,0.11,1.37,8.37,4.93,0.26,77.21,91.0,10.0,44.55,19.16,1,0,Low Liquidity; High NPL; 
BANK_108,Dickson-Brady Rural Bank,Eastern,Small,Aggressive,2,2021,Q2,2021-Q2,8.4,1.37,0.8,4.04,0.79,0.74,6.34,9.53,16.25,20.48,19.41,63.71,19.48,0.41,4.89,30.08,8.5,0.44,91.76,76.0,7.0,35.1,29.54,1,0,Low Liquidity; High NPL; 
BANK_108,Dickson-Brady Rural Bank,Eastern,Small,Aggressive,3,2021,Q3,2021-Q3,8.57,1.35,0.81,5.74,1.17,1.34,6.67,9.46,15.8,22.01,9.37,86.14,20.35,0.11,1.3,8.24,6.44,0.4,43.88,92.0,13.0,35.94,9.04,1,0,Low Liquidity; High NPL; 
BANK_108,Dickson-Brady Rural Bank,Eastern,Small,Aggressive,4,2021,Q4,2021-Q4,9.04,1.42,0.86,5.26,1.08,0.9,7.15,9.46,15.76,9.02,5.6,73.53,20.48,0.12,1.38,8.75,10.13,0.61,86.93,29.0,11.0,44.48,11.97,1,0,Low Liquidity; High NPL; 
BANK_108,Dickson-Brady Rural Bank,Eastern,Small,Aggressive,5,2022,Q1,2022-Q1,9.19,1.46,0.9,6.02,1.18,1.18,6.9,9.8,15.82,18.0,18.6,87.25,19.65,0.44,4.84,30.57,2.12,0.59,50.74,37.0,12.0,19.01,11.85,1,0,Low Liquidity; High NPL; 
BANK_108,Dickson-Brady Rural Bank,Eastern,Small,Aggressive,6,2022,Q2,2022-Q2,9.39,1.47,0.87,6.02,1.16,0.75,7.56,9.31,15.61,19.4,9.84,79.63,19.28,0.27,2.84,18.22,3.33,0.34,50.95,79.0,,26.6,9.87,1,0,Low Liquidity; High NPL; 
BANK_108,Dickson-Brady Rural Bank,Eastern,Small,Aggressive,7,2022,Q3,2022-Q3,9.19,1.43,0.85,3.94,0.76,0.75,7.81,9.23,15.51,18.36,17.87,50.46,19.25,0.54,5.91,38.13,10.02,0.47,73.98,85.0,8.0,27.28,11.3,1,0,Low Liquidity; High NPL; 
BANK_108,Dickson-Brady Rural Bank,Eastern,Small,Aggressive,8,2022,Q4,2022-Q4,9.21,1.42,0.82,4.21,0.84,0.93,7.56,8.95,15.44,14.97,10.71,55.77,19.94,0.22,2.36,15.31,6.92,0.61,63.58,20.0,3.0,47.46,17.0,1,0,Low Liquidity; High NPL; 
BANK_108,Dickson-Brady Rural Bank,Eastern,Small,Aggressive,9,2023,Q1,2023-Q1,9.66,1.51,0.84,6.08,1.23,0.67,6.79,8.66,15.62,18.96,13.72,89.58,20.21,0.56,5.82,37.28,10.79,0.58,88.11,29.0,7.0,34.29,15.09,1,0,Low Liquidity; High NPL; 
BANK_108,Dickson-Brady Rural Bank,Eastern,Small,Aggressive,10,2023,Q2,2023-Q2,10.39,1.64,0.95,5.3,1.09,1.25,8.71,9.14,15.8,17.52,6.93,60.8,20.66,0.4,3.84,24.29,5.46,0.5,74.56,45.0,9.0,27.56,9.98,1,0,Low Liquidity; High NPL; 
BANK_108,Dickson-Brady Rural Bank,Eastern,Small,Aggressive,11,2023,Q3,2023-Q3,9.64,1.52,0.85,4.32,0.89,0.66,7.61,8.85,15.76,23.57,18.48,56.7,20.58,0.28,2.89,18.34,10.21,0.38,33.13,82.0,,,13.17,1,0,Low Liquidity; High NPL; 
BANK_108,Dickson-Brady Rural Bank,Eastern,Small,Aggressive,12,2023,Q4,2023-Q4,9.63,1.51,0.8,3.77,0.79,0.43,8.08,8.33,15.64,15.23,18.01,46.6,20.99,0.15,1.56,10.0,2.48,,77.46,77.0,3.0,56.82,19.08,1,0,Low Liquidity; High NPL; 
BANK_109,Hancock and Sons Rural Bank,Central,Small,Moderate,1,2021,Q1,2021-Q1,43.35,3.59,11.06,31.4,4.29,3.13,33.13,25.51,8.28,22.52,9.47,94.78,13.66,1.71,3.95,47.77,9.25,1.8,40.13,38.0,8.0,51.04,15.62,1,0,Low Capital; 
BANK_109,Hancock and Sons Rural Bank,Central,Small,Moderate,2,2021,Q2,2021-Q2,47.1,3.91,11.95,35.16,4.84,3.06,39.71,25.36,8.3,20.34,8.58,88.56,13.77,1.48,3.14,37.8,10.36,3.32,92.38,40.0,4.0,16.42,17.31,1,0,Low Capital; 
BANK_109,Hancock and Sons Rural Bank,Central,Small,Moderate,3,2021,Q3,2021-Q3,48.75,4.04,11.98,19.65,2.79,2.97,39.96,24.58,8.3,14.02,17.46,49.17,14.19,0.85,1.75,21.11,8.48,3.17,62.73,31.0,12.0,44.04,31.07,1,0,Low Capital; 
BANK_109,Hancock and Sons Rural Bank,Central,Small,Moderate,4,2021,Q4,2021-Q4,51.75,4.33,12.5,26.98,3.85,2.73,36.37,24.15,8.36,9.17,15.49,74.16,14.26,2.89,5.59,66.85,6.51,2.04,68.01,35.0,,28.77,14.45,1,0,Low Capital; 
BANK_109,Hancock and Sons Rural Bank,Central,Small,Moderate,5,2022,Q1,2022-Q1,54.69,4.62,13.32,25.78,3.59,2.18,41.1,24.36,8.45,11.73,18.31,62.71,13.92,2.71,4.96,58.67,9.34,2.17,47.99,95.0,3.0,39.64,20.66,1,0,Low Capital; 
BANK_109,Hancock and Sons Rural Bank,Central,Small,Moderate,6,2022,Q2,2022-Q2,60.83,5.19,14.85,28.28,3.59,2.29,45.19,24.41,8.53,23.78,19.02,62.58,12.68,0.93,1.53,17.97,10.83,3.06,47.5,35.0,8.0,45.12,31.95,1,0,Low Capital; 
BANK_109,Hancock and Sons Rural Bank,Central,Small,Moderate,7,2022,Q3,2022-Q3,63.0,5.49,15.47,47.55,5.94,6.02,52.63,24.55,8.71,21.46,5.5,90.35,12.49,2.27,3.6,41.26,6.03,4.57,42.51,55.0,2.0,22.38,33.22,1,0,Low Capital; 
BANK_109,Hancock and Sons Rural Bank,Central,Small,Moderate,8,2022,Q4,2022-Q4,64.86,5.67,15.1,43.51,5.6,4.67,50.64,23.28,8.74,8.8,12.3,85.92,12.86,0.85,1.31,15.03,9.63,2.92,56.63,65.0,6.0,49.88,31.53,1,0,Low Capital; 
BANK_109,Hancock and Sons Rural Bank,Central,Small,Moderate,9,2023,Q1,2023-Q1,69.66,6.06,16.3,38.79,4.83,4.31,53.82,23.41,8.69,9.92,9.76,72.08,12.46,1.13,1.63,18.72,11.82,3.19,67.99,41.0,13.0,27.75,16.01,1,0,Low Capital; 
BANK_109,Hancock and Sons Rural Bank,Central,Small,Moderate,10,2023,Q2,2023-Q2,74.63,6.5,17.87,33.54,4.2,4.3,61.53,23.94,8.71,17.69,17.24,54.51,12.52,2.92,3.91,44.84,3.02,2.25,33.13,97.0,3.0,17.0,14.29,1,0,Low Capital; 
BANK_109,Hancock and Sons Rural Bank,Central,Small,Moderate,11,2023,Q3,2023-Q3,76.97,6.71,18.76,35.72,4.59,4.22,64.72,24.37,8.72,14.43,15.5,55.2,12.86,4.27,5.55,63.64,10.71,3.95,45.06,41.0,4.0,39.36,31.06,1,0,Low Capital; 
BANK_109,Hancock and Sons Rural Bank,Central,Small,Moderate,12,2023,Q4,2023-Q4,81.36,7.14,20.43,38.22,5.0,2.61,66.19,25.11,8.78,18.02,11.72,57.73,13.07,2.17,2.66,30.36,3.96,5.27,47.45,93.0,5.0,39.98,29.83,1,0,Low Capital; 
BANK_110,Johnson-Doyle Rural Bank,Upper East,Small,Moderate,1,2021,Q1,2021-Q1,23.1,6.06,7.09,15.68,0.67,0.54,17.3,30.72,26.23,15.66,15.86,90.65,4.26,0.54,2.35,8.96,2.28,1.05,76.37,31.0,6.0,15.91,26.65,0,0,
BANK_110,Johnson-Doyle Rural Bank,Upper East,Small,Moderate,2,2021,Q2,2021-Q2,23.85,6.32,7.91,9.49,0.4,0.46,18.26,33.18,26.49,23.96,5.39,51.97,4.26,0.36,1.51,5.69,3.38,1.14,57.38,66.0,12.0,21.11,29.08,0,0,
BANK_110,Johnson-Doyle Rural Bank,Upper East,Small,Moderate,3,2021,Q3,2021-Q3,20.75,5.5,6.56,12.01,0.55,0.53,15.13,31.61,26.5,8.94,14.77,79.39,4.62,0.39,1.88,7.08,3.08,0.68,50.87,99.0,6.0,49.23,8.97,0,0,
BANK_110,Johnson-Doyle Rural Bank,Upper East,Small,Moderate,4,2021,Q4,2021-Q4,19.78,5.23,6.22,6.88,0.33,0.39,15.12,31.43,26.45,19.52,7.88,45.48,4.76,1.08,5.48,20.74,3.35,1.41,47.63,57.0,10.0,55.66,32.33,0,0,
BANK_110,Johnson-Doyle Rural Bank,Upper East,Small,Moderate,5,2022,Q1,2022-Q1,20.34,5.34,6.39,11.26,0.55,0.56,14.32,31.44,26.25,15.0,16.9,78.67,4.85,0.94,4.61,17.56,7.51,1.54,68.16,,13.0,17.24,32.02,0,0,
BANK_110,Johnson-Doyle Rural Bank,Upper East,Small,Moderate,6,2022,Q2,2022-Q2,21.28,5.59,6.84,13.67,0.65,0.45,17.48,32.16,26.29,17.63,8.76,78.22,4.76,0.68,3.19,12.14,9.35,1.04,85.87,54.0,2.0,15.78,24.4,0,0,
BANK_110,Johnson-Doyle Rural Bank,Upper East,Small,Moderate,7,2022,Q3,2022-Q3,24.33,6.53,8.03,12.54,0.6,0.51,20.67,32.98,26.82,17.91,16.85,60.66,4.77,1.25,5.15,19.2,11.51,1.41,41.78,71.0,2.0,43.58,29.26,0,0,
BANK_110,Johnson-Doyle Rural Bank,Upper East,Small,Moderate,8,2022,Q4,2022-Q4,21.97,5.88,7.42,9.5,0.47,0.44,16.2,33.79,26.77,10.42,15.38,58.66,5.0,1.15,5.22,19.49,8.04,1.72,93.67,48.0,14.0,58.06,24.19,0,0,
BANK_110,Johnson-Doyle Rural Bank,Upper East,Small,Moderate,9,2023,Q1,2023-Q1,24.17,6.42,8.25,12.7,0.64,0.42,17.01,34.14,26.56,21.23,9.07,74.64,5.02,0.58,2.4,9.03,9.08,1.57,42.01,67.0,,32.21,26.31,0,0,
BANK_110,Johnson-Doyle Rural Bank,Upper East,Small,Moderate,10,2023,Q2,2023-Q2,23.9,6.4,7.92,12.78,0.63,0.64,18.01,33.13,26.78,18.6,18.78,70.99,4.97,1.09,4.56,17.01,9.92,1.24,63.81,98.0,14.0,33.67,25.56,0,0,
BANK_110,Johnson-Doyle Rural Bank,Upper East,Small,Moderate,11,2023,Q3,2023-Q3,24.64,6.57,8.31,11.45,0.56,0.65,17.9,33.74,26.65,18.14,16.53,63.99,4.91,0.81,3.28,12.31,3.42,1.72,91.45,91.0,11.0,15.21,17.23,0,0,
BANK_110,Johnson-Doyle Rural Bank,Upper East,Small,Moderate,12,2023,Q4,2023-Q4,26.18,6.96,8.99,13.05,0.66,0.63,18.86,34.34,26.6,21.51,5.98,69.22,5.05,1.05,4.02,15.1,3.9,1.29,92.2,43.0,2.0,32.32,15.99,0,0,
BANK_111,Patton-Jenkins Rural Bank,Ashanti,Small,Conservative,1,2021,Q1,2021-Q1,26.16,5.32,11.09,15.06,0.86,0.92,18.46,42.39,20.33,15.21,19.89,81.59,5.7,0.67,2.58,12.68,10.39,1.8,64.84,29.0,10.0,17.96,8.01,0,0,
BANK_111,Patton-Jenkins Rural Bank,Ashanti,Small,Conservative,2,2021,Q2,2021-Q2,24.84,4.98,10.38,10.27,0.58,0.41,17.51,41.78,20.03,16.02,11.93,58.65,5.61,0.54,2.18,10.88,4.46,1.78,65.63,88.0,8.0,,12.64,0,0,
BANK_111,Patton-Jenkins Rural Bank,Ashanti,Small,Conservative,3,2021,Q3,2021-Q3,24.86,5.1,10.48,12.98,0.77,0.86,20.59,42.17,20.51,24.95,18.78,63.02,5.9,1.16,4.67,22.77,5.15,1.12,50.09,27.0,2.0,41.14,29.32,0,0,
BANK_111,Patton-Jenkins Rural Bank,Ashanti,Small,Conservative,4,2021,Q4,2021-Q4,25.8,5.26,10.94,16.59,0.99,0.73,18.62,42.42,20.41,20.61,10.58,89.09,5.94,1.38,5.35,26.24,3.86,2.05,82.61,,6.0,43.12,31.55,0,0,
BANK_111,Patton-Jenkins Rural Bank,Ashanti,Small,Conservative,5,2022,Q1,2022-Q1,27.03,5.47,11.57,18.28,1.14,1.27,21.69,42.79,20.24,14.57,9.06,84.3,6.24,1.3,4.82,23.82,3.59,1.76,78.79,55.0,12.0,40.07,33.09,0,0,
BANK_111,Patton-Jenkins Rural Bank,Ashanti,Small,Conservative,6,2022,Q2,2022-Q2,30.39,6.17,13.5,22.67,1.36,0.87,24.37,44.43,20.29,15.55,12.07,93.02,5.99,1.73,5.69,28.04,5.7,2.37,81.81,55.0,9.0,42.33,24.97,0,0,
BANK_111,Patton-Jenkins Rural Bank,Ashanti,Small,Conservative,7,2022,Q3,2022-Q3,31.4,6.38,14.26,15.7,0.95,1.11,24.65,45.43,20.32,15.92,14.48,63.71,6.02,1.82,5.79,28.51,10.81,2.15,60.38,66.0,12.0,39.48,27.15,0,0,
BANK_111,Patton-Jenkins Rural Bank,Ashanti,Small,Conservative,8,2022,Q4,2022-Q4,30.34,6.25,13.36,11.37,0.71,0.39,22.35,44.06,20.62,24.47,13.04,50.88,6.22,1.8,5.94,28.83,8.11,1.5,63.28,80.0,4.0,34.88,27.12,0,0,
BANK_111,Patton-Jenkins Rural Bank,Ashanti,Small,Conservative,9,2023,Q1,2023-Q1,30.37,6.26,13.17,20.71,1.3,1.06,25.71,43.36,20.6,12.12,12.61,80.56,6.25,1.26,4.16,20.17,3.64,1.34,80.81,56.0,14.0,32.39,18.9,0,0,
BANK_111,Patton-Jenkins Rural Bank,Ashanti,Small,Conservative,10,2023,Q2,2023-Q2,30.55,6.24,13.28,18.6,1.14,0.73,22.91,43.47,20.44,22.79,18.83,81.19,6.15,0.55,1.79,8.76,5.08,1.75,70.37,84.0,7.0,39.04,33.96,0,0,
BANK_111,Patton-Jenkins Rural Bank,Ashanti,Small,Conservative,11,2023,Q3,2023-Q3,29.58,6.0,12.59,18.58,1.16,1.13,22.54,42.58,20.27,22.9,15.66,82.41,6.26,1.54,5.19,25.61,4.05,2.12,41.39,89.0,12.0,40.64,24.27,0,0,
BANK_111,Patton-Jenkins Rural Bank,Ashanti,Small,Conservative,12,2023,Q4,2023-Q4,31.36,6.32,13.09,13.53,0.87,0.71,25.88,41.74,20.16,15.88,11.99,52.29,6.4,0.74,2.35,11.66,11.0,1.08,39.39,70.0,13.0,19.3,27.01,0,0,
BANK_112,"Shields, Cochran and Adams Rural Bank",Upper East,Small,Conservative,1,2021,Q1,2021-Q1,38.41,7.99,13.3,16.67,0.9,0.49,28.91,34.62,20.79,12.74,12.3,57.66,5.4,1.29,3.37,16.19,7.59,2.85,,38.0,3.0,43.21,21.35,0,0,
BANK_112,"Shields, Cochran and Adams Rural Bank",Upper East,Small,Conservative,2,2021,Q2,2021-Q2,38.41,8.14,12.38,24.57,1.29,1.27,27.12,32.24,21.2,13.99,17.38,90.61,5.24,1.95,5.07,23.92,5.43,1.81,44.48,74.0,2.0,31.34,13.01,0,0,
BANK_112,"Shields, Cochran and Adams Rural Bank",Upper East,Small,Conservative,3,2021,Q3,2021-Q3,32.53,6.8,9.52,14.22,0.79,0.83,25.94,29.28,20.92,17.38,12.56,54.82,5.57,1.97,6.06,28.98,5.59,,77.99,91.0,14.0,15.35,7.65,0,0,
BANK_112,"Shields, Cochran and Adams Rural Bank",Upper East,Small,Conservative,4,2021,Q4,2021-Q4,31.54,6.7,9.03,10.53,0.58,0.69,25.89,28.64,21.25,8.88,17.29,40.66,5.55,0.86,2.72,12.79,2.85,2.29,,84.0,8.0,31.1,5.07,0,0,
BANK_112,"Shields, Cochran and Adams Rural Bank",Upper East,Small,Conservative,5,2022,Q1,2022-Q1,33.0,6.89,9.18,12.51,0.68,0.41,23.79,27.83,20.87,10.67,14.97,52.59,5.46,0.38,1.15,5.51,10.57,1.35,83.42,55.0,10.0,18.41,22.51,0,0,
BANK_112,"Shields, Cochran and Adams Rural Bank",Upper East,Small,Conservative,6,2022,Q2,2022-Q2,33.06,6.88,8.94,17.82,0.94,0.93,24.34,27.04,20.81,18.33,18.62,73.2,5.26,0.35,1.05,5.07,3.98,1.78,,61.0,11.0,45.69,16.18,0,0,
BANK_112,"Shields, Cochran and Adams Rural Bank",Upper East,Small,Conservative,7,2022,Q3,2022-Q3,35.26,7.35,9.92,16.51,0.86,0.85,25.39,28.13,20.83,11.36,13.24,65.03,5.19,0.41,1.15,5.51,5.05,1.55,86.78,89.0,8.0,15.85,11.85,0,0,
BANK_112,"Shields, Cochran and Adams Rural Bank",Upper East,Small,Conservative,8,2022,Q4,2022-Q4,31.52,6.58,8.96,10.28,0.56,0.6,25.29,28.41,20.89,21.29,15.51,40.66,5.43,1.42,4.5,21.57,6.45,1.37,85.96,71.0,12.0,39.84,10.16,0,0,
BANK_112,"Shields, Cochran and Adams Rural Bank",Upper East,Small,Conservative,9,2023,Q1,2023-Q1,31.29,6.4,9.4,22.89,1.22,1.25,25.77,30.05,20.46,21.51,18.82,88.85,5.31,0.98,3.13,15.29,9.48,2.25,90.35,66.0,12.0,37.26,6.25,0,0,
BANK_112,"Shields, Cochran and Adams Rural Bank",Upper East,Small,Conservative,10,2023,Q2,2023-Q2,33.06,6.84,9.91,15.91,0.83,0.91,25.44,29.99,20.69,20.64,10.75,62.54,5.25,1.24,3.74,18.06,6.81,1.42,60.63,67.0,11.0,22.5,29.39,0,0,
BANK_112,"Shields, Cochran and Adams Rural Bank",Upper East,Small,Conservative,11,2023,Q3,2023-Q3,35.32,7.15,10.43,18.55,0.95,0.66,27.75,29.54,20.24,9.46,14.12,66.85,5.14,0.65,1.84,9.09,8.02,1.41,41.77,64.0,13.0,50.49,32.15,0,0,
BANK_112,"Shields, Cochran and Adams Rural Bank",Upper East,Small,Conservative,12,2023,Q4,2023-Q4,32.86,6.76,9.41,12.72,0.64,0.62,23.38,28.62,20.57,17.37,15.94,54.38,5.04,0.55,1.67,8.13,11.09,1.96,59.75,94.0,3.0,50.53,,0,0,
BANK_113,"Rodriguez, Brennan and Garrison Rural Bank",Central,Large,Moderate,1,2021,Q1,2021-Q1,617.23,175.76,128.17,179.31,12.49,13.08,434.73,20.77,28.48,13.69,12.77,41.25,6.97,30.13,4.88,17.14,3.16,44.65,47.28,120.0,17.0,57.86,18.54,0,0,
BANK_113,"Rodriguez, Brennan and Garrison Rural Bank",Central,Large,Moderate,2,2021,Q2,2021-Q2,633.68,177.43,130.36,294.87,20.46,18.11,512.52,20.57,28.0,10.57,15.24,57.53,6.94,35.92,5.67,20.25,2.0,42.95,,438.0,13.0,57.89,8.04,0,0,
BANK_113,"Rodriguez, Brennan and Garrison Rural Bank",Central,Large,Moderate,3,2021,Q3,2021-Q3,642.02,182.43,128.16,293.91,20.88,16.95,530.44,19.96,28.41,24.97,11.46,55.41,7.1,25.96,4.04,14.23,3.04,32.73,34.31,214.0,32.0,53.39,30.14,0,0,
BANK_113,"Rodriguez, Brennan and Garrison Rural Bank",Central,Large,Moderate,4,2021,Q4,2021-Q4,635.77,180.1,121.33,257.55,18.42,11.87,447.1,19.08,28.33,23.81,8.35,57.61,7.15,6.82,1.07,3.79,7.84,46.75,42.11,335.0,13.0,51.66,13.23,0,0,
BANK_113,"Rodriguez, Brennan and Garrison Rural Bank",Central,Large,Moderate,5,2022,Q1,2022-Q1,665.72,191.9,127.36,234.49,16.63,17.7,496.98,19.13,28.83,24.09,16.5,47.18,7.09,28.9,4.34,15.06,9.32,49.78,90.86,296.0,17.0,35.99,21.68,0,0,
BANK_113,"Rodriguez, Brennan and Garrison Rural Bank",Central,Large,Moderate,6,2022,Q2,2022-Q2,765.55,222.37,151.11,288.0,19.45,15.69,555.84,19.74,29.05,17.64,6.7,51.81,6.75,12.12,1.58,5.45,6.93,56.41,80.28,132.0,,27.32,24.97,0,0,
BANK_113,"Rodriguez, Brennan and Garrison Rural Bank",Central,Large,Moderate,7,2022,Q3,2022-Q3,818.27,235.63,158.89,476.25,32.82,31.38,652.07,19.42,28.8,10.86,5.54,73.04,6.89,20.51,2.51,8.7,7.3,59.18,92.07,108.0,32.0,45.07,20.83,0,0,
BANK_113,"Rodriguez, Brennan and Garrison Rural Bank",Central,Large,Moderate,8,2022,Q4,2022-Q4,866.18,247.71,162.66,493.03,36.41,25.0,616.88,18.78,28.6,9.26,8.26,79.92,7.38,50.77,5.86,20.49,11.14,66.11,93.6,173.0,20.0,16.54,31.75,0,0,
BANK_113,"Rodriguez, Brennan and Garrison Rural Bank",Central,Large,Moderate,9,2023,Q1,2023-Q1,953.22,276.23,180.44,491.23,35.45,25.36,685.8,18.93,28.98,14.45,18.92,71.63,7.22,46.3,4.86,16.76,3.91,63.17,61.93,499.0,60.0,,15.27,0,0,
BANK_113,"Rodriguez, Brennan and Garrison Rural Bank",Central,Large,Moderate,10,2023,Q2,2023-Q2,975.36,279.66,184.7,484.52,35.57,24.98,722.25,18.94,28.67,24.89,6.86,67.08,7.34,20.53,2.11,7.34,4.08,55.83,84.73,399.0,57.0,27.72,5.68,0,0,
BANK_113,"Rodriguez, Brennan and Garrison Rural Bank",Central,Large,Moderate,11,2023,Q3,2023-Q3,955.48,271.19,188.79,631.93,47.56,25.44,697.59,19.76,28.38,14.32,19.58,90.59,7.53,32.76,3.43,12.08,8.68,42.75,90.7,280.0,26.0,,27.56,0,0,
BANK_113,"Rodriguez, Brennan and Garrison Rural Bank",Central,Large,Moderate,12,2023,Q4,2023-Q4,1040.34,297.5,199.86,458.1,35.02,25.58,790.15,19.21,28.6,13.55,9.39,57.98,7.64,23.96,2.3,8.05,6.53,,84.31,421.0,50.0,,27.05,0,0,
BANK_114,Gonzalez Group Rural Bank,Greater Accra,Small,Moderate,1,2021,Q1,2021-Q1,6.77,1.73,2.01,3.72,0.56,0.57,4.84,29.7,25.56,9.09,16.7,76.85,14.97,0.2,2.93,11.45,2.86,0.33,67.08,90.0,5.0,43.05,9.94,0,0,
BANK_114,Gonzalez Group Rural Bank,Greater Accra,Small,Moderate,2,2021,Q2,2021-Q2,6.94,1.77,2.03,3.59,0.53,0.4,5.12,29.21,25.52,10.56,16.21,70.02,14.86,0.34,4.94,19.35,2.81,0.27,74.93,92.0,14.0,52.62,11.34,0,0,
BANK_114,Gonzalez Group Rural Bank,Greater Accra,Small,Moderate,3,2021,Q3,2021-Q3,7.17,1.82,2.05,4.03,0.61,0.4,5.35,28.66,25.42,19.25,18.34,75.24,15.25,0.42,5.81,22.84,9.05,0.31,48.36,27.0,10.0,38.33,11.19,1,0,High NPL; 
BANK_114,Gonzalez Group Rural Bank,Greater Accra,Small,Moderate,4,2021,Q4,2021-Q4,7.28,1.85,2.1,4.75,0.73,0.65,5.84,28.83,25.39,22.44,15.16,81.33,15.37,0.08,1.09,4.28,3.23,0.31,49.16,34.0,10.0,28.23,9.74,1,0,High NPL; 
BANK_114,Gonzalez Group Rural Bank,Greater Accra,Small,Moderate,5,2022,Q1,2022-Q1,7.54,1.93,2.21,3.66,0.56,0.65,6.12,29.28,25.54,21.35,8.69,59.85,15.26,0.39,5.2,20.37,3.44,0.28,49.85,25.0,3.0,21.44,26.37,1,0,High NPL; 
BANK_114,Gonzalez Group Rural Bank,Greater Accra,Small,Moderate,6,2022,Q2,2022-Q2,8.5,2.18,2.54,5.83,0.89,0.86,6.51,29.86,25.68,12.41,19.38,89.49,15.3,0.35,4.11,15.99,7.38,0.51,74.37,33.0,5.0,48.13,9.91,1,0,High NPL; 
BANK_114,Gonzalez Group Rural Bank,Greater Accra,Small,Moderate,7,2022,Q3,2022-Q3,9.17,2.33,2.68,3.15,0.48,0.3,7.13,29.17,25.37,19.04,19.06,44.14,15.36,0.43,4.72,18.62,4.47,0.6,59.04,42.0,8.0,32.08,,1,0,High NPL; 
BANK_114,Gonzalez Group Rural Bank,Greater Accra,Small,Moderate,8,2022,Q4,2022-Q4,8.69,2.22,2.52,3.84,0.62,0.64,6.3,29.02,25.53,21.9,17.0,61.02,16.14,0.43,4.98,19.5,5.9,0.67,72.91,66.0,11.0,17.01,16.72,1,0,High NPL; 
BANK_114,Gonzalez Group Rural Bank,Greater Accra,Small,Moderate,9,2023,Q1,2023-Q1,8.16,2.05,2.3,4.92,0.81,0.83,6.93,28.17,25.13,17.94,10.34,70.93,16.45,0.11,1.39,5.55,7.72,0.63,52.23,71.0,14.0,50.91,25.65,1,0,High NPL; 
BANK_114,Gonzalez Group Rural Bank,Greater Accra,Small,Moderate,10,2023,Q2,2023-Q2,7.96,2.03,2.2,3.85,0.63,0.38,5.62,27.57,25.48,13.73,10.41,68.64,16.4,0.4,4.97,19.5,4.01,0.45,78.66,39.0,14.0,53.99,12.54,1,0,High NPL; 
BANK_114,Gonzalez Group Rural Bank,Greater Accra,Small,Moderate,11,2023,Q3,2023-Q3,8.8,2.22,2.5,5.21,0.85,0.44,7.1,28.38,25.18,18.04,14.99,73.34,16.32,0.39,4.38,17.39,10.54,0.68,89.53,52.0,13.0,15.03,15.54,1,0,High NPL; 
BANK_114,Gonzalez Group Rural Bank,Greater Accra,Small,Moderate,12,2023,Q4,2023-Q4,9.17,2.31,2.27,6.77,1.11,1.1,7.2,24.81,25.23,24.23,10.51,94.11,16.39,0.25,2.69,10.68,3.73,0.36,31.32,64.0,14.0,47.09,34.79,1,0,High NPL; 
BANK_115,Torres-Pope Rural Bank,Northern,Medium,Moderate,1,2021,Q1,2021-Q1,186.43,35.09,51.93,99.61,10.25,8.46,133.6,27.85,18.82,17.61,12.3,74.56,10.29,4.6,2.47,13.12,8.08,9.0,42.65,,14.0,55.01,,0,0,
BANK_115,Torres-Pope Rural Bank,Northern,Medium,Moderate,2,2021,Q2,2021-Q2,204.59,39.25,56.55,105.24,10.68,9.94,163.95,27.64,19.18,11.81,7.97,64.19,10.15,8.88,4.34,22.62,10.39,7.4,58.44,138.0,25.0,30.05,17.56,0,0,
BANK_115,Torres-Pope Rural Bank,Northern,Medium,Moderate,3,2021,Q3,2021-Q3,168.07,32.35,44.33,70.44,7.62,4.69,121.77,26.38,19.25,21.59,7.17,57.84,10.82,2.54,1.51,7.87,9.47,8.26,73.9,60.0,34.0,49.53,9.2,0,0,
BANK_115,Torres-Pope Rural Bank,Northern,Medium,Moderate,4,2021,Q4,2021-Q4,186.02,35.38,47.89,92.76,9.68,6.78,143.76,25.75,19.02,13.96,18.82,64.52,10.44,1.75,0.94,4.94,2.41,11.91,74.32,116.0,33.0,26.98,16.87,0,0,
BANK_115,Torres-Pope Rural Bank,Northern,Medium,Moderate,5,2022,Q1,2022-Q1,198.71,38.12,53.06,60.14,6.13,3.25,144.57,26.7,19.19,17.97,17.92,41.6,10.19,5.78,2.91,15.16,5.64,8.59,,86.0,20.0,,31.23,0,0,
BANK_115,Torres-Pope Rural Bank,Northern,Medium,Moderate,6,2022,Q2,2022-Q2,187.87,35.81,48.22,84.78,8.9,7.1,145.78,25.67,19.06,19.42,9.56,58.15,10.49,7.44,3.96,20.79,4.44,13.27,81.93,247.0,10.0,53.15,31.16,0,0,
BANK_115,Torres-Pope Rural Bank,Northern,Medium,Moderate,7,2022,Q3,2022-Q3,195.47,38.09,49.67,145.52,15.56,8.75,155.64,25.41,19.49,12.94,19.36,93.5,10.69,11.42,5.84,29.99,10.14,15.05,68.66,131.0,36.0,28.92,27.72,0,0,
BANK_115,Torres-Pope Rural Bank,Northern,Medium,Moderate,8,2022,Q4,2022-Q4,166.46,32.55,39.52,79.56,8.89,8.27,130.2,23.74,19.55,20.15,5.26,61.11,11.17,2.32,1.39,7.13,8.64,5.47,31.83,80.0,26.0,17.38,5.63,0,0,
BANK_115,Torres-Pope Rural Bank,Northern,Medium,Moderate,9,2023,Q1,2023-Q1,162.86,31.8,38.57,52.48,6.05,5.56,116.1,23.69,19.53,12.75,6.47,45.2,11.52,7.89,4.85,24.82,3.97,11.29,44.99,69.0,20.0,51.59,16.55,0,0,
BANK_115,Torres-Pope Rural Bank,Northern,Medium,Moderate,10,2023,Q2,2023-Q2,170.81,33.21,39.73,104.85,12.02,8.79,129.86,23.26,19.44,24.1,15.21,80.74,11.47,5.81,3.4,17.51,6.72,7.76,52.02,152.0,14.0,55.15,18.17,0,0,
BANK_115,Torres-Pope Rural Bank,Northern,Medium,Moderate,11,2023,Q3,2023-Q3,170.3,32.95,40.55,54.14,5.94,6.09,130.71,23.81,19.35,19.49,15.09,41.42,10.97,9.82,5.77,29.82,7.09,9.69,45.98,127.0,5.0,46.02,14.35,0,0,
BANK_115,Torres-Pope Rural Bank,Northern,Medium,Moderate,12,2023,Q4,2023-Q4,158.88,30.83,38.1,79.29,8.78,6.0,122.7,23.98,19.4,16.57,14.32,64.62,11.08,5.22,3.29,16.94,9.95,11.39,48.42,214.0,10.0,49.32,12.46,0,0,
BANK_116,Walker Ltd Rural Bank,Upper West,Small,Aggressive,1,2021,Q1,2021-Q1,18.41,4.92,0.94,12.57,2.0,2.02,13.3,5.11,26.75,10.58,11.3,94.48,15.88,0.18,0.98,3.67,11.93,1.25,54.28,32.0,3.0,38.94,34.28,1,0,Low Liquidity; High NPL; 
BANK_116,Walker Ltd Rural Bank,Upper West,Small,Aggressive,2,2021,Q2,2021-Q2,17.27,4.69,0.91,12.75,2.1,2.05,13.43,5.29,27.13,17.7,12.51,94.94,16.43,0.21,1.19,4.39,3.5,1.31,45.14,99.0,,35.0,32.6,1,0,Low Liquidity; High NPL; 
BANK_116,Walker Ltd Rural Bank,Upper West,Small,Aggressive,3,2021,Q3,2021-Q3,15.11,4.16,0.79,10.81,1.92,1.33,12.31,5.21,27.5,22.6,6.03,87.76,17.79,0.18,1.18,4.29,4.37,0.49,37.19,62.0,2.0,23.16,11.98,1,0,Low Liquidity; High NPL; 
BANK_116,Walker Ltd Rural Bank,Upper West,Small,Aggressive,4,2021,Q4,2021-Q4,15.0,4.21,0.78,9.48,1.71,0.87,11.53,5.18,28.08,13.19,11.88,82.26,18.04,0.6,3.97,14.13,9.83,1.06,32.99,76.0,11.0,24.63,8.38,1,0,Low Liquidity; High NPL; 
BANK_116,Walker Ltd Rural Bank,Upper West,Small,Aggressive,5,2022,Q1,2022-Q1,14.19,4.02,0.7,5.23,0.95,0.65,10.0,4.94,28.31,23.64,5.03,52.3,18.14,0.3,2.14,7.55,6.68,1.1,87.15,44.0,,41.7,32.54,1,0,Low Liquidity; High NPL; 
BANK_116,Walker Ltd Rural Bank,Upper West,Small,Aggressive,6,2022,Q2,2022-Q2,14.63,4.19,0.69,8.34,1.57,1.57,10.69,4.74,28.62,21.98,15.8,78.06,18.78,0.68,4.66,16.27,2.28,0.93,62.33,,6.0,47.13,25.22,1,0,Low Liquidity; High NPL; 
BANK_116,Walker Ltd Rural Bank,Upper West,Small,Aggressive,7,2022,Q3,2022-Q3,15.86,4.55,0.75,6.94,1.32,1.49,12.28,4.72,28.69,22.71,6.53,56.56,18.99,0.38,2.43,8.46,10.47,0.88,70.29,39.0,11.0,,15.32,1,0,Low Liquidity; High NPL; 
BANK_116,Walker Ltd Rural Bank,Upper West,Small,Aggressive,8,2022,Q4,2022-Q4,13.77,3.98,0.62,6.78,1.37,1.35,11.25,4.5,28.88,19.54,8.37,60.3,20.17,0.47,3.45,11.93,9.46,0.42,49.86,74.0,14.0,15.11,20.3,1,0,Low Liquidity; High NPL; 
BANK_116,Walker Ltd Rural Bank,Upper West,Small,Aggressive,9,2023,Q1,2023-Q1,13.69,3.94,0.6,8.52,1.73,1.62,10.22,4.39,28.76,17.25,5.06,83.43,20.31,0.14,1.0,3.48,5.92,1.03,88.39,36.0,6.0,40.22,30.58,1,0,Low Liquidity; High NPL; 
BANK_116,Walker Ltd Rural Bank,Upper West,Small,Aggressive,10,2023,Q2,2023-Q2,14.27,4.1,0.61,10.68,2.15,2.37,11.55,4.29,28.77,9.44,16.99,92.42,20.11,0.42,2.95,10.25,10.21,,39.02,59.0,8.0,29.57,32.52,1,0,Low Liquidity; High NPL; 
BANK_116,Walker Ltd Rural Bank,Upper West,Small,Aggressive,11,2023,Q3,2023-Q3,14.78,4.22,0.67,6.91,1.44,0.73,10.93,4.53,28.58,24.68,17.53,63.25,20.85,0.72,4.88,17.07,2.37,0.57,83.37,26.0,14.0,60.0,,1,0,Low Liquidity; High NPL; 
BANK_116,Walker Ltd Rural Bank,Upper West,Small,Aggressive,12,2023,Q4,2023-Q4,15.23,4.43,0.71,9.27,1.86,1.25,11.57,4.63,29.07,13.51,6.24,80.17,20.08,0.75,4.94,16.99,6.26,0.69,58.14,22.0,13.0,39.83,8.14,1,0,Low Liquidity; High NPL; 
BANK_117,Ross LLC Rural Bank,Western,Medium,Aggressive,1,2021,Q1,2021-Q1,93.26,27.64,20.37,39.92,4.95,2.58,71.25,21.84,29.64,12.97,13.9,56.03,12.39,4.84,5.19,17.52,6.79,3.65,82.12,125.0,28.0,52.68,33.89,0,0,
BANK_117,Ross LLC Rural Bank,Western,Medium,Aggressive,2,2021,Q2,2021-Q2,87.46,26.01,19.14,29.83,3.71,4.02,67.8,21.88,29.74,13.52,12.04,44.0,12.42,2.36,2.7,9.07,3.8,6.28,56.31,59.0,36.0,26.51,33.09,0,0,
BANK_117,Ross LLC Rural Bank,Western,Medium,Aggressive,3,2021,Q3,2021-Q3,90.63,26.81,20.26,67.02,8.44,9.03,76.71,22.35,29.58,20.1,14.96,87.37,12.59,1.18,1.3,4.39,11.3,4.83,38.74,135.0,24.0,40.78,22.24,0,0,
BANK_117,Ross LLC Rural Bank,Western,Medium,Aggressive,4,2021,Q4,2021-Q4,96.19,28.07,21.6,46.91,5.85,5.89,76.43,22.45,29.18,19.4,18.61,61.38,12.48,2.67,2.77,9.51,6.11,7.3,30.85,162.0,35.0,56.13,22.54,0,0,
BANK_117,Ross LLC Rural Bank,Western,Medium,Aggressive,5,2022,Q1,2022-Q1,95.21,27.72,22.05,51.76,6.49,3.45,66.88,23.16,29.11,12.08,7.61,77.38,12.53,3.7,3.89,13.36,2.36,6.57,89.79,242.0,28.0,53.56,23.32,0,0,
BANK_117,Ross LLC Rural Bank,Western,Medium,Aggressive,6,2022,Q2,2022-Q2,113.82,33.02,27.46,42.67,5.15,4.32,92.68,24.13,29.01,17.08,8.36,46.04,12.08,3.6,3.16,10.89,6.42,8.8,61.18,66.0,,32.62,26.32,0,0,
BANK_117,Ross LLC Rural Bank,Western,Medium,Aggressive,7,2022,Q3,2022-Q3,124.18,36.25,30.5,39.34,4.71,3.78,93.98,24.56,29.19,24.67,5.93,41.86,11.96,2.53,2.04,6.98,10.48,8.85,87.94,233.0,,45.69,23.57,0,0,
BANK_117,Ross LLC Rural Bank,Western,Medium,Aggressive,8,2022,Q4,2022-Q4,108.7,31.42,27.1,46.0,5.71,6.15,88.44,24.94,28.91,21.25,10.12,52.02,12.41,4.61,4.24,14.68,4.55,3.83,46.42,151.0,36.0,17.87,11.0,0,0,
BANK_117,Ross LLC Rural Bank,Western,Medium,Aggressive,9,2023,Q1,2023-Q1,100.02,29.19,24.01,40.26,5.04,5.35,84.46,24.01,29.19,21.73,17.88,47.67,12.51,4.52,4.52,15.48,6.48,4.56,92.59,77.0,6.0,,28.25,0,0,
BANK_117,Ross LLC Rural Bank,Western,Medium,Aggressive,10,2023,Q2,2023-Q2,114.53,33.2,28.2,44.66,5.26,4.7,92.89,24.62,28.99,14.84,10.51,48.08,11.77,2.28,1.99,6.87,11.26,8.77,57.05,128.0,14.0,53.51,22.04,0,0,
BANK_117,Ross LLC Rural Bank,Western,Medium,Aggressive,11,2023,Q3,2023-Q3,100.96,29.56,25.01,38.72,4.57,3.92,85.16,24.78,29.28,17.44,10.07,45.47,11.79,1.83,1.82,6.2,6.27,6.29,48.46,116.0,8.0,33.6,22.52,0,0,
BANK_117,Ross LLC Rural Bank,Western,Medium,Aggressive,12,2023,Q4,2023-Q4,100.6,29.19,25.55,58.11,7.28,7.16,75.17,25.39,29.02,20.87,10.97,77.3,12.53,1.7,1.69,5.84,11.65,7.26,66.55,228.0,17.0,16.54,26.81,0,0,
BANK_118,Rasmussen LLC Rural Bank,Bono,Medium,Moderate,1,2021,Q1,2021-Q1,191.5,22.14,38.22,135.62,8.57,5.06,160.05,19.96,11.56,17.82,14.66,84.74,6.32,10.71,5.59,48.35,7.83,,80.05,169.0,5.0,29.99,6.72,1,0,Low Capital; 
BANK_118,Rasmussen LLC Rural Bank,Bono,Medium,Moderate,2,2021,Q2,2021-Q2,191.68,22.12,37.3,93.24,6.0,5.48,148.98,19.46,11.54,19.76,7.52,62.59,6.43,8.87,4.63,40.09,9.27,14.72,45.42,104.0,8.0,41.67,16.86,1,0,Low Capital; 
BANK_118,Rasmussen LLC Rural Bank,Bono,Medium,Moderate,3,2021,Q3,2021-Q3,181.65,20.96,35.18,99.5,6.58,6.85,134.37,19.36,11.54,11.86,14.74,74.05,6.61,9.77,5.38,46.6,2.67,9.21,35.21,234.0,6.0,21.81,32.45,1,0,Low Capital; 
BANK_118,Rasmussen LLC Rural Bank,Bono,Medium,Moderate,4,2021,Q4,2021-Q4,194.93,22.58,37.87,104.18,7.12,8.37,165.24,19.43,11.58,19.65,5.25,63.05,6.84,5.13,2.63,22.73,5.09,6.54,57.81,233.0,20.0,55.99,29.51,1,0,Low Capital; 
BANK_118,Rasmussen LLC Rural Bank,Bono,Medium,Moderate,5,2022,Q1,2022-Q1,207.03,24.07,42.06,131.52,8.87,7.06,167.14,20.32,11.63,13.0,16.22,78.69,6.74,3.51,1.69,14.57,6.58,15.53,72.33,61.0,31.0,57.09,29.88,1,0,Low Capital; 
BANK_118,Rasmussen LLC Rural Bank,Bono,Medium,Moderate,6,2022,Q2,2022-Q2,205.53,24.01,43.06,103.97,6.87,5.01,146.24,20.95,11.68,14.54,10.23,71.09,6.6,2.72,1.33,11.35,9.39,7.98,82.33,219.0,25.0,49.64,10.16,1,0,Low Capital; 
BANK_118,Rasmussen LLC Rural Bank,Bono,Medium,Moderate,7,2022,Q3,2022-Q3,229.16,26.97,45.46,80.01,5.37,5.56,172.25,19.84,11.77,17.7,14.92,46.45,6.72,10.84,4.73,40.19,2.99,16.94,64.88,57.0,25.0,38.28,11.61,1,0,Low Capital; 
BANK_118,Rasmussen LLC Rural Bank,Bono,Medium,Moderate,8,2022,Q4,2022-Q4,215.78,24.88,40.05,147.07,10.28,5.45,161.36,18.56,11.53,12.3,6.92,91.14,6.99,3.14,1.45,12.6,3.27,7.68,86.71,236.0,20.0,43.37,25.88,1,0,Low Capital; 
BANK_118,Rasmussen LLC Rural Bank,Bono,Medium,Moderate,9,2023,Q1,2023-Q1,200.85,22.85,39.17,96.0,7.16,7.74,158.1,19.5,11.38,19.97,15.13,60.72,7.46,11.62,5.78,50.85,9.91,7.49,78.0,183.0,25.0,36.63,6.87,1,0,Low Capital; 
BANK_118,Rasmussen LLC Rural Bank,Bono,Medium,Moderate,10,2023,Q2,2023-Q2,189.75,21.58,37.69,91.66,7.08,3.85,143.93,19.86,11.37,21.05,17.37,63.69,7.72,8.84,4.66,40.95,7.89,8.9,40.71,70.0,5.0,24.29,17.34,1,0,Low Capital; 
BANK_118,Rasmussen LLC Rural Bank,Bono,Medium,Moderate,11,2023,Q3,2023-Q3,186.93,21.03,37.17,86.1,6.61,4.35,151.17,19.89,11.25,20.06,10.86,56.95,7.68,4.59,2.46,21.84,11.2,12.27,48.85,153.0,26.0,23.7,12.39,1,0,Low Capital; 
BANK_118,Rasmussen LLC Rural Bank,Bono,Medium,Moderate,12,2023,Q4,2023-Q4,203.81,22.93,41.62,92.24,7.23,5.84,148.5,20.42,11.25,20.75,10.16,62.12,7.84,4.92,2.41,21.45,9.07,8.75,80.74,216.0,30.0,24.7,25.83,1,0,Low Capital; 
BANK_119,May-Ross Rural Bank,Volta,Large,Moderate,1,2021,Q1,2021-Q1,523.12,155.33,103.54,325.74,25.28,14.61,395.23,19.79,29.69,10.8,10.42,82.42,7.76,9.09,1.74,5.85,2.09,36.46,60.42,421.0,49.0,52.41,20.11,0,0,
BANK_119,May-Ross Rural Bank,Volta,Large,Moderate,2,2021,Q2,2021-Q2,551.08,162.32,115.15,336.55,25.71,27.6,452.0,20.89,29.46,19.76,15.17,74.46,7.64,8.37,1.52,5.16,7.4,36.61,,479.0,16.0,47.5,29.73,0,0,
BANK_119,May-Ross Rural Bank,Volta,Large,Moderate,3,2021,Q3,2021-Q3,563.26,168.46,120.5,309.16,22.77,19.99,427.83,21.39,29.91,20.16,10.78,72.26,7.36,9.58,1.7,5.69,9.04,20.84,70.34,302.0,29.0,20.02,27.08,0,0,
BANK_119,May-Ross Rural Bank,Volta,Large,Moderate,4,2021,Q4,2021-Q4,571.41,170.54,124.44,244.56,17.32,9.59,463.11,21.78,29.85,18.09,16.59,52.81,7.08,5.87,1.03,3.44,2.65,37.21,,230.0,45.0,41.62,21.96,0,0,
BANK_119,May-Ross Rural Bank,Volta,Large,Moderate,5,2022,Q1,2022-Q1,595.04,177.92,123.18,237.54,17.3,9.21,419.96,20.7,29.9,20.37,10.83,56.56,7.28,17.62,2.96,9.9,11.64,34.76,80.14,444.0,67.0,38.33,16.9,0,0,
BANK_119,May-Ross Rural Bank,Volta,Large,Moderate,6,2022,Q2,2022-Q2,566.01,171.39,117.47,240.49,17.14,13.68,415.97,20.75,30.28,12.0,8.61,57.82,7.13,17.76,3.14,10.36,9.92,29.67,92.05,159.0,65.0,26.17,33.02,0,0,
BANK_119,May-Ross Rural Bank,Volta,Large,Moderate,7,2022,Q3,2022-Q3,602.09,180.82,130.52,329.32,24.05,27.58,441.21,21.68,30.03,18.65,5.93,74.64,7.3,18.01,2.99,9.96,3.94,37.86,37.56,,26.0,38.59,22.88,0,0,
BANK_119,May-Ross Rural Bank,Volta,Large,Moderate,8,2022,Q4,2022-Q4,619.9,183.95,127.97,219.21,16.94,14.49,523.13,20.64,29.67,19.37,8.75,41.9,7.73,10.15,1.64,5.52,7.19,30.75,59.37,486.0,18.0,48.96,14.91,0,0,
BANK_119,May-Ross Rural Bank,Volta,Large,Moderate,9,2023,Q1,2023-Q1,611.52,179.75,127.38,270.12,20.65,15.13,452.9,20.83,29.39,12.76,10.23,59.64,7.65,28.64,4.68,15.94,3.46,47.11,41.08,248.0,22.0,27.9,27.83,0,0,
BANK_119,May-Ross Rural Bank,Volta,Large,Moderate,10,2023,Q2,2023-Q2,585.49,171.93,126.25,259.48,19.87,16.64,492.89,21.56,29.36,23.29,5.7,52.65,7.66,22.94,3.92,13.35,10.81,31.96,43.01,390.0,44.0,45.08,9.72,0,0,
BANK_119,May-Ross Rural Bank,Volta,Large,Moderate,11,2023,Q3,2023-Q3,560.0,166.95,121.0,339.84,26.34,26.1,441.75,21.61,29.81,18.9,9.98,76.93,7.75,22.58,4.03,13.53,5.99,40.3,54.76,380.0,29.0,21.65,8.89,0,0,
BANK_119,May-Ross Rural Bank,Volta,Large,Moderate,12,2023,Q4,2023-Q4,540.3,162.87,113.09,275.95,20.99,20.9,380.29,20.93,30.14,17.27,9.13,72.56,7.61,28.14,5.21,17.28,5.35,24.22,32.16,480.0,42.0,37.61,32.7,0,0,
BANK_120,"Rivera, Johnson and Wiley Rural Bank",Volta,Small,Moderate,1,2021,Q1,2021-Q1,18.05,2.76,5.82,12.08,1.51,1.36,14.53,32.26,15.31,17.35,14.85,83.18,12.46,0.37,2.07,13.49,7.42,1.18,72.48,39.0,,26.36,34.52,0,0,
BANK_120,"Rivera, Johnson and Wiley Rural Bank",Volta,Small,Moderate,2,2021,Q2,2021-Q2,18.67,2.82,6.21,13.43,1.67,1.85,15.2,33.25,15.1,12.49,14.58,88.37,12.44,0.57,3.05,20.17,10.44,0.86,86.63,49.0,6.0,28.91,21.41,0,0,
BANK_120,"Rivera, Johnson and Wiley Rural Bank",Volta,Small,Moderate,3,2021,Q3,2021-Q3,19.97,2.99,6.13,9.49,1.14,1.17,15.68,30.67,14.98,16.94,13.1,60.48,12.03,0.49,2.47,16.47,7.81,1.24,73.05,69.0,10.0,28.95,,0,0,
BANK_120,"Rivera, Johnson and Wiley Rural Bank",Volta,Small,Moderate,4,2021,Q4,2021-Q4,22.17,3.35,6.84,10.76,1.25,0.95,17.9,30.86,15.1,12.95,11.51,60.09,11.59,1.06,4.76,31.56,5.31,1.38,73.8,56.0,3.0,46.52,7.26,0,0,
BANK_120,"Rivera, Johnson and Wiley Rural Bank",Volta,Small,Moderate,5,2022,Q1,2022-Q1,23.33,3.51,6.89,12.11,1.43,1.56,19.76,29.51,15.03,21.63,15.12,61.3,11.82,0.33,1.4,9.33,8.97,1.0,53.12,59.0,12.0,22.48,8.26,0,0,
BANK_120,"Rivera, Johnson and Wiley Rural Bank",Volta,Small,Moderate,6,2022,Q2,2022-Q2,24.1,3.6,6.95,16.39,1.93,2.03,18.03,28.85,14.95,20.8,5.89,90.95,11.79,1.08,4.47,29.87,2.51,1.67,62.62,71.0,14.0,51.48,29.76,0,0,
BANK_120,"Rivera, Johnson and Wiley Rural Bank",Volta,Small,Moderate,7,2022,Q3,2022-Q3,24.62,3.63,7.19,12.69,1.52,1.21,17.61,29.21,14.75,15.03,19.24,72.05,11.94,0.6,2.45,16.6,10.77,1.41,67.65,72.0,5.0,34.48,27.25,0,0,
BANK_120,"Rivera, Johnson and Wiley Rural Bank",Volta,Small,Moderate,8,2022,Q4,2022-Q4,23.5,3.45,6.72,12.24,1.52,0.91,19.98,28.57,14.67,16.14,14.89,61.25,12.4,0.74,3.16,21.52,8.66,,72.82,48.0,14.0,53.2,16.99,0,0,
BANK_120,"Rivera, Johnson and Wiley Rural Bank",Volta,Small,Moderate,9,2023,Q1,2023-Q1,24.0,3.57,6.74,9.21,1.14,0.76,18.65,28.08,14.88,20.32,11.5,49.36,12.41,0.95,3.94,26.48,9.46,1.62,42.79,20.0,6.0,56.36,22.34,0,0,
BANK_120,"Rivera, Johnson and Wiley Rural Bank",Volta,Small,Moderate,10,2023,Q2,2023-Q2,25.19,3.76,7.16,13.6,1.71,1.69,19.68,28.41,14.93,18.28,18.59,69.1,12.56,1.01,4.02,26.94,5.63,1.82,70.16,37.0,5.0,53.77,23.77,0,0,
BANK_120,"Rivera, Johnson and Wiley Rural Bank",Volta,Small,Moderate,11,2023,Q3,2023-Q3,24.09,3.58,7.22,9.31,1.19,1.37,18.56,29.97,14.87,8.68,14.15,50.14,12.81,0.56,2.34,15.73,2.57,0.96,38.06,78.0,6.0,56.63,5.7,0,0,
BANK_120,"Rivera, Johnson and Wiley Rural Bank",Volta,Small,Moderate,12,2023,Q4,2023-Q4,25.2,3.75,8.04,13.06,1.7,1.24,20.3,31.89,14.88,20.38,7.64,64.33,13.02,1.05,4.17,28.01,3.63,1.97,66.12,62.0,13.0,43.82,7.23,0,0,
BANK_121,White-Estes Rural Bank,Ashanti,Medium,Moderate,1,2021,Q1,2021-Q1,125.99,31.72,34.51,82.8,5.08,4.49,88.66,27.39,25.17,12.66,15.5,93.39,6.13,6.48,5.14,20.42,3.64,3.79,91.91,128.0,36.0,27.51,6.9,0,0,
BANK_121,White-Estes Rural Bank,Ashanti,Medium,Moderate,2,2021,Q2,2021-Q2,130.42,32.98,35.22,45.86,2.87,1.98,104.09,27.01,25.29,22.41,12.38,44.06,6.25,4.09,3.13,12.38,7.96,9.06,32.63,214.0,9.0,31.13,,0,0,
BANK_121,White-Estes Rural Bank,Ashanti,Medium,Moderate,3,2021,Q3,2021-Q3,143.17,36.51,36.84,61.99,3.93,4.07,110.75,25.73,25.5,22.37,9.75,55.98,6.33,4.21,2.94,11.53,8.17,4.3,65.77,245.0,15.0,41.76,,0,0,
BANK_121,White-Estes Rural Bank,Ashanti,Medium,Moderate,4,2021,Q4,2021-Q4,138.25,35.9,37.66,67.4,4.21,4.61,102.89,27.24,25.97,11.29,7.29,65.5,6.25,4.19,3.03,11.67,7.58,5.02,68.21,108.0,12.0,21.39,15.5,0,0,
BANK_121,White-Estes Rural Bank,Ashanti,Medium,Moderate,5,2022,Q1,2022-Q1,138.35,36.31,38.72,79.16,4.92,5.77,116.06,27.99,26.25,24.72,13.42,68.2,6.21,2.2,1.59,6.06,11.01,8.75,89.93,233.0,33.0,,8.53,0,0,
BANK_121,White-Estes Rural Bank,Ashanti,Medium,Moderate,6,2022,Q2,2022-Q2,152.07,39.64,45.03,73.12,4.4,3.63,122.88,29.61,26.06,13.02,15.26,59.51,6.02,2.14,1.41,5.4,6.94,10.03,65.64,194.0,15.0,18.01,28.13,0,0,
BANK_121,White-Estes Rural Bank,Ashanti,Medium,Moderate,7,2022,Q3,2022-Q3,156.01,40.12,47.06,58.71,3.67,2.21,123.21,30.17,25.72,22.03,17.06,47.65,6.25,2.31,1.48,5.76,7.2,8.14,44.41,110.0,10.0,34.16,6.07,0,0,
BANK_121,White-Estes Rural Bank,Ashanti,Medium,Moderate,8,2022,Q4,2022-Q4,149.09,37.17,44.98,113.19,7.3,8.16,119.36,30.17,24.93,15.62,9.53,94.83,6.45,8.07,5.42,21.72,3.31,,74.12,181.0,19.0,45.78,12.18,0,0,
BANK_121,White-Estes Rural Bank,Ashanti,Medium,Moderate,9,2023,Q1,2023-Q1,161.22,41.05,46.78,95.11,6.15,6.91,114.81,29.01,25.46,17.78,9.78,82.84,6.47,8.35,5.18,20.33,7.18,11.17,51.18,213.0,18.0,40.15,10.28,0,0,
BANK_121,White-Estes Rural Bank,Ashanti,Medium,Moderate,10,2023,Q2,2023-Q2,172.27,44.07,47.38,62.92,4.03,4.28,122.34,27.5,25.58,14.76,17.88,51.43,6.41,3.86,2.24,8.77,5.73,11.23,51.85,245.0,10.0,48.89,22.67,0,0,
BANK_121,White-Estes Rural Bank,Ashanti,Medium,Moderate,11,2023,Q3,2023-Q3,182.21,46.24,51.14,112.92,7.43,6.04,145.65,28.07,25.37,11.32,11.71,77.53,6.58,4.74,2.6,10.24,11.01,14.01,61.32,109.0,28.0,49.47,29.46,0,0,
BANK_121,White-Estes Rural Bank,Ashanti,Medium,Moderate,12,2023,Q4,2023-Q4,175.04,44.23,47.33,99.94,6.7,6.07,144.2,27.04,25.27,13.79,17.07,69.31,6.7,6.25,3.57,14.14,7.89,13.04,33.62,214.0,36.0,,27.12,0,0,
BANK_122,Johnson-Carlson Rural Bank,Volta,Small,Aggressive,1,2021,Q1,2021-Q1,14.81,2.89,3.61,8.21,1.97,1.69,11.22,24.4,19.51,17.59,15.59,73.13,23.98,0.72,4.83,24.75,9.42,0.93,30.94,26.0,9.0,56.03,23.03,1,0,High NPL; 
BANK_122,Johnson-Carlson Rural Bank,Volta,Small,Aggressive,2,2021,Q2,2021-Q2,14.88,2.87,3.7,9.14,2.08,1.81,12.55,24.88,19.29,21.37,14.35,72.84,22.8,0.53,3.54,18.37,5.26,0.7,79.19,,5.0,21.89,33.34,1,0,High NPL; 
BANK_122,Johnson-Carlson Rural Bank,Volta,Small,Aggressive,3,2021,Q3,2021-Q3,15.99,3.08,3.84,9.74,2.11,1.48,13.02,24.03,19.23,18.16,14.46,74.8,21.67,0.87,5.45,28.34,11.24,1.04,88.9,97.0,12.0,33.35,,1,0,High NPL; 
BANK_122,Johnson-Carlson Rural Bank,Volta,Small,Aggressive,4,2021,Q4,2021-Q4,16.98,3.28,4.05,5.74,1.2,1.37,12.38,23.87,19.33,11.69,17.31,46.39,20.97,0.61,3.62,18.72,2.85,,46.08,98.0,12.0,45.31,32.49,1,0,High NPL; 
BANK_122,Johnson-Carlson Rural Bank,Volta,Small,Aggressive,5,2022,Q1,2022-Q1,17.18,3.34,3.93,6.95,1.44,0.76,12.12,22.88,19.44,23.0,9.92,57.34,20.76,0.88,5.15,26.47,4.52,1.2,81.75,46.0,11.0,28.04,7.11,1,0,High NPL; 
BANK_122,Johnson-Carlson Rural Bank,Volta,Small,Aggressive,6,2022,Q2,2022-Q2,15.64,3.05,3.71,8.82,1.84,1.9,13.17,23.73,19.48,20.66,7.07,66.98,20.89,0.14,0.93,4.76,11.25,1.12,47.85,64.0,9.0,20.94,12.62,1,0,High NPL; 
BANK_122,Johnson-Carlson Rural Bank,Volta,Small,Aggressive,7,2022,Q3,2022-Q3,16.15,3.17,3.94,9.31,1.99,1.38,13.17,24.4,19.63,9.25,7.09,70.7,21.33,0.26,1.62,8.28,11.56,0.98,77.31,91.0,13.0,24.83,6.74,1,0,High NPL; 
BANK_122,Johnson-Carlson Rural Bank,Volta,Small,Aggressive,8,2022,Q4,2022-Q4,16.26,3.2,4.02,5.81,1.3,1.23,12.6,24.74,19.66,8.3,8.48,46.11,22.32,0.42,2.6,13.21,11.39,0.6,77.21,80.0,11.0,59.52,17.28,1,0,High NPL; 
BANK_122,Johnson-Carlson Rural Bank,Volta,Small,Aggressive,9,2023,Q1,2023-Q1,16.06,3.18,4.05,7.88,1.76,1.23,11.76,25.24,19.78,10.29,11.0,67.04,22.36,0.37,2.29,11.59,8.23,1.15,62.71,28.0,5.0,,,1,0,High NPL; 
BANK_122,Johnson-Carlson Rural Bank,Volta,Small,Aggressive,10,2023,Q2,2023-Q2,15.73,3.09,4.07,8.84,2.01,1.94,12.18,25.88,19.63,10.63,9.29,72.59,22.69,0.18,1.16,5.93,7.1,0.53,53.66,22.0,4.0,19.97,29.03,1,0,High NPL; 
BANK_122,Johnson-Carlson Rural Bank,Volta,Small,Aggressive,11,2023,Q3,2023-Q3,15.53,3.04,3.97,9.78,2.24,1.7,12.6,25.56,19.59,19.55,8.98,77.55,22.96,0.66,4.25,21.68,9.94,1.01,32.53,61.0,4.0,58.65,12.68,1,0,High NPL; 
BANK_122,Johnson-Carlson Rural Bank,Volta,Small,Aggressive,12,2023,Q4,2023-Q4,15.07,2.94,3.85,8.52,1.92,1.95,11.66,25.52,19.52,8.1,7.02,73.05,22.55,0.47,3.14,16.1,8.33,0.78,,82.0,6.0,21.06,21.51,1,0,High NPL; 
BANK_123,Chandler-Edwards Rural Bank,Ashanti,Medium,Moderate,1,2021,Q1,2021-Q1,52.88,8.0,14.32,37.62,2.11,1.38,41.71,27.08,15.13,14.91,16.26,90.2,5.61,1.0,1.9,12.53,9.87,2.12,50.91,62.0,27.0,27.39,11.99,0,0,
BANK_123,Chandler-Edwards Rural Bank,Ashanti,Medium,Moderate,2,2021,Q2,2021-Q2,55.09,8.3,14.25,21.89,1.23,1.11,44.97,25.87,15.07,17.94,12.77,48.68,5.63,0.74,1.35,8.93,10.37,2.97,94.3,193.0,37.0,35.41,9.22,0,0,
BANK_123,Chandler-Edwards Rural Bank,Ashanti,Medium,Moderate,3,2021,Q3,2021-Q3,57.41,8.72,14.84,25.23,1.42,1.64,44.59,25.84,15.18,15.57,17.79,56.58,5.64,2.52,4.39,28.91,10.83,2.1,85.63,,32.0,37.27,6.0,0,0,
BANK_123,Chandler-Edwards Rural Bank,Ashanti,Medium,Moderate,4,2021,Q4,2021-Q4,56.21,8.66,14.97,27.96,1.61,1.68,43.5,26.64,15.41,19.42,11.04,64.27,5.77,2.79,4.96,32.2,3.22,4.04,55.17,155.0,19.0,36.41,13.56,0,0,
BANK_123,Chandler-Edwards Rural Bank,Ashanti,Medium,Moderate,5,2022,Q1,2022-Q1,54.18,8.34,14.75,18.38,1.07,1.23,38.81,27.22,15.39,18.95,8.67,47.35,5.85,2.82,5.2,33.78,7.55,2.88,64.35,114.0,26.0,55.37,28.47,0,0,
BANK_123,Chandler-Edwards Rural Bank,Ashanti,Medium,Moderate,6,2022,Q2,2022-Q2,61.89,9.52,16.9,34.46,1.92,1.58,51.35,27.3,15.38,9.11,19.78,67.12,5.56,2.03,3.28,21.35,4.48,2.71,83.42,247.0,20.0,29.48,32.94,0,0,
BANK_123,Chandler-Edwards Rural Bank,Ashanti,Medium,Moderate,7,2022,Q3,2022-Q3,67.26,10.35,19.36,27.46,1.54,1.06,53.69,28.78,15.38,22.14,11.21,51.14,5.59,1.61,2.39,15.55,8.59,3.31,60.71,92.0,26.0,25.16,19.57,0,0,
BANK_123,Chandler-Edwards Rural Bank,Ashanti,Medium,Moderate,8,2022,Q4,2022-Q4,65.43,10.06,18.0,45.17,2.6,1.73,55.46,27.51,15.37,24.22,19.73,81.44,5.76,2.79,4.26,27.75,7.97,5.23,69.81,179.0,6.0,53.66,34.1,0,0,
BANK_123,Chandler-Edwards Rural Bank,Ashanti,Medium,Moderate,9,2023,Q1,2023-Q1,64.77,9.83,17.66,29.1,1.68,1.14,51.22,27.27,15.18,14.08,9.65,56.81,5.77,2.0,3.09,20.37,5.89,5.03,58.41,160.0,29.0,47.63,22.49,0,0,
BANK_123,Chandler-Edwards Rural Bank,Ashanti,Medium,Moderate,10,2023,Q2,2023-Q2,69.56,10.66,19.84,28.37,1.6,1.53,50.07,28.53,15.33,20.53,18.12,56.65,5.64,1.76,2.53,16.51,7.05,5.2,87.19,199.0,29.0,55.4,27.09,0,0,
BANK_123,Chandler-Edwards Rural Bank,Ashanti,Medium,Moderate,11,2023,Q3,2023-Q3,68.1,10.4,19.63,21.89,1.24,1.36,48.85,28.82,15.28,18.93,11.33,44.8,5.68,2.09,3.07,20.06,2.25,,,172.0,,27.79,10.57,0,0,
BANK_123,Chandler-Edwards Rural Bank,Ashanti,Medium,Moderate,12,2023,Q4,2023-Q4,72.14,11.04,20.97,46.17,2.68,2.12,60.33,29.07,15.3,22.71,14.53,76.53,5.8,3.04,4.22,27.58,3.36,,45.86,125.0,32.0,48.36,33.66,0,0,
BANK_124,"Joyce, Wilson and Lam Rural Bank",Eastern,Medium,Moderate,1,2021,Q1,2021-Q1,133.88,32.73,37.46,83.48,11.0,9.63,107.89,27.98,24.45,11.45,9.13,77.38,13.18,6.33,4.73,19.34,10.38,7.99,37.52,112.0,20.0,45.47,14.61,0,0,
BANK_124,"Joyce, Wilson and Lam Rural Bank",Eastern,Medium,Moderate,2,2021,Q2,2021-Q2,129.92,32.1,37.25,86.6,11.51,5.9,103.5,28.67,24.71,9.25,5.64,83.67,13.29,2.02,1.55,6.28,10.05,,94.86,201.0,24.0,59.26,14.49,0,0,
BANK_124,"Joyce, Wilson and Lam Rural Bank",Eastern,Medium,Moderate,3,2021,Q3,2021-Q3,130.9,32.11,38.14,103.1,14.45,8.18,111.03,29.14,24.53,20.97,9.17,92.86,14.02,2.64,2.02,8.22,10.4,10.22,43.8,65.0,20.0,50.62,28.12,0,0,
BANK_124,"Joyce, Wilson and Lam Rural Bank",Eastern,Medium,Moderate,4,2021,Q4,2021-Q4,144.23,35.58,41.07,86.53,11.9,13.06,114.07,28.47,24.67,24.52,7.62,75.86,13.76,6.04,4.19,16.97,11.22,5.28,93.38,56.0,22.0,28.1,29.42,0,0,
BANK_124,"Joyce, Wilson and Lam Rural Bank",Eastern,Medium,Moderate,5,2022,Q1,2022-Q1,141.39,34.84,39.62,79.35,10.87,6.46,105.23,28.02,24.64,16.94,9.35,75.41,13.69,6.15,4.35,17.66,6.53,5.12,,161.0,17.0,29.85,10.49,0,0,
BANK_124,"Joyce, Wilson and Lam Rural Bank",Eastern,Medium,Moderate,6,2022,Q2,2022-Q2,144.13,35.19,41.31,72.91,9.96,9.33,113.9,28.66,24.42,14.37,5.62,64.01,13.66,2.25,1.56,6.38,6.47,8.64,77.06,215.0,13.0,25.85,21.96,0,0,
BANK_124,"Joyce, Wilson and Lam Rural Bank",Eastern,Medium,Moderate,7,2022,Q3,2022-Q3,135.91,33.3,37.0,63.85,8.91,9.25,108.17,27.22,24.5,24.66,13.81,59.02,13.96,7.47,5.5,22.43,7.04,7.4,58.45,55.0,10.0,17.66,25.89,0,0,
BANK_124,"Joyce, Wilson and Lam Rural Bank",Eastern,Medium,Moderate,8,2022,Q4,2022-Q4,126.16,30.87,34.08,76.9,10.86,5.9,101.93,27.02,24.47,21.89,15.36,75.44,14.12,2.68,2.12,8.68,7.43,6.85,89.87,160.0,23.0,29.38,33.76,0,0,
BANK_124,"Joyce, Wilson and Lam Rural Bank",Eastern,Medium,Moderate,9,2023,Q1,2023-Q1,115.48,28.5,31.24,60.06,8.92,8.45,94.24,27.05,24.68,19.41,5.48,63.74,14.85,3.31,2.87,11.62,5.7,3.49,40.02,240.0,32.0,27.38,17.04,0,0,
BANK_124,"Joyce, Wilson and Lam Rural Bank",Eastern,Medium,Moderate,10,2023,Q2,2023-Q2,118.06,29.15,32.18,89.61,13.81,12.41,98.31,27.26,24.69,9.14,14.3,91.15,15.41,1.97,1.67,6.77,11.64,5.05,54.99,151.0,36.0,46.05,23.89,1,0,High NPL; 
BANK_124,"Joyce, Wilson and Lam Rural Bank",Eastern,Medium,Moderate,11,2023,Q3,2023-Q3,129.43,32.03,34.73,90.66,14.53,15.4,101.12,26.84,24.75,10.89,14.96,89.66,16.03,2.77,2.14,8.65,11.59,6.76,63.78,112.0,20.0,48.45,19.47,1,0,High NPL; 
BANK_124,"Joyce, Wilson and Lam Rural Bank",Eastern,Medium,Moderate,12,2023,Q4,2023-Q4,125.42,30.95,35.42,90.3,14.74,16.62,102.68,28.24,24.68,21.46,18.92,87.94,16.32,6.32,5.04,20.41,5.1,6.42,75.94,124.0,21.0,44.09,18.13,1,0,High NPL; 
BANK_125,Scott Ltd Rural Bank,Western,Small,Conservative,1,2021,Q1,2021-Q1,40.69,4.3,13.44,16.41,0.41,0.44,34.2,33.04,10.56,9.55,15.77,47.99,2.51,1.61,3.96,37.53,11.12,1.54,50.88,55.0,5.0,57.47,16.33,1,0,Low Capital; 
BANK_125,Scott Ltd Rural Bank,Western,Small,Conservative,2,2021,Q2,2021-Q2,39.19,4.17,12.96,14.9,0.37,0.4,29.99,33.07,10.63,16.72,8.3,49.67,2.51,0.69,1.77,16.65,2.67,1.3,46.75,,13.0,55.63,29.97,1,0,Low Capital; 
BANK_125,Scott Ltd Rural Bank,Western,Small,Conservative,3,2021,Q3,2021-Q3,36.52,3.84,11.3,21.1,0.53,0.5,27.24,30.94,10.52,23.27,19.81,77.47,2.52,0.74,2.03,19.34,2.84,1.84,45.95,66.0,11.0,28.98,25.56,1,0,Low Capital; 
BANK_125,Scott Ltd Rural Bank,Western,Small,Conservative,4,2021,Q4,2021-Q4,39.66,4.11,11.88,17.44,0.43,0.3,31.54,29.94,10.37,13.88,14.5,55.3,2.45,1.95,4.91,47.37,4.45,2.54,88.54,48.0,2.0,16.11,9.19,1,0,Low Capital; 
BANK_125,Scott Ltd Rural Bank,Western,Small,Conservative,5,2022,Q1,2022-Q1,41.46,4.28,12.16,22.22,0.53,0.37,29.29,29.34,10.32,11.24,9.42,75.89,2.4,1.68,4.06,39.31,8.63,1.55,78.17,40.0,5.0,52.3,32.03,1,0,Low Capital; 
BANK_125,Scott Ltd Rural Bank,Western,Small,Conservative,6,2022,Q2,2022-Q2,45.22,4.68,13.8,27.03,0.64,0.49,35.12,30.53,10.35,19.64,19.99,76.97,2.35,0.8,1.77,17.1,11.88,2.69,82.93,52.0,11.0,32.43,22.7,1,0,Low Capital; 
BANK_125,Scott Ltd Rural Bank,Western,Small,Conservative,7,2022,Q3,2022-Q3,44.73,4.64,13.21,23.48,0.55,0.36,33.55,29.53,10.38,22.43,10.35,69.97,2.32,2.52,5.63,54.26,9.0,,81.11,62.0,11.0,34.68,6.24,1,0,Low Capital; 
BANK_125,Scott Ltd Rural Bank,Western,Small,Conservative,8,2022,Q4,2022-Q4,40.34,4.27,12.23,24.51,0.6,0.38,30.42,30.33,10.58,15.14,18.11,80.6,2.43,0.92,2.28,21.55,2.05,1.71,43.62,,,18.46,18.47,1,0,Low Capital; 
BANK_125,Scott Ltd Rural Bank,Western,Small,Conservative,9,2023,Q1,2023-Q1,37.54,3.96,11.28,22.59,0.58,0.68,30.86,30.06,10.55,13.92,19.5,73.21,2.56,1.34,3.56,33.78,7.15,2.99,45.15,74.0,3.0,56.72,22.71,1,0,Low Capital; 
BANK_125,Scott Ltd Rural Bank,Western,Small,Conservative,10,2023,Q2,2023-Q2,46.39,4.92,13.96,23.19,0.56,0.66,35.5,30.09,10.61,12.59,15.48,65.33,2.39,2.11,4.56,42.93,2.59,2.48,33.8,58.0,2.0,42.6,22.6,1,0,Low Capital; 
BANK_125,Scott Ltd Rural Bank,Western,Small,Conservative,11,2023,Q3,2023-Q3,47.35,5.09,13.14,28.32,0.69,0.8,34.09,27.74,10.75,16.88,18.89,83.07,2.43,2.33,4.93,45.84,4.68,1.78,82.7,39.0,13.0,22.64,30.55,1,0,Low Capital; 
BANK_125,Scott Ltd Rural Bank,Western,Small,Conservative,12,2023,Q4,2023-Q4,47.84,5.21,12.83,20.18,0.5,0.4,34.68,26.83,10.89,22.89,17.75,58.19,2.46,0.72,1.51,13.86,11.15,3.65,77.27,92.0,12.0,38.77,23.02,1,0,Low Capital; 
BANK_126,Smith-Frost Rural Bank,Greater Accra,Small,Moderate,1,2021,Q1,2021-Q1,33.27,3.59,7.52,16.42,2.39,2.05,23.86,22.6,10.79,10.68,7.9,68.79,14.58,1.0,3.02,27.97,5.02,1.14,92.86,41.0,10.0,19.11,32.4,1,0,Low Capital; 
BANK_126,Smith-Frost Rural Bank,Greater Accra,Small,Moderate,2,2021,Q2,2021-Q2,36.23,3.95,8.03,18.88,2.7,2.27,25.75,22.16,10.9,14.87,16.73,73.33,14.32,1.85,5.1,46.77,4.47,1.45,92.28,95.0,14.0,40.58,8.39,1,0,Low Capital; 
BANK_126,Smith-Frost Rural Bank,Greater Accra,Small,Moderate,3,2021,Q3,2021-Q3,35.5,3.85,7.56,13.31,1.86,2.22,29.0,21.3,10.85,24.44,14.8,45.9,13.97,0.68,1.92,17.7,11.47,,56.57,79.0,13.0,23.11,10.88,1,0,Low Capital; 
BANK_126,Smith-Frost Rural Bank,Greater Accra,Small,Moderate,4,2021,Q4,2021-Q4,32.94,3.56,6.74,20.44,2.86,2.99,27.07,20.46,10.81,14.48,10.41,75.51,13.97,1.68,5.09,47.05,11.93,2.6,73.07,50.0,2.0,48.21,34.34,1,0,Low Capital; 
BANK_126,Smith-Frost Rural Bank,Greater Accra,Small,Moderate,5,2022,Q1,2022-Q1,36.2,3.93,7.41,18.16,2.53,1.46,28.77,20.48,10.85,17.89,10.99,63.13,13.92,1.77,4.89,45.09,9.63,2.43,80.13,23.0,13.0,55.02,20.96,1,0,Low Capital; 
BANK_126,Smith-Frost Rural Bank,Greater Accra,Small,Moderate,6,2022,Q2,2022-Q2,37.93,4.05,7.9,15.67,2.22,1.2,29.98,20.82,10.69,11.35,13.37,52.26,14.15,1.62,4.27,39.94,10.6,2.13,75.99,21.0,9.0,58.29,24.83,1,0,Low Capital; 
BANK_126,Smith-Frost Rural Bank,Greater Accra,Small,Moderate,7,2022,Q3,2022-Q3,38.71,4.17,7.79,13.03,1.86,1.36,27.82,20.13,10.77,20.23,17.65,46.83,14.25,2.11,5.45,50.61,8.19,1.57,90.51,62.0,11.0,55.07,34.69,1,0,Low Capital; 
BANK_126,Smith-Frost Rural Bank,Greater Accra,Small,Moderate,8,2022,Q4,2022-Q4,37.92,4.08,7.26,19.76,2.84,2.85,29.6,19.15,10.77,12.24,13.5,66.75,14.35,1.6,4.23,39.27,9.13,2.83,51.57,88.0,14.0,44.19,28.14,1,0,Low Capital; 
BANK_126,Smith-Frost Rural Bank,Greater Accra,Small,Moderate,9,2023,Q1,2023-Q1,39.94,4.3,7.8,17.33,2.43,2.49,30.38,19.53,10.76,11.82,15.06,57.06,13.99,1.55,3.88,36.04,8.97,2.92,77.7,83.0,13.0,41.9,30.39,1,0,Low Capital; 
BANK_126,Smith-Frost Rural Bank,Greater Accra,Small,Moderate,10,2023,Q2,2023-Q2,41.27,4.42,7.95,28.27,3.99,2.52,30.93,19.26,10.7,15.61,8.33,91.4,14.12,1.48,3.58,33.46,11.14,2.02,44.14,79.0,3.0,55.15,17.28,1,0,Low Capital; 
BANK_126,Smith-Frost Rural Bank,Greater Accra,Small,Moderate,11,2023,Q3,2023-Q3,41.12,4.42,8.08,26.39,3.68,4.02,31.44,19.65,10.75,24.66,7.18,83.94,13.94,0.93,2.26,21.06,10.01,1.28,74.18,79.0,,22.29,23.5,1,0,Low Capital; 
BANK_126,Smith-Frost Rural Bank,Greater Accra,Small,Moderate,12,2023,Q4,2023-Q4,41.34,4.48,8.15,27.74,3.85,4.31,31.21,19.71,10.85,9.72,18.05,88.89,13.87,2.36,5.71,52.64,7.33,3.29,58.93,62.0,5.0,55.45,18.31,1,0,Low Capital; 
BANK_127,"Mcdaniel, Bentley and Mclaughlin Rural Bank",Ashanti,Medium,Moderate,1,2021,Q1,2021-Q1,172.19,16.8,51.72,80.81,4.62,2.94,120.67,30.04,9.75,16.11,16.82,66.96,5.72,3.11,1.81,18.54,4.57,9.51,31.28,134.0,27.0,38.3,22.94,1,0,Low Capital; 
BANK_127,"Mcdaniel, Bentley and Mclaughlin Rural Bank",Ashanti,Medium,Moderate,2,2021,Q2,2021-Q2,164.54,15.96,46.34,114.76,6.66,7.43,127.79,28.17,9.7,19.75,17.15,89.81,5.8,8.71,5.29,54.58,5.28,10.79,72.45,164.0,22.0,39.79,30.49,1,0,Low Capital; 
BANK_127,"Mcdaniel, Bentley and Mclaughlin Rural Bank",Ashanti,Medium,Moderate,3,2021,Q3,2021-Q3,170.74,16.58,47.01,76.38,4.67,2.79,121.8,27.53,9.71,8.37,7.02,62.71,6.11,9.33,5.47,56.28,7.75,5.29,94.5,148.0,20.0,,5.24,1,0,Low Capital; 
BANK_127,"Mcdaniel, Bentley and Mclaughlin Rural Bank",Ashanti,Medium,Moderate,4,2021,Q4,2021-Q4,193.22,18.96,54.12,116.92,7.03,8.01,146.19,28.01,9.81,22.95,9.45,79.98,6.01,3.28,1.7,17.28,11.38,11.19,,218.0,7.0,22.62,13.71,1,0,Low Capital; 
BANK_127,"Mcdaniel, Bentley and Mclaughlin Rural Bank",Ashanti,Medium,Moderate,5,2022,Q1,2022-Q1,175.72,17.18,48.41,70.81,4.27,2.67,140.98,27.55,9.78,20.41,12.59,50.23,6.03,9.48,5.4,55.17,2.79,12.17,88.22,244.0,23.0,29.73,14.66,1,0,Low Capital; 
BANK_127,"Mcdaniel, Bentley and Mclaughlin Rural Bank",Ashanti,Medium,Moderate,6,2022,Q2,2022-Q2,207.96,20.03,57.39,111.49,6.54,3.8,146.8,27.6,9.63,19.03,12.35,75.95,5.87,9.53,4.58,47.61,10.6,13.87,90.03,154.0,27.0,31.63,5.31,1,0,Low Capital; 
BANK_127,"Mcdaniel, Bentley and Mclaughlin Rural Bank",Ashanti,Medium,Moderate,7,2022,Q3,2022-Q3,213.24,20.61,59.55,64.25,3.81,2.53,154.53,27.93,9.67,8.25,7.61,41.58,5.92,5.33,2.5,25.84,9.16,16.62,50.33,98.0,33.0,53.36,14.84,1,0,Low Capital; 
BANK_127,"Mcdaniel, Bentley and Mclaughlin Rural Bank",Ashanti,Medium,Moderate,8,2022,Q4,2022-Q4,210.73,20.42,56.38,127.68,7.85,5.78,168.83,26.75,9.69,21.8,10.13,75.62,6.15,10.23,4.85,50.09,10.93,9.94,41.99,54.0,13.0,31.52,33.38,1,0,Low Capital; 
BANK_127,"Mcdaniel, Bentley and Mclaughlin Rural Bank",Ashanti,Medium,Moderate,9,2023,Q1,2023-Q1,245.8,23.71,64.66,169.84,10.42,8.55,191.52,26.31,9.65,20.77,18.2,88.68,6.14,11.13,4.53,46.92,8.43,,82.17,246.0,33.0,23.8,,1,0,Low Capital; 
BANK_127,"Mcdaniel, Bentley and Mclaughlin Rural Bank",Ashanti,Medium,Moderate,10,2023,Q2,2023-Q2,281.93,26.85,74.47,127.87,7.84,6.51,233.72,26.41,9.52,8.18,14.65,54.71,6.13,4.81,1.71,17.91,3.02,9.08,,88.0,32.0,26.9,5.97,1,0,Low Capital; 
BANK_127,"Mcdaniel, Bentley and Mclaughlin Rural Bank",Ashanti,Medium,Moderate,11,2023,Q3,2023-Q3,285.5,27.54,70.21,118.05,7.32,3.72,201.82,24.59,9.65,17.76,13.99,58.49,6.2,15.52,5.44,56.35,4.18,21.79,,215.0,32.0,26.6,33.74,1,0,Low Capital; 
BANK_127,"Mcdaniel, Bentley and Mclaughlin Rural Bank",Ashanti,Medium,Moderate,12,2023,Q4,2023-Q4,273.01,26.28,63.62,216.11,13.69,7.95,227.93,23.3,9.63,15.85,13.88,94.81,6.33,9.84,3.6,37.44,5.15,14.8,89.8,150.0,32.0,29.28,34.14,1,0,Low Capital; 
BANK_128,Diaz Inc Rural Bank,Eastern,Small,Moderate,1,2021,Q1,2021-Q1,9.21,1.92,1.96,5.69,0.45,0.42,6.72,21.32,20.88,19.19,16.85,84.77,7.82,0.27,2.97,14.2,5.51,,32.55,86.0,8.0,40.33,16.17,0,0,
BANK_128,Diaz Inc Rural Bank,Eastern,Small,Moderate,2,2021,Q2,2021-Q2,9.05,1.87,1.97,6.61,0.53,0.5,7.67,21.77,20.65,24.12,8.43,86.07,7.99,0.34,3.71,17.98,8.39,0.56,76.03,71.0,10.0,47.67,29.27,0,0,
BANK_128,Diaz Inc Rural Bank,Eastern,Small,Moderate,3,2021,Q3,2021-Q3,9.56,1.96,2.03,6.27,0.53,0.5,7.11,21.25,20.53,13.25,6.5,88.19,8.39,0.21,2.16,10.53,11.58,0.33,30.28,73.0,9.0,48.19,26.95,0,0,
BANK_128,Diaz Inc Rural Bank,Eastern,Small,Moderate,4,2021,Q4,2021-Q4,9.76,2.02,2.02,5.74,0.48,0.54,7.62,20.75,20.68,15.11,11.95,75.29,8.33,0.41,4.23,20.45,8.16,0.48,,36.0,9.0,,27.77,0,0,
BANK_128,Diaz Inc Rural Bank,Eastern,Small,Moderate,5,2022,Q1,2022-Q1,9.5,1.96,1.94,3.67,0.32,0.34,6.72,20.48,20.62,24.7,17.0,54.58,8.67,0.18,1.92,9.29,4.94,0.57,82.74,38.0,,33.38,28.19,0,0,
BANK_128,Diaz Inc Rural Bank,Eastern,Small,Moderate,6,2022,Q2,2022-Q2,9.02,1.86,1.88,2.97,0.26,0.2,7.25,20.86,20.64,15.36,9.26,41.01,8.87,0.25,2.72,13.2,5.16,0.49,40.8,55.0,14.0,16.23,9.94,0,0,
BANK_128,Diaz Inc Rural Bank,Eastern,Small,Moderate,7,2022,Q3,2022-Q3,8.95,1.85,1.93,4.9,0.45,0.45,7.53,21.58,20.71,8.53,9.07,65.02,9.1,0.13,1.46,7.05,5.35,0.3,94.19,66.0,8.0,50.35,34.31,0,0,
BANK_128,Diaz Inc Rural Bank,Eastern,Small,Moderate,8,2022,Q4,2022-Q4,8.33,1.72,1.82,2.34,0.23,0.19,5.83,21.79,20.67,12.04,6.48,40.06,9.63,0.47,5.64,27.28,4.78,0.56,,89.0,10.0,43.92,7.92,0,0,
BANK_128,Diaz Inc Rural Bank,Eastern,Small,Moderate,9,2023,Q1,2023-Q1,8.81,1.77,1.91,6.43,0.6,0.63,7.27,21.72,20.14,11.35,9.41,88.45,9.28,0.12,1.32,6.53,2.46,0.28,61.78,40.0,10.0,44.43,21.26,0,0,
BANK_128,Diaz Inc Rural Bank,Eastern,Small,Moderate,10,2023,Q2,2023-Q2,9.61,1.93,2.04,4.09,0.37,0.45,7.45,21.27,20.06,11.81,15.65,54.93,9.13,0.42,4.4,21.94,4.38,0.74,50.16,47.0,9.0,41.47,22.37,0,0,
BANK_128,Diaz Inc Rural Bank,Eastern,Small,Moderate,11,2023,Q3,2023-Q3,8.77,1.77,1.8,5.1,0.48,0.55,7.03,20.49,20.2,20.88,11.52,72.64,9.41,0.12,1.41,6.98,6.69,0.45,51.87,59.0,7.0,15.28,12.1,0,0,
BANK_128,Diaz Inc Rural Bank,Eastern,Small,Moderate,12,2023,Q4,2023-Q4,8.5,1.7,1.75,2.71,0.26,0.21,6.2,20.63,19.96,22.92,7.62,43.73,9.62,0.18,2.15,10.79,7.84,0.32,84.17,30.0,2.0,27.3,32.03,0,0,
BANK_129,"Mccall, Hanson and Alvarado Rural Bank",Eastern,Large,Moderate,1,2021,Q1,2021-Q1,277.67,42.41,72.28,178.21,18.43,14.43,211.93,26.03,15.27,9.06,9.75,84.09,10.34,8.14,2.93,19.18,10.55,17.92,93.82,415.0,39.0,45.43,28.28,0,0,
BANK_129,"Mccall, Hanson and Alvarado Rural Bank",Eastern,Large,Moderate,2,2021,Q2,2021-Q2,272.95,41.65,73.75,97.07,9.9,6.78,202.42,27.02,15.26,17.71,11.09,47.96,10.2,10.03,3.67,24.08,9.81,20.85,51.38,182.0,36.0,34.69,6.2,0,0,
BANK_129,"Mccall, Hanson and Alvarado Rural Bank",Eastern,Large,Moderate,3,2021,Q3,2021-Q3,255.7,39.22,71.17,83.14,8.68,6.56,194.79,27.83,15.34,9.86,7.35,42.68,10.44,3.28,1.28,8.36,5.99,8.95,36.73,258.0,42.0,,25.54,0,0,
BANK_129,"Mccall, Hanson and Alvarado Rural Bank",Eastern,Large,Moderate,4,2021,Q4,2021-Q4,259.37,39.72,74.31,109.48,11.3,9.43,183.6,28.65,15.31,22.61,14.56,59.63,10.32,14.42,5.56,36.3,4.2,18.29,84.02,121.0,56.0,17.83,22.84,0,0,
BANK_129,"Mccall, Hanson and Alvarado Rural Bank",Eastern,Large,Moderate,5,2022,Q1,2022-Q1,248.32,38.57,72.38,175.04,18.0,14.89,208.31,29.15,15.53,21.89,18.21,84.03,10.29,5.07,2.04,13.14,5.12,12.9,47.67,284.0,10.0,24.55,29.98,0,0,
BANK_129,"Mccall, Hanson and Alvarado Rural Bank",Eastern,Large,Moderate,6,2022,Q2,2022-Q2,280.59,43.08,85.41,180.65,19.13,11.06,238.5,30.44,15.35,14.86,8.48,75.74,10.59,14.62,5.21,33.94,10.34,15.75,88.72,157.0,52.0,26.2,24.37,0,0,
BANK_129,"Mccall, Hanson and Alvarado Rural Bank",Eastern,Large,Moderate,7,2022,Q3,2022-Q3,275.97,42.62,82.08,165.02,17.52,10.42,201.85,29.74,15.44,17.62,14.56,81.75,10.61,8.49,3.08,19.93,6.62,15.77,93.83,417.0,50.0,31.37,5.81,0,0,
BANK_129,"Mccall, Hanson and Alvarado Rural Bank",Eastern,Large,Moderate,8,2022,Q4,2022-Q4,270.16,41.48,78.86,131.47,14.69,16.46,225.14,29.19,15.35,9.36,10.54,58.39,11.17,15.64,5.79,37.7,2.77,21.12,59.42,404.0,55.0,38.33,23.58,0,0,
BANK_129,"Mccall, Hanson and Alvarado Rural Bank",Eastern,Large,Moderate,9,2023,Q1,2023-Q1,292.38,45.45,87.9,198.88,22.57,16.02,232.41,30.06,15.54,11.22,8.7,85.57,11.35,3.9,1.33,8.57,7.86,12.92,70.98,123.0,34.0,26.72,16.11,0,0,
BANK_129,"Mccall, Hanson and Alvarado Rural Bank",Eastern,Large,Moderate,10,2023,Q2,2023-Q2,305.56,47.45,91.26,104.94,11.95,14.04,257.27,29.86,15.53,17.08,6.75,40.79,11.38,10.78,3.53,22.72,5.67,15.67,61.33,160.0,33.0,51.72,10.47,0,0,
BANK_129,"Mccall, Hanson and Alvarado Rural Bank",Eastern,Large,Moderate,11,2023,Q3,2023-Q3,319.1,50.2,98.27,99.06,11.19,10.82,240.25,30.8,15.73,19.31,5.86,41.23,11.29,16.0,5.01,31.87,2.99,18.78,34.06,170.0,31.0,46.83,34.22,0,0,
BANK_129,"Mccall, Hanson and Alvarado Rural Bank",Eastern,Large,Moderate,12,2023,Q4,2023-Q4,323.71,49.84,96.92,188.56,22.76,22.31,244.4,29.94,15.4,9.02,8.89,77.15,12.07,12.15,3.75,24.38,6.31,11.88,43.52,453.0,66.0,16.5,25.68,0,0,
BANK_130,Cortez LLC Rural Bank,Bono,Medium,Conservative,1,2021,Q1,2021-Q1,133.13,38.18,58.3,68.98,2.54,2.56,95.96,43.79,28.68,14.19,18.62,71.88,3.68,6.57,4.93,17.2,8.83,,66.27,86.0,27.0,42.45,34.19,0,0,
BANK_130,Cortez LLC Rural Bank,Bono,Medium,Conservative,2,2021,Q2,2021-Q2,136.54,39.13,61.93,84.93,3.12,2.14,101.04,45.35,28.66,8.18,15.28,84.05,3.68,7.28,5.33,18.61,7.35,,76.45,,24.0,15.77,21.73,0,0,
BANK_130,Cortez LLC Rural Bank,Bono,Medium,Conservative,3,2021,Q3,2021-Q3,147.05,41.57,66.46,57.92,2.16,1.74,106.51,45.2,28.27,20.73,13.12,54.37,3.73,1.89,1.28,4.53,5.79,8.68,78.83,155.0,21.0,49.38,14.4,0,0,
BANK_130,Cortez LLC Rural Bank,Bono,Medium,Conservative,4,2021,Q4,2021-Q4,146.0,40.99,65.49,106.95,4.11,4.64,114.85,44.86,28.08,15.07,7.38,93.13,3.84,7.86,5.38,19.17,2.64,10.85,50.19,163.0,13.0,59.32,7.15,0,0,
BANK_130,Cortez LLC Rural Bank,Bono,Medium,Conservative,5,2022,Q1,2022-Q1,165.34,46.0,75.92,107.81,4.09,3.11,133.7,45.92,27.82,14.49,14.23,80.63,3.8,9.5,5.75,20.66,6.09,6.79,71.1,135.0,13.0,47.18,10.76,0,0,
BANK_130,Cortez LLC Rural Bank,Bono,Medium,Conservative,6,2022,Q2,2022-Q2,161.66,45.85,73.63,111.38,4.31,2.54,121.03,45.54,28.36,9.84,9.79,92.03,3.87,3.84,2.38,8.38,7.92,7.96,69.56,81.0,13.0,40.43,11.51,0,0,
BANK_130,Cortez LLC Rural Bank,Bono,Medium,Conservative,7,2022,Q3,2022-Q3,179.53,49.99,80.96,61.3,2.43,2.75,138.07,45.09,27.85,23.42,19.6,44.39,3.97,5.11,2.85,10.22,5.05,9.42,52.36,193.0,11.0,44.64,32.81,0,0,
BANK_130,Cortez LLC Rural Bank,Bono,Medium,Conservative,8,2022,Q4,2022-Q4,178.18,49.04,77.43,59.66,2.45,2.19,127.81,43.46,27.52,21.04,7.15,46.68,4.11,3.14,1.76,6.41,10.7,12.85,77.28,135.0,5.0,48.06,31.37,0,0,
BANK_130,Cortez LLC Rural Bank,Bono,Medium,Conservative,9,2023,Q1,2023-Q1,191.12,52.1,86.67,107.27,4.6,3.28,135.74,45.35,27.26,9.35,5.93,79.02,4.29,10.98,5.74,21.07,7.36,11.27,69.98,228.0,6.0,55.2,12.19,0,0,
BANK_130,Cortez LLC Rural Bank,Bono,Medium,Conservative,10,2023,Q2,2023-Q2,194.5,52.7,88.37,64.11,2.69,3.2,148.58,45.44,27.09,18.9,19.65,43.15,4.2,10.17,5.23,19.3,6.16,9.28,65.96,137.0,28.0,26.96,,0,0,
BANK_130,Cortez LLC Rural Bank,Bono,Medium,Conservative,11,2023,Q3,2023-Q3,201.97,54.94,94.73,141.36,5.81,4.7,159.23,46.9,27.2,21.72,7.52,88.78,4.11,5.3,2.62,9.64,3.65,9.88,34.5,193.0,9.0,27.83,31.43,0,0,
BANK_130,Cortez LLC Rural Bank,Bono,Medium,Conservative,12,2023,Q4,2023-Q4,192.33,52.55,93.05,70.39,2.95,3.3,135.36,48.38,27.32,21.12,13.22,52.01,4.2,10.68,5.55,20.32,11.86,12.93,86.42,184.0,10.0,23.18,8.31,0,0,
BANK_131,"Parker, Ortiz and Powell Rural Bank",Greater Accra,Medium,Conservative,1,2021,Q1,2021-Q1,191.45,43.65,79.12,85.71,0.27,0.31,147.23,41.33,22.8,21.34,16.85,58.21,0.32,2.49,1.3,5.69,3.74,8.94,47.1,217.0,11.0,38.95,22.14,0,0,
BANK_131,"Parker, Ortiz and Powell Rural Bank",Greater Accra,Medium,Conservative,2,2021,Q2,2021-Q2,177.37,40.26,71.93,90.04,0.29,0.19,143.51,40.55,22.7,19.48,19.4,62.74,0.33,6.33,3.57,15.71,3.47,5.54,90.5,75.0,27.0,44.37,15.25,0,0,
BANK_131,"Parker, Ortiz and Powell Rural Bank",Greater Accra,Medium,Conservative,3,2021,Q3,2021-Q3,173.04,39.1,70.74,100.82,0.35,0.18,143.86,40.88,22.6,19.41,13.78,70.08,0.34,3.82,2.21,9.78,4.53,11.43,81.57,124.0,30.0,34.97,30.73,0,0,
BANK_131,"Parker, Ortiz and Powell Rural Bank",Greater Accra,Medium,Conservative,4,2021,Q4,2021-Q4,175.81,40.25,74.04,108.88,0.39,0.4,147.6,42.11,22.89,22.73,13.39,73.77,0.36,4.17,2.37,10.37,8.17,10.41,38.77,154.0,7.0,23.32,32.39,0,0,
BANK_131,"Parker, Ortiz and Powell Rural Bank",Greater Accra,Medium,Conservative,5,2022,Q1,2022-Q1,181.5,41.14,76.11,94.14,0.35,0.27,133.45,41.93,22.67,14.0,9.85,70.54,0.37,5.85,3.22,14.23,3.0,8.96,30.45,150.0,32.0,39.84,23.23,0,0,
BANK_131,"Parker, Ortiz and Powell Rural Bank",Greater Accra,Medium,Conservative,6,2022,Q2,2022-Q2,187.9,42.57,74.2,137.39,0.52,0.51,149.41,39.49,22.65,22.82,6.81,91.96,0.38,9.02,4.8,21.2,5.63,13.36,,95.0,7.0,34.2,31.44,0,0,
BANK_131,"Parker, Ortiz and Powell Rural Bank",Greater Accra,Medium,Conservative,7,2022,Q3,2022-Q3,171.18,38.75,67.68,90.01,0.35,0.26,138.82,39.54,22.64,17.21,10.91,64.84,0.39,8.69,5.08,22.42,5.73,9.12,74.52,222.0,18.0,38.94,34.25,0,0,
BANK_131,"Parker, Ortiz and Powell Rural Bank",Greater Accra,Medium,Conservative,8,2022,Q4,2022-Q4,155.22,34.94,55.85,49.59,0.21,0.14,122.55,35.98,22.51,10.94,14.54,40.46,0.42,4.19,2.7,11.99,4.47,8.14,78.53,160.0,24.0,36.15,14.74,0,0,
BANK_131,"Parker, Ortiz and Powell Rural Bank",Greater Accra,Medium,Conservative,9,2023,Q1,2023-Q1,156.21,34.83,57.3,96.7,0.4,0.44,120.34,36.68,22.3,22.72,14.98,80.36,0.41,4.04,2.59,11.61,7.48,9.42,60.71,232.0,29.0,45.26,20.6,0,0,
BANK_131,"Parker, Ortiz and Powell Rural Bank",Greater Accra,Medium,Conservative,10,2023,Q2,2023-Q2,148.6,32.91,54.97,77.28,0.32,0.21,123.56,36.99,22.15,15.6,19.29,62.54,0.42,3.9,2.63,11.86,11.7,10.97,46.25,112.0,,27.54,29.74,0,0,
BANK_131,"Parker, Ortiz and Powell Rural Bank",Greater Accra,Medium,Conservative,11,2023,Q3,2023-Q3,161.21,36.0,60.58,84.99,0.35,0.19,121.24,37.58,22.33,14.78,15.34,70.1,0.42,1.71,1.06,4.74,10.39,6.26,73.8,121.0,31.0,37.94,14.73,0,0,
BANK_131,"Parker, Ortiz and Powell Rural Bank",Greater Accra,Medium,Conservative,12,2023,Q4,2023-Q4,159.47,35.18,60.4,94.35,0.39,0.42,119.27,37.88,22.06,12.52,16.83,79.11,0.41,8.59,5.39,24.42,7.97,9.31,40.58,63.0,22.0,36.06,8.59,0,0,
BANK_132,Spencer-Lee Rural Bank,Western,Medium,Moderate,1,2021,Q1,2021-Q1,175.34,30.12,49.18,122.32,8.16,8.51,146.75,28.05,17.18,24.83,8.91,83.35,6.67,3.59,2.05,11.93,11.61,8.02,56.78,121.0,13.0,,22.67,0,0,
BANK_132,Spencer-Lee Rural Bank,Western,Medium,Moderate,2,2021,Q2,2021-Q2,172.48,29.51,48.2,79.61,5.29,4.36,130.58,27.94,17.11,22.22,9.76,60.97,6.64,3.22,1.87,10.9,3.46,9.24,,162.0,35.0,49.24,25.61,0,0,
BANK_132,Spencer-Lee Rural Bank,Western,Medium,Moderate,3,2021,Q3,2021-Q3,157.03,26.69,43.07,115.82,7.59,4.99,130.57,27.43,17.0,8.58,13.1,88.7,6.55,8.22,5.24,30.8,4.65,7.53,82.6,74.0,19.0,20.51,18.26,0,0,
BANK_132,Spencer-Lee Rural Bank,Western,Medium,Moderate,4,2021,Q4,2021-Q4,161.1,27.22,45.06,96.55,6.28,6.79,125.07,27.97,16.89,12.7,16.94,77.2,6.5,4.46,2.77,16.4,3.28,5.65,90.59,,15.0,38.81,15.44,0,0,
BANK_132,Spencer-Lee Rural Bank,Western,Medium,Moderate,5,2022,Q1,2022-Q1,160.85,27.09,44.75,79.02,5.3,4.21,119.56,27.82,16.84,11.35,8.15,66.09,6.7,4.4,2.74,16.24,9.43,8.24,46.22,135.0,19.0,28.34,34.87,0,0,
BANK_132,Spencer-Lee Rural Bank,Western,Medium,Moderate,6,2022,Q2,2022-Q2,183.93,31.3,48.43,115.42,7.44,3.97,150.57,26.33,17.02,12.77,17.82,76.65,6.45,4.85,2.64,15.49,8.25,9.79,69.51,192.0,6.0,26.62,10.13,0,0,
BANK_132,Spencer-Lee Rural Bank,Western,Medium,Moderate,7,2022,Q3,2022-Q3,185.51,31.14,49.81,84.04,5.45,5.32,152.8,26.85,16.79,9.99,16.1,55.0,6.48,8.74,4.71,28.07,3.65,11.94,57.42,235.0,20.0,16.39,19.42,0,0,
BANK_132,Spencer-Lee Rural Bank,Western,Medium,Moderate,8,2022,Q4,2022-Q4,178.0,30.23,44.56,119.77,8.28,8.36,138.66,25.04,16.98,17.83,19.49,86.38,6.91,9.54,5.36,31.55,2.78,13.32,55.48,146.0,19.0,38.91,22.95,0,0,
BANK_132,Spencer-Lee Rural Bank,Western,Medium,Moderate,9,2023,Q1,2023-Q1,178.75,30.91,43.43,88.05,6.21,3.48,150.24,24.3,17.29,15.53,15.27,58.61,7.05,4.12,2.31,13.34,11.37,,55.43,206.0,11.0,51.7,,0,0,
BANK_132,Spencer-Lee Rural Bank,Western,Medium,Moderate,10,2023,Q2,2023-Q2,195.73,34.07,49.78,70.04,4.46,3.14,142.42,25.43,17.41,17.26,9.08,49.18,6.37,4.61,2.36,13.54,10.64,7.94,87.35,182.0,36.0,15.68,6.77,0,0,
BANK_132,Spencer-Lee Rural Bank,Western,Medium,Moderate,11,2023,Q3,2023-Q3,204.71,35.64,49.79,107.07,6.73,5.92,144.27,24.32,17.41,12.38,15.96,74.22,6.29,4.79,2.34,13.44,8.21,15.81,72.91,183.0,37.0,21.91,6.02,0,0,
BANK_132,Spencer-Lee Rural Bank,Western,Medium,Moderate,12,2023,Q4,2023-Q4,197.12,34.87,46.35,80.15,4.96,4.02,152.97,23.51,17.69,14.53,11.43,52.39,6.19,11.32,5.74,32.47,11.8,14.19,94.38,103.0,32.0,,27.38,0,0,
BANK_133,"Bentley, Byrd and Orr Rural Bank",Northern,Small,Aggressive,1,2021,Q1,2021-Q1,14.06,3.64,2.6,6.35,1.32,1.12,11.58,18.46,25.86,11.15,6.25,54.88,20.7,0.59,4.2,16.26,2.08,,63.56,95.0,8.0,34.49,18.5,1,0,High NPL; 
BANK_133,"Bentley, Byrd and Orr Rural Bank",Northern,Small,Aggressive,2,2021,Q2,2021-Q2,13.72,3.53,2.56,6.57,1.39,1.17,10.7,18.64,25.75,10.8,17.63,61.4,21.11,0.2,1.46,5.66,11.0,0.89,92.8,26.0,13.0,53.05,,1,0,High NPL; 
BANK_133,"Bentley, Byrd and Orr Rural Bank",Northern,Small,Aggressive,3,2021,Q3,2021-Q3,13.75,3.59,2.56,9.45,2.17,2.08,11.69,18.59,26.13,19.82,12.04,80.85,22.98,0.39,2.85,10.91,5.2,0.95,33.45,80.0,12.0,38.47,32.3,1,0,High NPL; 
BANK_133,"Bentley, Byrd and Orr Rural Bank",Northern,Small,Aggressive,4,2021,Q4,2021-Q4,13.89,3.62,2.6,10.59,2.32,1.62,11.79,18.74,26.1,17.41,10.42,89.82,21.9,0.51,3.64,13.94,8.3,1.0,76.23,40.0,7.0,52.79,,1,0,High NPL; 
BANK_133,"Bentley, Byrd and Orr Rural Bank",Northern,Small,Aggressive,5,2022,Q1,2022-Q1,13.86,3.58,2.62,5.51,1.18,1.16,11.14,18.87,25.85,10.42,16.87,49.47,21.48,0.4,2.88,11.14,5.09,0.89,80.85,33.0,12.0,15.32,20.9,1,0,High NPL; 
BANK_133,"Bentley, Byrd and Orr Rural Bank",Northern,Small,Aggressive,6,2022,Q2,2022-Q2,15.8,4.1,2.87,4.92,1.05,0.85,12.14,18.19,25.93,17.4,8.6,40.54,21.43,0.76,4.8,18.5,6.72,0.49,80.12,26.0,,51.15,13.48,1,0,High NPL; 
BANK_133,"Bentley, Byrd and Orr Rural Bank",Northern,Small,Aggressive,7,2022,Q3,2022-Q3,16.12,4.18,2.87,9.32,2.05,1.54,11.84,17.79,25.92,10.76,17.06,78.68,22.04,0.56,3.45,13.32,9.24,0.74,37.92,86.0,5.0,38.08,25.74,1,0,High NPL; 
BANK_133,"Bentley, Byrd and Orr Rural Bank",Northern,Small,Aggressive,8,2022,Q4,2022-Q4,15.82,4.04,2.82,8.9,2.08,1.43,12.47,17.84,25.57,9.01,11.9,71.37,23.4,0.17,1.08,4.22,11.04,1.22,36.12,58.0,3.0,57.69,12.4,1,0,High NPL; 
BANK_133,"Bentley, Byrd and Orr Rural Bank",Northern,Small,Aggressive,9,2023,Q1,2023-Q1,14.25,3.64,2.44,6.01,1.4,0.81,10.99,17.09,25.57,16.24,9.99,54.67,23.33,0.75,5.25,20.51,9.3,,53.8,76.0,8.0,21.76,17.57,1,0,High NPL; 
BANK_133,"Bentley, Byrd and Orr Rural Bank",Northern,Small,Aggressive,10,2023,Q2,2023-Q2,15.78,3.99,2.72,10.0,2.32,1.88,11.47,17.21,25.3,21.41,13.07,87.21,23.17,0.52,3.29,13.01,6.71,0.59,85.33,,6.0,45.31,20.22,1,0,High NPL; 
BANK_133,"Bentley, Byrd and Orr Rural Bank",Northern,Small,Aggressive,11,2023,Q3,2023-Q3,16.1,4.16,2.79,9.92,2.31,1.94,12.27,17.32,25.85,22.0,7.31,80.88,23.33,0.76,4.7,18.17,8.63,1.21,46.35,85.0,6.0,51.56,19.81,1,0,High NPL; 
BANK_133,"Bentley, Byrd and Orr Rural Bank",Northern,Small,Aggressive,12,2023,Q4,2023-Q4,16.51,4.38,2.63,6.34,1.5,1.06,11.59,15.95,26.51,14.52,16.75,54.68,23.6,0.26,1.56,5.87,4.77,0.69,49.56,43.0,9.0,26.28,33.23,1,0,High NPL; 
BANK_134,"Carroll, Sullivan and Bass Rural Bank",Upper East,Large,Moderate,1,2021,Q1,2021-Q1,506.76,54.92,128.83,285.11,40.64,32.98,355.77,25.42,10.84,24.8,9.19,80.14,14.25,17.77,3.51,32.36,11.48,38.39,91.19,424.0,29.0,30.59,15.95,1,0,Low Capital; 
BANK_134,"Carroll, Sullivan and Bass Rural Bank",Upper East,Large,Moderate,2,2021,Q2,2021-Q2,518.04,56.2,132.59,323.84,46.92,42.37,391.07,25.59,10.85,18.84,6.63,82.81,14.49,21.42,4.13,38.11,8.12,19.68,59.67,103.0,50.0,40.89,,1,0,Low Capital; 
BANK_134,"Carroll, Sullivan and Bass Rural Bank",Upper East,Large,Moderate,3,2021,Q3,2021-Q3,419.7,47.05,107.41,191.85,30.08,30.15,341.8,25.59,11.21,15.66,8.76,56.13,15.68,23.09,5.5,49.07,5.33,32.05,65.25,314.0,53.0,30.34,26.73,1,0,Low Capital; High NPL; 
BANK_134,"Carroll, Sullivan and Bass Rural Bank",Upper East,Large,Moderate,4,2021,Q4,2021-Q4,408.38,45.03,105.98,181.3,29.24,34.81,298.12,25.95,11.03,18.45,15.12,60.81,16.13,22.31,5.46,49.55,5.59,26.55,33.63,415.0,63.0,33.05,24.17,1,0,Low Capital; High NPL; 
BANK_134,"Carroll, Sullivan and Bass Rural Bank",Upper East,Large,Moderate,5,2022,Q1,2022-Q1,444.25,48.54,114.0,140.05,23.16,13.21,324.96,25.66,10.93,21.82,9.88,43.1,16.54,26.04,5.86,53.64,9.88,23.85,66.93,102.0,23.0,55.45,,1,0,Low Capital; High NPL; 
BANK_134,"Carroll, Sullivan and Bass Rural Bank",Upper East,Large,Moderate,6,2022,Q2,2022-Q2,452.85,49.39,117.08,216.71,36.14,32.55,326.85,25.85,10.91,9.68,16.99,66.3,16.68,5.31,1.17,10.75,9.96,27.76,89.97,318.0,14.0,33.17,,1,0,Low Capital; High NPL; 
BANK_134,"Carroll, Sullivan and Bass Rural Bank",Upper East,Large,Moderate,7,2022,Q3,2022-Q3,494.6,52.75,123.34,190.61,32.25,34.46,394.1,24.94,10.67,13.31,8.38,48.37,16.92,20.37,4.12,38.61,4.65,,75.37,152.0,53.0,30.01,10.18,1,0,Low Capital; High NPL; 
BANK_134,"Carroll, Sullivan and Bass Rural Bank",Upper East,Large,Moderate,8,2022,Q4,2022-Q4,385.55,41.15,93.01,140.89,24.92,21.46,315.56,24.12,10.67,15.87,16.61,44.65,17.69,23.25,6.03,56.5,7.89,17.88,88.51,224.0,27.0,37.25,32.4,1,0,Low Capital; High NPL; 
BANK_134,"Carroll, Sullivan and Bass Rural Bank",Upper East,Large,Moderate,9,2023,Q1,2023-Q1,420.79,45.43,100.71,261.27,45.51,34.29,342.51,23.93,10.8,22.47,15.89,76.28,17.42,18.7,4.44,41.15,7.66,13.03,45.33,421.0,25.0,47.86,10.54,1,0,Low Capital; High NPL; 
BANK_134,"Carroll, Sullivan and Bass Rural Bank",Upper East,Large,Moderate,10,2023,Q2,2023-Q2,474.6,51.94,114.43,241.86,42.33,36.63,377.26,24.11,10.94,11.56,16.28,64.11,17.5,19.92,4.2,38.35,7.48,33.31,41.5,204.0,69.0,56.85,18.27,1,0,Low Capital; High NPL; 
BANK_134,"Carroll, Sullivan and Bass Rural Bank",Upper East,Large,Moderate,11,2023,Q3,2023-Q3,503.54,54.96,127.45,236.46,41.76,40.2,376.48,25.31,10.91,16.85,8.71,62.81,17.66,19.51,3.88,35.51,10.1,34.85,32.25,112.0,64.0,40.86,33.72,1,0,Low Capital; High NPL; 
BANK_134,"Carroll, Sullivan and Bass Rural Bank",Upper East,Large,Moderate,12,2023,Q4,2023-Q4,480.65,52.3,125.53,239.23,42.98,27.06,373.74,26.12,10.88,20.49,12.1,64.01,17.96,18.62,3.87,35.61,7.78,30.72,66.66,283.0,51.0,47.57,11.77,1,0,Low Capital; High NPL; 
BANK_135,Mitchell-Jordan Rural Bank,Greater Accra,Small,Moderate,1,2021,Q1,2021-Q1,27.37,4.95,4.99,17.79,0.69,0.57,20.71,18.23,18.08,19.98,5.6,85.89,3.87,1.05,3.85,21.28,4.7,2.12,48.96,64.0,12.0,38.13,33.83,0,0,
BANK_135,Mitchell-Jordan Rural Bank,Greater Accra,Small,Moderate,2,2021,Q2,2021-Q2,28.53,5.05,5.26,21.54,0.85,0.44,24.01,18.45,17.69,13.35,17.6,89.69,3.95,0.47,1.66,9.39,3.55,1.27,34.86,39.0,14.0,29.04,9.79,0,0,
BANK_135,Mitchell-Jordan Rural Bank,Greater Accra,Small,Moderate,3,2021,Q3,2021-Q3,29.65,5.27,5.4,12.08,0.48,0.46,21.83,18.22,17.79,21.98,9.71,55.32,3.95,1.29,4.34,24.41,6.21,1.32,56.61,53.0,10.0,56.76,7.12,0,0,
BANK_135,Mitchell-Jordan Rural Bank,Greater Accra,Small,Moderate,4,2021,Q4,2021-Q4,29.1,5.17,5.11,14.83,0.6,0.62,20.96,17.55,17.77,23.11,9.67,70.78,4.02,0.79,2.73,15.34,3.64,1.95,80.22,98.0,3.0,46.92,17.52,0,0,
BANK_135,Mitchell-Jordan Rural Bank,Greater Accra,Small,Moderate,5,2022,Q1,2022-Q1,29.49,5.28,5.17,10.36,0.42,0.34,22.06,17.54,17.91,13.72,11.69,46.97,4.02,1.47,4.99,27.89,3.07,2.01,76.41,39.0,3.0,52.88,12.48,0,0,
BANK_135,Mitchell-Jordan Rural Bank,Greater Accra,Small,Moderate,6,2022,Q2,2022-Q2,29.53,5.24,5.16,14.48,0.59,0.58,24.99,17.49,17.74,22.14,11.01,57.93,4.08,1.03,3.48,19.64,3.61,2.2,61.62,97.0,5.0,59.66,11.67,0,0,
BANK_135,Mitchell-Jordan Rural Bank,Greater Accra,Small,Moderate,7,2022,Q3,2022-Q3,31.78,5.54,5.41,19.52,0.8,0.59,24.52,17.03,17.43,19.18,15.4,79.62,4.11,0.6,1.9,10.91,5.94,2.49,,,3.0,22.06,23.15,0,0,
BANK_135,Mitchell-Jordan Rural Bank,Greater Accra,Small,Moderate,8,2022,Q4,2022-Q4,31.79,5.43,5.63,22.5,0.98,0.8,26.49,17.7,17.07,20.58,18.2,84.95,4.34,1.21,3.8,22.29,3.06,1.18,53.21,25.0,5.0,,5.37,0,0,
BANK_135,Mitchell-Jordan Rural Bank,Greater Accra,Small,Moderate,9,2023,Q1,2023-Q1,34.79,5.97,6.2,12.24,0.56,0.46,24.5,17.82,17.16,14.62,7.55,49.95,4.54,1.13,3.24,18.87,9.82,1.1,80.95,,5.0,38.61,6.48,0,0,
BANK_135,Mitchell-Jordan Rural Bank,Greater Accra,Small,Moderate,10,2023,Q2,2023-Q2,32.82,5.61,5.92,15.83,0.73,0.57,26.55,18.03,17.09,24.99,5.33,59.64,4.63,0.8,2.43,14.23,3.87,1.75,62.82,48.0,11.0,23.27,20.31,0,0,
BANK_135,Mitchell-Jordan Rural Bank,Greater Accra,Small,Moderate,11,2023,Q3,2023-Q3,36.83,6.29,6.88,21.01,0.94,1.1,27.47,18.68,17.09,21.98,18.9,76.48,4.47,1.13,3.06,17.91,9.84,1.86,34.85,76.0,7.0,56.86,14.2,0,0,
BANK_135,Mitchell-Jordan Rural Bank,Greater Accra,Small,Moderate,12,2023,Q4,2023-Q4,39.46,6.8,7.67,17.02,0.76,0.57,30.36,19.44,17.24,16.7,17.8,56.05,4.47,2.33,5.9,34.23,9.42,2.4,83.81,55.0,14.0,39.84,14.81,0,0,
BANK_136,"Lawson, Morris and Ramos Rural Bank",Ashanti,Small,Conservative,1,2021,Q1,2021-Q1,8.87,1.44,3.11,5.8,0.44,0.25,7.37,35.02,16.27,19.33,13.53,78.68,7.55,0.17,1.86,11.44,7.46,0.41,35.03,25.0,11.0,,26.45,0,0,
BANK_136,"Lawson, Morris and Ramos Rural Bank",Ashanti,Small,Conservative,2,2021,Q2,2021-Q2,8.57,1.4,3.03,3.51,0.27,0.18,6.51,35.33,16.34,8.95,7.27,53.89,7.67,0.38,4.41,27.01,8.25,0.55,46.98,61.0,6.0,51.8,7.08,0,0,
BANK_136,"Lawson, Morris and Ramos Rural Bank",Ashanti,Small,Conservative,3,2021,Q3,2021-Q3,8.85,1.42,3.06,4.91,0.38,0.23,6.38,34.61,16.09,23.06,8.08,77.0,7.65,0.38,4.28,26.59,11.56,0.62,79.89,59.0,12.0,33.57,29.81,0,0,
BANK_136,"Lawson, Morris and Ramos Rural Bank",Ashanti,Small,Conservative,4,2021,Q4,2021-Q4,9.5,1.54,3.3,5.5,0.42,0.36,7.37,34.73,16.27,8.54,9.95,74.69,7.67,0.39,4.07,24.99,9.28,0.71,71.12,21.0,3.0,22.26,11.34,0,0,
BANK_136,"Lawson, Morris and Ramos Rural Bank",Ashanti,Small,Conservative,5,2022,Q1,2022-Q1,9.36,1.54,3.18,5.81,0.45,0.27,7.13,33.98,16.43,17.72,9.69,81.56,7.74,0.46,4.87,29.62,11.29,0.31,49.76,72.0,6.0,35.3,5.6,0,0,
BANK_136,"Lawson, Morris and Ramos Rural Bank",Ashanti,Small,Conservative,6,2022,Q2,2022-Q2,10.73,1.77,3.99,6.48,0.48,0.56,7.56,37.14,16.49,23.34,19.65,85.68,7.41,0.61,5.72,34.69,10.62,0.62,76.47,97.0,9.0,52.8,33.27,0,0,
BANK_136,"Lawson, Morris and Ramos Rural Bank",Ashanti,Small,Conservative,7,2022,Q3,2022-Q3,10.08,1.67,3.68,3.61,0.28,0.24,7.78,36.46,16.53,24.54,7.33,46.34,7.88,0.25,2.46,14.88,10.74,0.35,69.12,71.0,12.0,37.64,10.92,0,0,
BANK_136,"Lawson, Morris and Ramos Rural Bank",Ashanti,Small,Conservative,8,2022,Q4,2022-Q4,9.0,1.48,3.22,4.94,0.4,0.42,7.15,35.75,16.4,16.11,11.29,69.15,8.01,0.34,3.81,23.21,7.96,0.57,87.86,96.0,14.0,,31.68,0,0,
BANK_136,"Lawson, Morris and Ramos Rural Bank",Ashanti,Small,Conservative,9,2023,Q1,2023-Q1,9.24,1.51,3.17,4.02,0.31,0.17,6.72,34.31,16.37,22.12,7.54,59.81,7.71,0.48,5.23,31.96,9.88,0.67,78.81,94.0,9.0,41.22,30.8,0,0,
BANK_136,"Lawson, Morris and Ramos Rural Bank",Ashanti,Small,Conservative,10,2023,Q2,2023-Q2,9.57,1.56,3.27,3.98,0.31,0.36,7.38,34.15,16.35,8.94,16.25,54.0,7.71,0.2,2.05,12.57,3.9,0.61,57.86,56.0,4.0,33.66,,0,0,
BANK_136,"Lawson, Morris and Ramos Rural Bank",Ashanti,Small,Conservative,11,2023,Q3,2023-Q3,9.13,1.5,3.0,4.17,0.33,0.3,6.86,32.91,16.43,22.48,14.22,60.78,7.92,0.2,2.17,13.2,2.4,0.36,52.32,34.0,3.0,35.04,25.31,0,0,
BANK_136,"Lawson, Morris and Ramos Rural Bank",Ashanti,Small,Conservative,12,2023,Q4,2023-Q4,8.96,1.49,3.03,5.5,0.44,0.4,6.74,33.82,16.67,20.18,12.17,81.55,7.98,0.24,2.73,16.36,9.99,0.46,85.04,40.0,2.0,43.47,18.56,0,0,
BANK_137,"Lewis, Kennedy and Santana Rural Bank",Ashanti,Small,Moderate,1,2021,Q1,2021-Q1,7.69,1.44,1.51,4.4,0.22,0.18,5.9,19.65,18.73,19.1,7.53,74.64,5.05,0.19,2.49,13.29,10.22,0.24,56.22,69.0,2.0,24.71,14.82,0,0,
BANK_137,"Lewis, Kennedy and Santana Rural Bank",Ashanti,Small,Moderate,2,2021,Q2,2021-Q2,7.75,1.45,1.51,3.18,0.16,0.09,6.06,19.54,18.66,12.33,14.46,52.51,4.95,0.1,1.31,7.02,7.3,0.42,30.41,58.0,8.0,42.26,34.1,0,0,
BANK_137,"Lewis, Kennedy and Santana Rural Bank",Ashanti,Small,Moderate,3,2021,Q3,2021-Q3,7.74,1.45,1.59,2.7,0.14,0.09,6.03,20.49,18.73,9.07,17.68,44.68,5.1,0.23,2.95,15.77,8.48,0.62,45.37,93.0,,56.89,29.97,0,0,
BANK_137,"Lewis, Kennedy and Santana Rural Bank",Ashanti,Small,Moderate,4,2021,Q4,2021-Q4,8.72,1.62,1.73,5.91,0.3,0.24,6.46,19.89,18.58,8.32,8.51,91.36,5.0,0.34,3.94,21.19,2.32,0.5,59.76,39.0,6.0,46.75,5.29,0,0,
BANK_137,"Lewis, Kennedy and Santana Rural Bank",Ashanti,Small,Moderate,5,2022,Q1,2022-Q1,9.36,1.72,1.83,4.81,0.24,0.17,6.79,19.53,18.36,14.39,7.28,70.82,5.08,0.43,4.63,25.22,3.8,0.53,89.66,64.0,,41.54,7.7,0,0,
BANK_137,"Lewis, Kennedy and Santana Rural Bank",Ashanti,Small,Moderate,6,2022,Q2,2022-Q2,10.76,1.97,2.08,3.59,0.18,0.15,8.12,19.36,18.27,15.64,5.17,44.24,4.89,0.59,5.53,30.23,4.8,0.48,39.12,75.0,6.0,51.12,34.15,0,0,
BANK_137,"Lewis, Kennedy and Santana Rural Bank",Ashanti,Small,Moderate,7,2022,Q3,2022-Q3,10.48,1.88,2.01,6.55,0.33,0.35,8.56,19.2,17.99,13.26,16.67,76.59,5.05,0.6,5.76,32.02,11.61,0.53,72.38,85.0,12.0,15.64,23.87,0,0,
BANK_137,"Lewis, Kennedy and Santana Rural Bank",Ashanti,Small,Moderate,8,2022,Q4,2022-Q4,10.18,1.86,1.83,3.55,0.18,0.15,8.28,18.01,18.25,16.62,8.32,42.81,5.12,0.22,2.12,11.62,8.71,0.66,39.25,62.0,9.0,23.38,31.83,0,0,
BANK_137,"Lewis, Kennedy and Santana Rural Bank",Ashanti,Small,Moderate,9,2023,Q1,2023-Q1,9.87,1.8,1.8,4.59,0.23,0.25,6.93,18.27,18.24,17.51,10.02,66.23,4.94,0.47,4.77,26.17,8.87,0.55,78.41,63.0,7.0,34.61,30.16,0,0,
BANK_137,"Lewis, Kennedy and Santana Rural Bank",Ashanti,Small,Moderate,10,2023,Q2,2023-Q2,9.44,1.74,1.78,4.68,0.23,0.12,6.96,18.81,18.43,9.58,7.7,67.24,4.87,0.22,2.32,12.61,2.92,0.71,85.53,97.0,11.0,44.05,32.7,0,0,
BANK_137,"Lewis, Kennedy and Santana Rural Bank",Ashanti,Small,Moderate,11,2023,Q3,2023-Q3,9.82,1.82,1.86,4.97,0.25,0.27,7.81,18.92,18.59,18.18,5.02,63.62,5.02,0.11,1.09,5.84,5.69,0.41,52.02,,2.0,16.0,18.11,0,0,
BANK_137,"Lewis, Kennedy and Santana Rural Bank",Ashanti,Small,Moderate,12,2023,Q4,2023-Q4,9.75,1.83,1.86,5.85,0.31,0.33,8.22,19.11,18.79,21.59,6.77,71.21,5.26,0.13,1.36,7.23,9.41,,75.54,86.0,8.0,29.36,25.29,0,0,
BANK_138,"Jackson, Miller and Robertson Rural Bank",Greater Accra,Medium,Aggressive,1,2021,Q1,2021-Q1,123.83,34.3,14.36,89.45,12.45,14.03,105.12,11.6,27.7,10.01,19.62,85.09,13.92,5.01,4.05,14.61,6.55,9.42,61.99,,7.0,52.37,,1,0,Low Liquidity; 
BANK_138,"Jackson, Miller and Robertson Rural Bank",Greater Accra,Medium,Aggressive,2,2021,Q2,2021-Q2,118.61,33.3,13.76,63.75,8.79,4.79,95.75,11.6,28.07,14.23,16.76,66.58,13.78,6.68,5.63,20.06,7.3,8.32,67.44,241.0,17.0,17.57,28.42,1,0,Low Liquidity; 
BANK_138,"Jackson, Miller and Robertson Rural Bank",Greater Accra,Medium,Aggressive,3,2021,Q3,2021-Q3,119.95,34.3,14.58,46.65,6.64,5.35,92.64,12.15,28.59,17.17,9.9,50.35,14.23,1.81,1.51,5.28,8.96,8.0,30.74,,7.0,59.92,22.8,1,0,Low Liquidity; 
BANK_138,"Jackson, Miller and Robertson Rural Bank",Greater Accra,Medium,Aggressive,4,2021,Q4,2021-Q4,105.06,29.42,12.53,58.13,8.7,6.93,76.2,11.93,28.0,13.26,19.47,76.29,14.96,6.25,5.95,21.24,11.36,,38.56,96.0,19.0,52.45,27.1,1,0,Low Liquidity; 
BANK_138,"Jackson, Miller and Robertson Rural Bank",Greater Accra,Medium,Aggressive,5,2022,Q1,2022-Q1,103.63,29.26,12.07,45.88,7.0,3.67,77.25,11.64,28.24,20.38,9.28,59.39,15.27,5.22,5.04,17.84,2.66,3.43,48.56,91.0,23.0,45.4,24.02,1,0,Low Liquidity; High NPL; 
BANK_138,"Jackson, Miller and Robertson Rural Bank",Greater Accra,Medium,Aggressive,6,2022,Q2,2022-Q2,105.62,29.16,12.58,36.12,5.51,5.84,77.57,11.91,27.61,12.27,14.6,46.57,15.25,1.19,1.13,4.1,7.0,7.88,83.25,100.0,34.0,36.59,6.47,1,0,Low Liquidity; High NPL; 
BANK_138,"Jackson, Miller and Robertson Rural Bank",Greater Accra,Medium,Aggressive,7,2022,Q3,2022-Q3,107.07,29.42,12.98,39.85,6.23,5.66,89.76,12.12,27.48,19.28,13.19,44.4,15.64,3.08,2.87,10.45,8.79,8.45,72.1,118.0,14.0,58.35,10.55,1,0,Low Liquidity; High NPL; 
BANK_138,"Jackson, Miller and Robertson Rural Bank",Greater Accra,Medium,Aggressive,8,2022,Q4,2022-Q4,96.59,26.91,11.31,56.59,9.29,9.0,69.76,11.71,27.86,8.99,11.66,81.11,16.41,1.52,1.57,5.65,10.45,5.04,43.06,168.0,21.0,33.49,32.16,1,0,Low Liquidity; High NPL; 
BANK_138,"Jackson, Miller and Robertson Rural Bank",Greater Accra,Medium,Aggressive,9,2023,Q1,2023-Q1,95.99,26.86,11.56,31.74,5.21,5.86,70.71,12.04,27.99,10.82,13.56,44.88,16.42,1.86,1.93,6.91,5.53,4.64,78.44,169.0,22.0,42.11,26.97,1,0,Low Liquidity; High NPL; 
BANK_138,"Jackson, Miller and Robertson Rural Bank",Greater Accra,Medium,Aggressive,10,2023,Q2,2023-Q2,95.04,26.84,11.38,51.65,8.65,7.33,76.82,11.98,28.25,22.69,17.04,67.23,16.75,1.79,1.89,6.68,8.04,6.99,58.05,147.0,7.0,16.9,19.06,1,0,Low Liquidity; High NPL; 
BANK_138,"Jackson, Miller and Robertson Rural Bank",Greater Accra,Medium,Aggressive,11,2023,Q3,2023-Q3,105.22,29.87,12.89,67.42,10.44,6.38,85.79,12.25,28.39,22.34,16.02,78.58,15.49,1.13,1.07,3.78,4.67,5.89,93.15,207.0,16.0,47.13,32.94,1,0,Low Liquidity; High NPL; 
BANK_138,"Jackson, Miller and Robertson Rural Bank",Greater Accra,Medium,Aggressive,12,2023,Q4,2023-Q4,99.32,28.8,12.61,47.44,7.38,6.73,83.04,12.7,28.99,24.48,13.29,57.13,15.55,2.34,2.35,8.12,4.83,4.18,78.22,,24.0,44.34,15.47,1,0,Low Liquidity; High NPL; 
BANK_139,"Harvey, Davis and Crane Rural Bank",Northern,Large,Moderate,1,2021,Q1,2021-Q1,223.85,30.4,71.66,154.85,7.98,4.28,182.79,32.01,13.58,9.29,13.76,84.71,5.15,6.51,2.91,21.43,2.94,13.03,53.62,180.0,48.0,31.35,10.0,0,0,
BANK_139,"Harvey, Davis and Crane Rural Bank",Northern,Large,Moderate,2,2021,Q2,2021-Q2,239.76,32.72,77.19,85.7,4.53,3.06,170.54,32.2,13.65,15.83,9.11,50.25,5.28,4.22,1.76,12.9,6.04,7.38,89.2,370.0,31.0,54.65,10.49,0,0,
BANK_139,"Harvey, Davis and Crane Rural Bank",Northern,Large,Moderate,3,2021,Q3,2021-Q3,218.88,29.82,66.04,167.1,9.51,8.09,177.96,30.17,13.63,20.03,14.56,93.9,5.69,11.06,5.05,37.07,10.04,15.7,85.07,265.0,67.0,47.38,30.17,0,0,
BANK_139,"Harvey, Davis and Crane Rural Bank",Northern,Large,Moderate,4,2021,Q4,2021-Q4,248.36,33.68,76.96,143.55,7.9,8.23,205.83,30.99,13.56,16.19,6.29,69.74,5.5,12.82,5.16,38.06,4.13,,81.1,180.0,63.0,58.11,23.48,0,0,
BANK_139,"Harvey, Davis and Crane Rural Bank",Northern,Large,Moderate,5,2022,Q1,2022-Q1,256.05,35.24,81.33,81.21,4.65,2.87,199.37,31.76,13.76,12.1,13.97,40.73,5.72,12.15,4.75,34.49,3.68,13.01,46.28,318.0,74.0,53.34,13.08,0,0,
BANK_139,"Harvey, Davis and Crane Rural Bank",Northern,Large,Moderate,6,2022,Q2,2022-Q2,270.9,37.19,81.39,109.05,6.31,3.18,223.33,30.04,13.73,24.98,18.47,48.83,5.78,12.92,4.77,34.74,4.42,17.39,49.06,135.0,37.0,42.62,,0,0,
BANK_139,"Harvey, Davis and Crane Rural Bank",Northern,Large,Moderate,7,2022,Q3,2022-Q3,310.22,43.75,89.02,116.59,6.59,6.23,218.11,28.7,14.1,23.81,14.43,53.46,5.65,6.07,1.96,13.88,8.87,10.82,42.39,303.0,56.0,53.64,27.32,0,0,
BANK_139,"Harvey, Davis and Crane Rural Bank",Northern,Large,Moderate,8,2022,Q4,2022-Q4,289.04,41.29,77.33,95.69,5.82,5.73,237.82,26.75,14.28,13.21,19.48,40.24,6.08,17.73,6.13,42.94,3.03,10.94,87.99,147.0,,47.99,28.74,0,0,
BANK_139,"Harvey, Davis and Crane Rural Bank",Northern,Large,Moderate,9,2023,Q1,2023-Q1,249.97,35.94,65.34,86.99,5.33,4.52,177.54,26.14,14.38,14.69,16.42,48.99,6.13,7.36,2.94,20.47,8.28,9.68,,,57.0,17.5,20.42,0,0,
BANK_139,"Harvey, Davis and Crane Rural Bank",Northern,Large,Moderate,10,2023,Q2,2023-Q2,263.9,38.42,68.23,166.33,10.0,9.19,190.78,25.86,14.56,13.34,10.04,87.19,6.01,15.47,5.86,40.28,3.95,18.55,36.23,241.0,25.0,58.96,5.77,0,0,
BANK_139,"Harvey, Davis and Crane Rural Bank",Northern,Large,Moderate,11,2023,Q3,2023-Q3,261.13,38.34,69.62,108.6,6.36,5.34,190.13,26.66,14.68,10.24,17.17,57.12,5.86,11.91,4.56,31.06,6.07,9.67,78.2,141.0,47.0,42.34,32.91,0,0,
BANK_139,"Harvey, Davis and Crane Rural Bank",Northern,Large,Moderate,12,2023,Q4,2023-Q4,270.65,39.35,68.68,130.19,7.65,7.5,209.83,25.38,14.54,15.77,10.71,62.04,5.88,3.23,1.19,8.2,4.58,12.88,53.06,132.0,39.0,46.14,6.46,0,0,
BANK_140,Chambers and Sons Rural Bank,Upper East,Small,Moderate,1,2021,Q1,2021-Q1,38.79,11.25,8.24,15.36,0.86,0.89,30.32,21.24,29.01,12.99,5.14,50.65,5.62,0.4,1.04,3.58,4.7,1.59,52.31,31.0,9.0,25.74,29.95,0,0,
BANK_140,Chambers and Sons Rural Bank,Upper East,Small,Moderate,2,2021,Q2,2021-Q2,37.92,10.93,7.98,23.75,1.33,1.6,29.44,21.03,28.81,21.7,5.85,80.69,5.61,1.03,2.71,9.42,7.43,1.93,32.37,,11.0,33.4,30.38,0,0,
BANK_140,Chambers and Sons Rural Bank,Upper East,Small,Moderate,3,2021,Q3,2021-Q3,31.16,8.98,6.27,14.58,0.87,0.56,22.29,20.13,28.83,23.2,8.89,65.4,5.98,1.96,6.29,21.83,7.5,1.9,81.83,75.0,4.0,33.53,21.05,0,0,
BANK_140,Chambers and Sons Rural Bank,Upper East,Small,Moderate,4,2021,Q4,2021-Q4,30.08,8.63,5.96,11.33,0.67,0.73,22.23,19.82,28.69,18.38,16.04,50.94,5.92,1.55,5.14,17.93,6.94,1.68,70.05,49.0,8.0,39.61,33.61,0,0,
BANK_140,Chambers and Sons Rural Bank,Upper East,Small,Moderate,5,2022,Q1,2022-Q1,31.43,9.0,5.9,9.86,0.57,0.49,22.75,18.79,28.63,24.87,5.74,43.32,5.79,0.9,2.86,9.98,4.43,1.85,43.98,95.0,5.0,59.55,17.56,0,0,
BANK_140,Chambers and Sons Rural Bank,Upper East,Small,Moderate,6,2022,Q2,2022-Q2,33.15,9.6,6.36,19.42,1.15,1.3,26.1,19.19,28.94,12.54,19.0,74.4,5.93,0.65,1.96,6.76,2.34,1.61,85.0,25.0,9.0,46.27,30.11,0,0,
BANK_140,Chambers and Sons Rural Bank,Upper East,Small,Moderate,7,2022,Q3,2022-Q3,32.28,9.37,6.3,11.9,0.71,0.53,26.32,19.52,29.04,18.86,19.47,45.21,5.94,1.04,3.22,11.09,2.67,2.13,79.61,90.0,9.0,45.29,18.14,0,0,
BANK_140,Chambers and Sons Rural Bank,Upper East,Small,Moderate,8,2022,Q4,2022-Q4,28.76,8.21,5.51,10.4,0.64,0.72,21.21,19.16,28.54,8.8,18.68,49.03,6.12,1.42,4.92,17.24,5.74,0.94,,71.0,2.0,27.04,15.56,0,0,
BANK_140,Chambers and Sons Rural Bank,Upper East,Small,Moderate,9,2023,Q1,2023-Q1,29.91,8.36,5.77,13.87,0.83,0.79,22.43,19.28,27.96,18.3,12.9,61.82,6.02,0.7,2.32,8.31,3.8,1.01,68.18,65.0,8.0,59.35,20.95,0,0,
BANK_140,Chambers and Sons Rural Bank,Upper East,Small,Moderate,10,2023,Q2,2023-Q2,30.45,8.54,5.67,13.2,0.81,0.79,23.94,18.63,28.05,8.57,9.48,55.15,6.11,1.25,4.11,14.66,3.17,1.62,77.23,76.0,5.0,27.26,18.21,0,0,
BANK_140,Chambers and Sons Rural Bank,Upper East,Small,Moderate,11,2023,Q3,2023-Q3,33.38,9.34,6.44,14.8,0.87,0.76,24.64,19.3,27.99,9.88,18.62,60.07,5.91,0.94,2.81,10.03,2.78,1.47,73.24,99.0,5.0,36.3,18.44,0,0,
BANK_140,Chambers and Sons Rural Bank,Upper East,Small,Moderate,12,2023,Q4,2023-Q4,34.66,9.59,6.81,13.56,0.79,0.76,28.2,19.65,27.65,14.69,15.87,48.1,5.84,1.52,4.38,15.84,6.96,1.12,81.15,64.0,11.0,20.67,26.64,0,0,
BANK_141,Hernandez Inc Rural Bank,Ashanti,Small,Aggressive,1,2021,Q1,2021-Q1,23.61,6.04,5.84,10.26,2.24,2.0,17.25,24.75,25.58,14.35,13.99,59.52,21.87,1.03,4.36,17.03,8.23,1.46,77.9,31.0,9.0,37.91,15.28,1,0,High NPL; 
BANK_141,Hernandez Inc Rural Bank,Ashanti,Small,Aggressive,2,2021,Q2,2021-Q2,24.69,6.14,6.0,11.23,2.48,2.37,20.02,24.31,24.88,11.55,9.81,56.12,22.05,0.93,3.78,15.19,5.02,1.78,52.75,38.0,8.0,21.1,28.92,1,0,High NPL; 
BANK_141,Hernandez Inc Rural Bank,Ashanti,Small,Aggressive,3,2021,Q3,2021-Q3,25.98,6.51,6.23,17.28,3.86,3.85,20.11,23.98,25.06,23.24,10.98,85.93,22.34,0.37,1.41,5.62,10.64,1.82,53.18,75.0,4.0,51.6,24.72,1,0,High NPL; 
BANK_141,Hernandez Inc Rural Bank,Ashanti,Small,Aggressive,4,2021,Q4,2021-Q4,28.27,7.07,7.12,17.21,3.87,3.82,19.89,25.19,25.01,15.01,7.09,86.52,22.49,1.46,5.18,20.72,5.13,1.24,,81.0,8.0,39.17,29.95,1,0,High NPL; 
BANK_141,Hernandez Inc Rural Bank,Ashanti,Small,Aggressive,5,2022,Q1,2022-Q1,28.27,7.09,7.17,11.02,2.51,2.49,23.48,25.34,25.09,15.94,13.25,46.93,22.76,0.82,2.92,11.63,5.95,0.94,91.68,56.0,14.0,54.57,29.86,1,0,High NPL; 
BANK_141,Hernandez Inc Rural Bank,Ashanti,Small,Aggressive,6,2022,Q2,2022-Q2,30.19,7.59,7.8,15.51,3.39,3.81,21.19,25.84,25.14,22.54,9.86,73.2,21.87,0.47,1.55,6.16,11.11,1.96,,44.0,11.0,46.94,22.84,1,0,High NPL; 
BANK_141,Hernandez Inc Rural Bank,Ashanti,Small,Aggressive,7,2022,Q3,2022-Q3,31.84,7.96,8.01,20.6,4.4,4.38,23.45,25.15,25.01,22.14,19.06,87.84,21.34,0.64,2.01,8.06,11.47,2.03,44.2,49.0,3.0,41.87,10.08,1,0,High NPL; 
BANK_141,Hernandez Inc Rural Bank,Ashanti,Small,Aggressive,8,2022,Q4,2022-Q4,32.39,8.17,7.97,11.58,2.58,2.22,25.64,24.61,25.23,9.23,12.19,45.16,22.27,1.35,4.18,16.58,9.79,1.23,59.19,79.0,2.0,16.3,25.31,1,0,High NPL; 
BANK_141,Hernandez Inc Rural Bank,Ashanti,Small,Aggressive,9,2023,Q1,2023-Q1,34.25,8.68,8.76,16.47,3.74,2.72,26.82,25.56,25.35,13.89,10.99,61.44,22.68,1.61,4.7,18.54,7.35,1.2,39.94,88.0,14.0,30.11,16.6,1,0,High NPL; 
BANK_141,Hernandez Inc Rural Bank,Ashanti,Small,Aggressive,10,2023,Q2,2023-Q2,35.43,8.93,9.2,15.87,3.65,3.67,28.53,25.96,25.2,10.18,11.37,55.64,22.97,0.51,1.43,5.67,10.96,2.51,60.41,30.0,13.0,25.38,6.07,1,0,High NPL; 
BANK_141,Hernandez Inc Rural Bank,Ashanti,Small,Aggressive,11,2023,Q3,2023-Q3,39.88,10.09,9.96,22.16,5.24,5.32,33.62,24.98,25.3,20.55,16.39,65.91,23.65,0.57,1.44,5.68,10.85,1.76,43.64,69.0,4.0,37.86,17.21,1,0,High NPL; 
BANK_141,Hernandez Inc Rural Bank,Ashanti,Small,Aggressive,12,2023,Q4,2023-Q4,38.76,9.71,9.81,17.33,4.08,3.83,29.35,25.3,25.05,19.53,11.41,59.04,23.53,1.9,4.91,19.61,10.47,1.47,38.99,69.0,11.0,27.25,20.78,1,0,High NPL; 
BANK_142,Riggs PLC Rural Bank,Eastern,Small,Moderate,1,2021,Q1,2021-Q1,39.75,9.89,13.15,12.47,0.96,0.5,28.13,33.08,24.89,8.34,14.81,44.33,7.66,0.49,1.22,4.91,3.65,2.44,65.2,72.0,13.0,35.47,6.32,0,0,
BANK_142,Riggs PLC Rural Bank,Eastern,Small,Moderate,2,2021,Q2,2021-Q2,40.73,10.2,12.43,17.72,1.37,1.48,33.22,30.52,25.03,9.61,5.75,53.36,7.73,1.8,4.41,17.6,4.15,1.35,73.06,29.0,11.0,24.12,6.46,0,0,
BANK_142,Riggs PLC Rural Bank,Eastern,Small,Moderate,3,2021,Q3,2021-Q3,37.03,9.18,10.62,19.55,1.5,1.67,26.13,28.67,24.79,15.3,12.37,74.81,7.65,1.97,5.32,21.45,2.28,2.02,91.91,,5.0,43.36,32.79,0,0,
BANK_142,Riggs PLC Rural Bank,Eastern,Small,Moderate,4,2021,Q4,2021-Q4,40.7,10.21,12.0,17.01,1.26,1.3,34.27,29.48,25.09,21.52,17.22,49.63,7.41,0.84,2.07,8.27,2.87,2.24,87.86,87.0,3.0,58.42,12.92,0,0,
BANK_142,Riggs PLC Rural Bank,Eastern,Small,Moderate,5,2022,Q1,2022-Q1,39.33,9.83,11.95,22.88,1.72,1.18,30.52,30.37,24.99,17.48,10.67,74.96,7.54,0.51,1.3,5.18,7.81,1.95,36.4,44.0,13.0,,32.1,0,0,
BANK_142,Riggs PLC Rural Bank,Eastern,Small,Moderate,6,2022,Q2,2022-Q2,41.54,10.37,12.9,25.28,1.92,1.36,30.98,31.05,24.98,19.96,10.4,81.62,7.6,0.84,2.02,8.09,2.11,3.05,64.03,98.0,7.0,58.06,23.45,0,0,
BANK_142,Riggs PLC Rural Bank,Eastern,Small,Moderate,7,2022,Q3,2022-Q3,38.16,9.54,12.44,24.91,1.89,1.93,29.1,32.59,25.01,24.9,17.38,85.58,7.6,0.87,2.28,9.14,8.34,1.87,65.64,89.0,6.0,18.26,,0,0,
BANK_142,Riggs PLC Rural Bank,Eastern,Small,Moderate,8,2022,Q4,2022-Q4,33.14,8.46,11.13,11.09,0.86,0.77,24.58,33.59,25.52,9.39,7.75,45.11,7.76,0.56,1.69,6.64,2.11,2.11,47.19,97.0,6.0,31.36,19.08,0,0,
BANK_142,Riggs PLC Rural Bank,Eastern,Small,Moderate,9,2023,Q1,2023-Q1,35.34,8.97,11.88,11.45,0.9,0.68,28.21,33.62,25.38,11.32,18.14,40.61,7.83,1.26,3.57,14.06,6.48,2.46,88.76,26.0,13.0,55.9,32.72,0,0,
BANK_142,Riggs PLC Rural Bank,Eastern,Small,Moderate,10,2023,Q2,2023-Q2,38.24,9.79,12.75,26.08,2.02,2.05,28.78,33.33,25.6,15.51,5.22,90.61,7.76,1.8,4.71,18.38,7.09,1.72,,53.0,2.0,34.01,7.06,0,0,
BANK_142,Riggs PLC Rural Bank,Eastern,Small,Moderate,11,2023,Q3,2023-Q3,38.69,10.01,13.3,15.87,1.27,0.75,28.4,34.36,25.86,12.06,14.69,55.89,8.02,2.22,5.73,22.16,5.04,1.21,34.15,82.0,11.0,32.18,9.6,0,0,
BANK_142,Riggs PLC Rural Bank,Eastern,Small,Moderate,12,2023,Q4,2023-Q4,34.66,8.96,12.29,13.36,1.1,1.19,24.59,35.46,25.85,16.55,10.61,54.35,8.22,2.05,5.92,22.91,11.63,1.51,55.15,80.0,12.0,55.98,24.58,0,0,
BANK_143,Gibson Ltd Rural Bank,Eastern,Medium,Conservative,1,2021,Q1,2021-Q1,121.27,19.78,40.02,89.13,0.37,0.34,102.71,33.0,16.31,14.39,11.29,86.77,0.42,6.51,5.37,32.91,7.76,5.54,,121.0,18.0,18.21,8.36,0,0,
BANK_143,Gibson Ltd Rural Bank,Eastern,Medium,Conservative,2,2021,Q2,2021-Q2,129.17,21.28,43.62,89.1,0.38,0.25,108.7,33.77,16.47,13.3,14.55,81.97,0.43,5.16,4.0,24.26,10.56,8.41,65.3,170.0,22.0,58.72,29.48,0,0,
BANK_143,Gibson Ltd Rural Bank,Eastern,Medium,Conservative,3,2021,Q3,2021-Q3,127.42,21.3,39.63,36.98,0.15,0.18,90.02,31.1,16.72,9.25,9.98,41.07,0.42,7.47,5.86,35.05,4.16,10.0,65.19,180.0,15.0,42.53,26.32,0,0,
BANK_143,Gibson Ltd Rural Bank,Eastern,Medium,Conservative,4,2021,Q4,2021-Q4,134.44,22.55,42.71,81.45,0.33,0.32,101.63,31.77,16.77,9.56,19.04,80.14,0.4,7.08,5.27,31.4,2.9,5.62,35.94,70.0,22.0,45.91,28.65,0,0,
BANK_143,Gibson Ltd Rural Bank,Eastern,Medium,Conservative,5,2022,Q1,2022-Q1,129.7,22.06,39.07,89.5,0.36,0.26,98.33,30.12,17.01,12.45,13.36,91.02,0.4,6.36,4.9,28.83,10.91,7.15,,87.0,22.0,43.63,19.72,0,0,
BANK_143,Gibson Ltd Rural Bank,Eastern,Medium,Conservative,6,2022,Q2,2022-Q2,137.13,23.2,40.99,74.54,0.3,0.16,99.47,29.89,16.91,22.27,17.59,74.94,0.4,6.13,4.47,26.44,7.64,10.21,37.16,192.0,9.0,17.74,8.99,0,0,
BANK_143,Gibson Ltd Rural Bank,Eastern,Medium,Conservative,7,2022,Q3,2022-Q3,138.62,23.58,41.59,72.96,0.29,0.19,101.19,30.0,17.01,18.38,5.73,72.1,0.4,3.74,2.7,15.86,7.32,9.7,81.52,,33.0,23.97,10.32,0,0,
BANK_143,Gibson Ltd Rural Bank,Eastern,Medium,Conservative,8,2022,Q4,2022-Q4,129.05,22.18,37.12,79.3,0.33,0.35,98.0,28.76,17.19,8.22,12.68,80.92,0.42,5.07,3.93,22.85,6.69,5.55,,87.0,28.0,39.13,34.43,0,0,
BANK_143,Gibson Ltd Rural Bank,Eastern,Medium,Conservative,9,2023,Q1,2023-Q1,123.75,21.28,36.89,74.99,0.32,0.2,102.06,29.81,17.2,9.84,7.22,73.47,0.43,1.24,1.0,5.84,3.02,8.45,88.19,98.0,30.0,23.95,12.48,0,0,
BANK_143,Gibson Ltd Rural Bank,Eastern,Medium,Conservative,10,2023,Q2,2023-Q2,126.04,21.42,37.73,55.86,0.24,0.26,97.96,29.94,17.0,23.83,11.08,57.02,0.43,4.71,3.74,22.0,8.78,4.83,78.93,97.0,9.0,16.88,19.17,0,0,
BANK_143,Gibson Ltd Rural Bank,Eastern,Medium,Conservative,11,2023,Q3,2023-Q3,129.86,21.99,40.41,84.25,0.35,0.34,103.76,31.12,16.93,14.92,9.75,81.2,0.42,4.9,3.77,22.29,7.9,5.63,52.08,53.0,32.0,49.02,10.51,0,0,
BANK_143,Gibson Ltd Rural Bank,Eastern,Medium,Conservative,12,2023,Q4,2023-Q4,122.98,20.43,38.27,83.46,0.36,0.33,99.47,31.12,16.62,18.45,10.02,83.9,0.43,5.72,4.65,27.97,8.81,9.04,80.06,74.0,35.0,45.74,8.81,0,0,
BANK_144,"Lee, Horton and Snyder Rural Bank",Ashanti,Medium,Conservative,1,2021,Q1,2021-Q1,165.8,26.34,60.98,113.28,7.77,8.09,122.4,36.78,15.89,14.54,17.09,92.55,6.86,2.57,1.55,9.78,6.84,5.85,62.51,214.0,37.0,23.91,11.24,0,0,
BANK_144,"Lee, Horton and Snyder Rural Bank",Ashanti,Medium,Conservative,2,2021,Q2,2021-Q2,165.6,26.67,59.4,110.45,7.51,7.5,134.21,35.87,16.11,15.66,18.74,82.29,6.8,5.98,3.61,22.42,10.14,8.93,65.42,218.0,19.0,18.74,20.65,0,0,
BANK_144,"Lee, Horton and Snyder Rural Bank",Ashanti,Medium,Conservative,3,2021,Q3,2021-Q3,168.5,27.87,58.27,66.58,4.64,4.32,127.29,34.58,16.54,18.75,8.87,52.3,6.98,3.6,2.13,12.9,4.47,11.69,,,18.0,39.63,27.16,0,0,
BANK_144,"Lee, Horton and Snyder Rural Bank",Ashanti,Medium,Conservative,4,2021,Q4,2021-Q4,165.56,27.6,59.94,105.5,7.17,6.15,134.67,36.21,16.67,23.89,5.86,78.35,6.8,7.59,4.59,27.51,7.05,9.88,90.3,128.0,8.0,29.66,17.46,0,0,
BANK_144,"Lee, Horton and Snyder Rural Bank",Ashanti,Medium,Conservative,5,2022,Q1,2022-Q1,170.11,27.86,62.82,56.58,3.89,2.8,123.88,36.93,16.38,14.24,9.57,45.67,6.88,5.85,3.44,21.0,8.73,10.06,90.63,175.0,34.0,15.24,31.72,0,0,
BANK_144,"Lee, Horton and Snyder Rural Bank",Ashanti,Medium,Conservative,6,2022,Q2,2022-Q2,182.31,30.02,70.46,91.53,6.12,4.35,131.03,38.65,16.47,9.19,8.95,69.85,6.69,10.44,5.73,34.78,4.51,6.09,,243.0,30.0,36.61,,0,0,
BANK_144,"Lee, Horton and Snyder Rural Bank",Ashanti,Medium,Conservative,7,2022,Q3,2022-Q3,179.37,29.53,68.85,63.46,4.22,5.01,139.52,38.39,16.46,8.18,15.78,45.48,6.65,2.27,1.27,7.69,10.33,7.53,89.25,112.0,7.0,15.48,13.48,0,0,
BANK_144,"Lee, Horton and Snyder Rural Bank",Ashanti,Medium,Conservative,8,2022,Q4,2022-Q4,172.24,28.35,61.62,76.24,5.26,3.48,130.65,35.77,16.46,10.29,13.72,58.35,6.9,9.53,5.53,33.62,5.91,5.83,44.97,111.0,30.0,16.0,19.35,0,0,
BANK_144,"Lee, Horton and Snyder Rural Bank",Ashanti,Medium,Conservative,9,2023,Q1,2023-Q1,179.46,29.51,67.73,97.68,7.05,3.9,131.06,37.74,16.45,15.76,7.7,74.53,7.22,5.86,3.27,19.87,5.19,7.87,44.58,51.0,5.0,41.54,13.74,0,0,
BANK_144,"Lee, Horton and Snyder Rural Bank",Ashanti,Medium,Conservative,10,2023,Q2,2023-Q2,194.28,31.67,74.97,144.71,10.17,9.83,160.21,38.59,16.3,19.8,12.93,90.32,7.03,9.15,4.71,28.88,4.63,12.05,70.19,127.0,26.0,18.9,24.31,0,0,
BANK_144,"Lee, Horton and Snyder Rural Bank",Ashanti,Medium,Conservative,11,2023,Q3,2023-Q3,185.4,30.36,70.0,119.48,8.47,7.08,135.63,37.76,16.38,15.27,17.27,88.09,7.09,8.84,4.77,29.13,11.7,9.99,30.4,169.0,26.0,52.26,10.98,0,0,
BANK_144,"Lee, Horton and Snyder Rural Bank",Ashanti,Medium,Conservative,12,2023,Q4,2023-Q4,162.57,26.96,61.26,58.9,4.31,3.18,135.36,37.68,16.58,19.11,14.97,43.52,7.31,9.38,5.77,34.78,11.43,12.55,32.79,130.0,6.0,28.93,10.24,0,0,
BANK_145,Hernandez Ltd Rural Bank,Eastern,Medium,Moderate,1,2021,Q1,2021-Q1,143.02,36.01,34.64,84.08,10.8,6.75,100.39,24.22,25.18,15.52,12.7,83.75,12.85,7.74,5.41,21.5,11.66,6.11,34.38,180.0,21.0,40.46,6.39,0,0,
BANK_145,Hernandez Ltd Rural Bank,Eastern,Medium,Moderate,2,2021,Q2,2021-Q2,136.51,34.63,32.02,60.4,8.0,5.37,114.93,23.46,25.37,15.22,10.02,52.56,13.24,8.15,5.97,23.55,3.01,10.11,91.49,189.0,5.0,51.94,,0,0,
BANK_145,Hernandez Ltd Rural Bank,Eastern,Medium,Moderate,3,2021,Q3,2021-Q3,146.71,37.02,35.33,69.21,9.5,10.25,116.48,24.08,25.23,11.0,12.28,59.42,13.73,4.22,2.88,11.4,5.13,5.83,58.81,,22.0,27.89,15.62,0,0,
BANK_145,Hernandez Ltd Rural Bank,Eastern,Medium,Moderate,4,2021,Q4,2021-Q4,143.4,36.62,36.63,59.39,8.16,4.61,107.82,25.55,25.54,24.54,13.08,55.08,13.74,1.58,1.11,4.33,2.83,9.33,,53.0,25.0,16.5,33.82,0,0,
BANK_145,Hernandez Ltd Rural Bank,Eastern,Medium,Moderate,5,2022,Q1,2022-Q1,138.74,35.64,35.02,78.68,11.13,9.79,110.31,25.24,25.69,16.0,7.37,71.33,14.15,6.15,4.44,17.27,3.03,6.0,83.09,150.0,34.0,,14.4,0,0,
BANK_145,Hernandez Ltd Rural Bank,Eastern,Medium,Moderate,6,2022,Q2,2022-Q2,137.4,34.64,35.1,61.01,8.86,7.64,106.87,25.55,25.21,18.3,19.8,57.09,14.51,6.39,4.65,18.46,3.01,,85.01,127.0,28.0,49.3,30.51,0,0,
BANK_145,Hernandez Ltd Rural Bank,Eastern,Medium,Moderate,7,2022,Q3,2022-Q3,143.53,35.85,37.99,54.32,8.0,7.26,117.18,26.47,24.98,20.74,5.5,46.36,14.73,7.85,5.47,21.88,6.21,,84.53,118.0,9.0,42.66,22.34,0,0,
BANK_145,Hernandez Ltd Rural Bank,Eastern,Medium,Moderate,8,2022,Q4,2022-Q4,146.23,36.5,37.74,44.58,6.79,5.2,109.45,25.81,24.96,21.84,9.08,40.73,15.24,7.35,5.03,20.15,6.35,5.97,57.46,,11.0,,14.92,1,0,High NPL; 
BANK_145,Hernandez Ltd Rural Bank,Eastern,Medium,Moderate,9,2023,Q1,2023-Q1,148.96,37.46,39.08,86.18,13.47,12.82,116.66,26.24,25.15,21.55,17.71,73.87,15.64,2.8,1.88,7.47,4.78,6.18,81.89,67.0,30.0,,7.39,1,0,High NPL; 
BANK_145,Hernandez Ltd Rural Bank,Eastern,Medium,Moderate,10,2023,Q2,2023-Q2,142.51,35.61,38.82,70.01,10.82,8.98,106.1,27.24,24.99,22.39,13.88,65.99,15.45,1.88,1.32,5.29,5.9,7.15,62.23,71.0,8.0,33.74,5.99,1,0,High NPL; 
BANK_145,Hernandez Ltd Rural Bank,Eastern,Medium,Moderate,11,2023,Q3,2023-Q3,137.17,34.06,38.02,44.64,7.06,7.57,109.92,27.72,24.83,18.94,12.34,40.61,15.81,4.79,3.49,14.07,4.19,6.03,50.65,57.0,34.0,55.51,8.23,1,0,High NPL; 
BANK_145,Hernandez Ltd Rural Bank,Eastern,Medium,Moderate,12,2023,Q4,2023-Q4,127.5,32.44,36.84,67.04,10.99,9.58,91.62,28.89,25.45,14.84,15.25,73.17,16.39,7.31,5.73,22.53,10.49,7.55,30.41,136.0,27.0,20.28,17.2,1,0,High NPL; 
BANK_146,Stafford Inc Rural Bank,Northern,Medium,Aggressive,1,2021,Q1,2021-Q1,78.76,12.16,11.07,28.42,6.61,5.58,60.5,14.06,15.44,21.39,5.4,46.97,23.27,1.73,2.19,14.2,2.95,3.19,81.43,185.0,7.0,45.02,32.95,1,0,Low Liquidity; High NPL; 
BANK_146,Stafford Inc Rural Bank,Northern,Medium,Aggressive,2,2021,Q2,2021-Q2,81.5,12.52,12.01,42.9,10.05,9.2,63.51,14.73,15.37,13.66,10.69,67.56,23.43,1.22,1.5,9.73,8.83,2.45,51.37,93.0,17.0,29.01,26.13,1,0,Low Liquidity; High NPL; 
BANK_146,Stafford Inc Rural Bank,Northern,Medium,Aggressive,3,2021,Q3,2021-Q3,74.43,11.25,10.8,47.81,11.76,9.0,56.88,14.51,15.12,14.47,11.84,84.06,24.59,3.99,5.36,35.48,3.02,4.71,93.78,54.0,36.0,15.83,30.23,1,0,Low Liquidity; High NPL; 
BANK_146,Stafford Inc Rural Bank,Northern,Medium,Aggressive,4,2021,Q4,2021-Q4,84.15,12.71,12.12,39.81,9.87,5.54,62.79,14.4,15.1,24.97,6.84,63.4,24.8,3.32,3.94,26.09,10.74,,79.79,57.0,21.0,29.77,8.39,1,0,Low Liquidity; High NPL; 
BANK_146,Stafford Inc Rural Bank,Northern,Medium,Aggressive,5,2022,Q1,2022-Q1,91.3,13.6,12.95,44.76,11.18,10.43,69.45,14.19,14.9,24.43,8.46,64.45,24.97,2.15,2.36,15.85,6.19,,89.78,131.0,19.0,26.36,5.04,1,0,Low Liquidity; High NPL; 
BANK_146,Stafford Inc Rural Bank,Northern,Medium,Aggressive,6,2022,Q2,2022-Q2,94.96,14.06,13.12,42.27,10.81,11.78,73.21,13.81,14.81,23.28,15.24,57.74,25.58,1.65,1.73,11.72,8.95,7.42,72.29,120.0,25.0,45.98,16.91,1,0,Low Liquidity; High NPL; 
BANK_146,Stafford Inc Rural Bank,Northern,Medium,Aggressive,7,2022,Q3,2022-Q3,99.42,14.6,13.71,69.18,17.42,16.28,72.92,13.79,14.68,13.77,17.03,94.87,25.18,4.48,4.51,30.7,6.86,5.07,52.65,67.0,11.0,43.76,19.9,1,0,Low Liquidity; High NPL; 
BANK_146,Stafford Inc Rural Bank,Northern,Medium,Aggressive,8,2022,Q4,2022-Q4,92.51,13.48,12.04,53.25,14.4,14.71,78.15,13.01,14.57,14.88,5.81,68.14,27.04,3.72,4.02,27.58,6.72,4.09,79.06,190.0,34.0,42.82,16.66,1,0,Low Liquidity; High NPL; 
BANK_146,Stafford Inc Rural Bank,Northern,Medium,Aggressive,9,2023,Q1,2023-Q1,93.01,13.75,11.55,67.49,18.65,17.81,77.81,12.42,14.79,17.47,14.25,86.74,27.63,3.94,4.23,28.64,6.33,4.71,37.65,174.0,10.0,45.2,34.01,1,0,Low Liquidity; High NPL; 
BANK_146,Stafford Inc Rural Bank,Northern,Medium,Aggressive,10,2023,Q2,2023-Q2,94.39,13.9,11.43,42.04,12.28,9.14,69.11,12.11,14.73,20.75,5.36,60.84,29.21,5.03,5.33,36.16,4.12,6.78,38.53,95.0,23.0,28.8,6.25,1,0,Low Liquidity; High NPL; 
BANK_146,Stafford Inc Rural Bank,Northern,Medium,Aggressive,11,2023,Q3,2023-Q3,100.49,14.76,11.97,66.62,19.27,12.19,81.23,11.91,14.69,8.39,7.61,82.01,28.93,1.7,1.69,11.48,4.02,3.85,,155.0,15.0,55.87,10.62,1,0,Low Liquidity; High NPL; 
BANK_146,Stafford Inc Rural Bank,Northern,Medium,Aggressive,12,2023,Q4,2023-Q4,106.29,15.65,12.85,55.8,16.33,12.15,81.59,12.09,14.72,20.1,5.71,68.4,29.26,4.01,3.78,25.65,5.47,7.36,73.43,51.0,33.0,32.87,24.36,1,0,Low Liquidity; High NPL; 
BANK_147,Robinson-Brock Rural Bank,Ashanti,Small,Conservative,1,2021,Q1,2021-Q1,22.85,6.26,7.52,13.91,0.31,0.17,19.36,32.9,27.39,15.21,14.76,71.87,2.25,0.75,3.3,12.04,8.2,1.39,55.5,89.0,10.0,55.05,32.39,0,0,
BANK_147,Robinson-Brock Rural Bank,Ashanti,Small,Conservative,2,2021,Q2,2021-Q2,23.55,6.39,7.75,16.41,0.38,0.24,19.08,32.89,27.14,22.78,9.76,86.0,2.29,1.03,4.36,16.06,7.52,,71.14,73.0,5.0,51.77,24.51,0,0,
BANK_147,Robinson-Brock Rural Bank,Ashanti,Small,Conservative,3,2021,Q3,2021-Q3,22.99,6.3,7.24,7.75,0.18,0.17,18.75,31.49,27.41,12.3,9.98,41.31,2.27,1.28,5.58,20.35,7.38,1.8,34.98,46.0,6.0,47.87,11.39,0,0,
BANK_147,Robinson-Brock Rural Bank,Ashanti,Small,Conservative,4,2021,Q4,2021-Q4,24.63,6.74,7.61,16.07,0.37,0.33,19.84,30.89,27.35,12.89,6.72,80.99,2.28,0.62,2.52,9.2,10.33,1.02,,74.0,3.0,56.96,12.82,0,0,
BANK_147,Robinson-Brock Rural Bank,Ashanti,Small,Conservative,5,2022,Q1,2022-Q1,26.43,7.14,7.84,16.5,0.37,0.25,22.14,29.64,27.01,21.92,6.17,74.52,2.26,0.48,1.83,6.79,5.47,1.59,56.3,25.0,14.0,,18.37,0,0,
BANK_147,Robinson-Brock Rural Bank,Ashanti,Small,Conservative,6,2022,Q2,2022-Q2,29.6,7.98,8.9,9.09,0.2,0.15,22.12,30.06,26.97,21.51,9.37,41.09,2.17,1.32,4.46,16.56,3.85,1.72,32.11,55.0,11.0,33.67,8.54,0,0,
BANK_147,Robinson-Brock Rural Bank,Ashanti,Small,Conservative,7,2022,Q3,2022-Q3,29.11,7.91,8.65,21.35,0.49,0.3,22.76,29.72,27.18,17.86,7.46,93.82,2.28,1.6,5.48,20.17,2.23,1.85,65.84,96.0,5.0,53.65,14.27,0,0,
BANK_147,Robinson-Brock Rural Bank,Ashanti,Small,Conservative,8,2022,Q4,2022-Q4,25.97,7.04,7.55,10.93,0.26,0.18,21.53,29.06,27.09,10.26,17.95,50.75,2.41,1.01,3.88,14.31,7.09,1.24,73.08,27.0,10.0,24.53,8.87,0,0,
BANK_147,Robinson-Brock Rural Bank,Ashanti,Small,Conservative,9,2023,Q1,2023-Q1,26.4,7.21,7.66,8.4,0.2,0.1,18.71,29.02,27.33,11.12,16.45,44.9,2.32,0.55,2.08,7.61,4.89,1.95,57.34,74.0,2.0,51.63,12.21,0,0,
BANK_147,Robinson-Brock Rural Bank,Ashanti,Small,Conservative,10,2023,Q2,2023-Q2,27.62,7.54,8.02,18.16,0.41,0.47,20.91,29.02,27.31,8.51,11.15,86.89,2.28,1.31,4.74,17.37,11.06,1.89,78.35,87.0,10.0,,6.88,0,0,
BANK_147,Robinson-Brock Rural Bank,Ashanti,Small,Conservative,11,2023,Q3,2023-Q3,28.33,7.74,8.28,14.93,0.35,0.2,21.55,29.22,27.33,24.31,12.67,69.29,2.33,1.65,5.83,21.32,11.3,1.51,54.89,76.0,6.0,18.08,32.04,0,0,
BANK_147,Robinson-Brock Rural Bank,Ashanti,Small,Conservative,12,2023,Q4,2023-Q4,26.91,7.4,7.8,17.78,0.41,0.39,22.28,28.98,27.48,13.05,5.28,79.79,2.32,0.47,1.73,6.29,7.1,1.46,63.59,85.0,8.0,55.52,30.25,0,0,
BANK_148,"Holmes, Williams and Wright Rural Bank",Central,Large,Conservative,1,2021,Q1,2021-Q1,590.67,54.64,120.31,401.16,16.89,11.76,446.7,20.37,9.25,16.15,17.97,89.81,4.21,9.57,1.62,17.51,3.83,31.92,86.36,437.0,72.0,36.72,21.56,1,0,Low Capital; 
BANK_148,"Holmes, Williams and Wright Rural Bank",Central,Large,Conservative,2,2021,Q2,2021-Q2,618.45,57.72,124.22,321.33,13.5,10.54,519.11,20.09,9.33,23.98,7.74,61.9,4.2,9.58,1.55,16.6,8.73,22.64,64.09,314.0,12.0,57.94,29.2,1,0,Low Capital; 
BANK_148,"Holmes, Williams and Wright Rural Bank",Central,Large,Conservative,3,2021,Q3,2021-Q3,600.85,55.84,112.38,385.77,16.35,8.55,432.55,18.7,9.29,12.56,10.18,89.19,4.24,23.91,3.98,42.82,5.24,,90.89,276.0,44.0,43.39,24.94,1,0,Low Capital; 
BANK_148,"Holmes, Williams and Wright Rural Bank",Central,Large,Conservative,4,2021,Q4,2021-Q4,583.95,54.5,109.43,314.66,13.75,9.62,423.17,18.74,9.33,22.92,13.76,74.36,4.37,8.44,1.44,15.48,10.0,36.21,67.9,192.0,33.0,55.96,18.97,1,0,Low Capital; 
BANK_148,"Holmes, Williams and Wright Rural Bank",Central,Large,Conservative,5,2022,Q1,2022-Q1,631.46,59.0,121.82,323.11,13.92,12.73,526.62,19.29,9.34,24.38,12.0,61.35,4.31,7.57,1.2,12.83,2.4,35.25,48.93,,57.0,18.11,31.47,1,0,Low Capital; 
BANK_148,"Holmes, Williams and Wright Rural Bank",Central,Large,Conservative,6,2022,Q2,2022-Q2,707.56,65.12,142.9,442.51,18.03,12.79,513.4,20.2,9.2,11.22,10.06,86.19,4.08,26.77,3.78,41.1,7.64,46.62,87.53,323.0,19.0,,16.22,1,0,Low Capital; 
BANK_148,"Holmes, Williams and Wright Rural Bank",Central,Large,Conservative,7,2022,Q3,2022-Q3,760.84,69.96,153.25,281.26,11.26,11.25,583.16,20.14,9.19,18.69,13.32,48.23,4.0,25.98,3.41,37.13,6.23,35.08,35.72,219.0,64.0,50.27,34.17,1,0,Low Capital; 
BANK_148,"Holmes, Williams and Wright Rural Bank",Central,Large,Conservative,8,2022,Q4,2022-Q4,759.26,71.17,149.99,266.19,11.35,8.94,601.87,19.76,9.37,24.75,9.44,44.23,4.26,23.38,3.08,32.85,5.33,55.84,55.71,448.0,11.0,46.17,7.16,1,0,Low Capital; 
BANK_148,"Holmes, Williams and Wright Rural Bank",Central,Large,Conservative,9,2023,Q1,2023-Q1,826.33,76.81,160.69,349.56,14.97,16.03,677.78,19.45,9.3,24.99,9.35,51.57,4.28,18.63,2.25,24.25,7.57,30.33,51.5,117.0,23.0,37.79,9.91,1,0,Low Capital; 
BANK_148,"Holmes, Williams and Wright Rural Bank",Central,Large,Conservative,10,2023,Q2,2023-Q2,858.56,80.34,167.21,641.22,26.46,18.11,726.85,19.48,9.36,9.49,5.42,88.22,4.13,29.47,3.43,36.68,2.5,47.39,46.42,290.0,37.0,28.73,18.46,1,0,Low Capital; 
BANK_148,"Holmes, Williams and Wright Rural Bank",Central,Large,Conservative,11,2023,Q3,2023-Q3,914.42,85.51,177.69,487.78,20.36,12.37,764.26,19.43,9.35,9.39,14.99,63.82,4.17,23.86,2.61,27.91,6.36,50.49,85.34,107.0,37.0,33.49,33.42,1,0,Low Capital; 
BANK_148,"Holmes, Williams and Wright Rural Bank",Central,Large,Conservative,12,2023,Q4,2023-Q4,912.99,85.08,183.6,475.19,19.57,11.54,692.62,20.11,9.32,14.58,7.13,68.61,4.12,49.2,5.39,57.83,6.06,65.44,54.15,212.0,60.0,24.42,11.95,1,0,Low Capital; 
BANK_149,Bryant Group Rural Bank,Greater Accra,Medium,Conservative,1,2021,Q1,2021-Q1,57.47,6.97,14.22,27.18,1.04,0.94,43.86,24.74,12.13,18.44,10.68,61.98,3.84,1.54,2.67,22.02,9.34,3.33,66.03,187.0,15.0,34.32,22.49,0,0,
BANK_149,Bryant Group Rural Bank,Greater Accra,Medium,Conservative,2,2021,Q2,2021-Q2,53.31,6.33,13.01,23.94,0.95,0.48,42.9,24.41,11.88,23.73,9.09,55.81,3.98,0.68,1.28,10.81,3.71,1.68,63.77,238.0,32.0,43.79,10.56,1,0,Low Capital; 
BANK_149,Bryant Group Rural Bank,Greater Accra,Medium,Conservative,3,2021,Q3,2021-Q3,54.24,6.48,13.27,38.01,1.52,1.81,45.1,24.47,11.94,9.29,9.0,84.28,3.99,2.33,4.29,35.96,3.11,4.08,52.75,152.0,10.0,39.6,33.17,1,0,Low Capital; 
BANK_149,Bryant Group Rural Bank,Greater Accra,Medium,Conservative,4,2021,Q4,2021-Q4,49.68,5.89,11.47,34.58,1.38,1.32,40.28,23.09,11.85,11.3,12.22,85.86,3.98,0.77,1.56,13.16,4.43,1.8,52.88,237.0,8.0,51.82,21.04,1,0,Low Capital; 
BANK_149,Bryant Group Rural Bank,Greater Accra,Medium,Conservative,5,2022,Q1,2022-Q1,48.09,5.72,11.17,18.84,0.76,0.59,38.48,23.22,11.9,15.85,7.27,48.95,4.02,1.6,3.32,27.92,4.7,2.23,85.04,118.0,33.0,28.74,15.2,1,0,Low Capital; 
BANK_149,Bryant Group Rural Bank,Greater Accra,Medium,Conservative,6,2022,Q2,2022-Q2,46.85,5.58,10.79,31.93,1.32,1.06,37.51,23.04,11.92,8.09,18.83,85.12,4.13,0.83,1.77,14.83,6.34,2.97,40.57,139.0,5.0,36.49,31.88,1,0,Low Capital; 
BANK_149,Bryant Group Rural Bank,Greater Accra,Medium,Conservative,7,2022,Q3,2022-Q3,44.55,5.42,10.3,16.21,0.67,0.52,31.69,23.11,12.17,20.75,7.43,51.13,4.14,2.03,4.55,37.43,7.78,2.61,35.87,,22.0,30.66,5.57,0,0,
BANK_149,Bryant Group Rural Bank,Greater Accra,Medium,Conservative,8,2022,Q4,2022-Q4,41.83,5.15,9.12,14.98,0.64,0.64,32.99,21.8,12.31,13.58,9.89,45.4,4.28,0.79,1.88,15.27,6.82,2.99,85.23,219.0,18.0,50.59,30.51,0,0,
BANK_149,Bryant Group Rural Bank,Greater Accra,Medium,Conservative,9,2023,Q1,2023-Q1,38.84,4.76,8.48,29.48,1.22,1.45,32.85,21.83,12.26,22.92,15.53,89.75,4.12,1.72,4.43,36.14,10.95,2.49,58.63,239.0,36.0,29.14,15.63,0,0,
BANK_149,Bryant Group Rural Bank,Greater Accra,Medium,Conservative,10,2023,Q2,2023-Q2,41.08,5.02,9.03,29.75,1.26,0.83,31.62,21.98,12.21,18.55,16.87,94.07,4.24,1.54,3.76,30.78,9.43,2.66,82.83,112.0,12.0,51.23,15.82,0,0,
BANK_149,Bryant Group Rural Bank,Greater Accra,Medium,Conservative,11,2023,Q3,2023-Q3,41.41,4.99,9.32,27.59,1.2,0.91,33.43,22.5,12.06,13.02,6.0,82.52,4.33,2.16,5.22,43.27,6.22,1.65,78.69,,11.0,16.22,34.12,0,0,
BANK_149,Bryant Group Rural Bank,Greater Accra,Medium,Conservative,12,2023,Q4,2023-Q4,40.84,4.92,9.19,28.27,1.21,0.81,31.82,22.51,12.05,18.82,16.37,88.82,4.28,1.44,3.52,29.19,5.56,2.55,67.99,231.0,24.0,37.85,29.71,0,0,
BANK_150,"Schmidt, Hansen and Stewart Rural Bank",Eastern,Medium,Moderate,1,2021,Q1,2021-Q1,80.36,10.74,24.96,39.36,5.37,4.98,61.19,31.06,13.36,21.77,16.75,64.33,13.64,1.32,1.64,12.3,8.54,6.24,61.2,196.0,23.0,24.22,10.86,0,0,
BANK_150,"Schmidt, Hansen and Stewart Rural Bank",Eastern,Medium,Moderate,2,2021,Q2,2021-Q2,76.76,9.97,21.93,50.78,7.1,8.34,54.88,28.58,12.99,16.57,12.55,92.53,13.99,3.73,4.87,37.44,9.49,4.48,38.5,93.0,,16.74,16.38,0,0,
BANK_150,"Schmidt, Hansen and Stewart Rural Bank",Eastern,Medium,Moderate,3,2021,Q3,2021-Q3,71.39,9.3,20.23,40.85,5.79,5.39,51.78,28.34,13.03,10.09,7.63,78.88,14.17,2.49,3.48,26.74,8.69,,62.31,141.0,34.0,59.81,24.63,0,0,
BANK_150,"Schmidt, Hansen and Stewart Rural Bank",Eastern,Medium,Moderate,4,2021,Q4,2021-Q4,76.82,10.1,22.48,38.8,5.44,6.49,60.78,29.27,13.15,21.47,18.14,63.83,14.02,3.8,4.95,37.62,5.86,3.29,68.89,225.0,28.0,36.25,27.6,0,0,
BANK_150,"Schmidt, Hansen and Stewart Rural Bank",Eastern,Medium,Moderate,5,2022,Q1,2022-Q1,80.05,10.55,23.35,28.72,4.07,2.06,61.68,29.17,13.18,23.87,8.95,46.56,14.19,4.58,5.72,43.36,2.51,5.96,60.6,203.0,,57.98,23.23,0,0,
BANK_150,"Schmidt, Hansen and Stewart Rural Bank",Eastern,Medium,Moderate,6,2022,Q2,2022-Q2,84.46,11.21,24.73,30.37,4.38,2.54,61.38,29.28,13.27,24.97,13.05,49.49,14.43,4.45,5.27,39.69,5.93,3.6,,74.0,16.0,18.78,33.6,0,0,
BANK_150,"Schmidt, Hansen and Stewart Rural Bank",Eastern,Medium,Moderate,7,2022,Q3,2022-Q3,79.18,10.62,23.84,36.41,5.3,5.34,56.51,30.11,13.42,11.97,9.13,64.43,14.55,2.74,3.46,25.76,4.11,5.61,80.39,79.0,7.0,52.09,8.29,0,0,
BANK_150,"Schmidt, Hansen and Stewart Rural Bank",Eastern,Medium,Moderate,8,2022,Q4,2022-Q4,82.85,11.38,24.62,46.59,6.71,7.29,64.24,29.72,13.74,9.43,8.04,72.52,14.39,2.68,3.24,23.56,4.6,6.0,44.63,203.0,24.0,54.37,,0,0,
BANK_150,"Schmidt, Hansen and Stewart Rural Bank",Eastern,Medium,Moderate,9,2023,Q1,2023-Q1,90.01,12.4,26.71,55.04,8.19,8.96,63.67,29.68,13.78,22.18,13.44,86.45,14.87,3.56,3.95,28.69,11.94,3.52,41.34,56.0,37.0,30.66,27.86,0,0,
BANK_150,"Schmidt, Hansen and Stewart Rural Bank",Eastern,Medium,Moderate,10,2023,Q2,2023-Q2,93.21,12.8,27.78,46.93,6.8,5.98,68.15,29.8,13.73,9.65,14.36,68.86,14.48,3.79,4.06,29.57,3.55,5.35,38.39,130.0,16.0,49.04,24.23,0,0,
BANK_150,"Schmidt, Hansen and Stewart Rural Bank",Eastern,Medium,Moderate,11,2023,Q3,2023-Q3,97.63,13.51,27.76,60.39,8.68,7.83,77.38,28.44,13.83,20.24,14.37,78.04,14.38,2.92,3.0,21.65,3.43,5.17,92.61,92.0,26.0,59.21,16.29,0,0,
BANK_150,"Schmidt, Hansen and Stewart Rural Bank",Eastern,Medium,Moderate,12,2023,Q4,2023-Q4,94.2,12.99,26.49,47.79,7.02,4.4,79.49,28.12,13.79,24.49,7.68,60.12,14.69,2.29,2.43,17.65,8.33,3.15,49.48,92.0,5.0,22.05,22.79,0,0,
BANK_151,Salazar-Ball Rural Bank,Eastern,Large,Moderate,1,2021,Q1,2021-Q1,433.95,103.7,91.89,302.43,38.83,31.59,360.2,21.17,23.9,16.54,15.07,83.96,12.84,16.16,3.72,15.58,5.13,24.74,36.88,192.0,58.0,23.23,9.17,0,0,
BANK_151,Salazar-Ball Rural Bank,Eastern,Large,Moderate,2,2021,Q2,2021-Q2,410.94,96.81,84.58,179.56,23.28,18.19,296.28,20.58,23.56,13.71,9.93,60.6,12.97,20.35,4.95,21.02,7.26,24.16,66.44,259.0,73.0,16.68,11.48,0,0,
BANK_151,Salazar-Ball Rural Bank,Eastern,Large,Moderate,3,2021,Q3,2021-Q3,416.49,97.77,85.2,274.83,36.88,37.93,317.59,20.46,23.48,12.72,18.78,86.54,13.42,19.15,4.6,19.58,4.95,14.82,76.62,171.0,17.0,39.83,23.62,0,0,
BANK_151,Salazar-Ball Rural Bank,Eastern,Large,Moderate,4,2021,Q4,2021-Q4,451.61,106.15,95.15,163.47,22.23,20.56,342.78,21.07,23.5,8.58,12.68,47.69,13.6,7.11,1.57,6.7,5.72,29.48,67.98,117.0,61.0,42.23,31.61,0,0,
BANK_151,Salazar-Ball Rural Bank,Eastern,Large,Moderate,5,2022,Q1,2022-Q1,450.83,103.12,97.75,292.18,39.29,37.14,366.44,21.68,22.87,13.75,11.08,79.73,13.45,23.06,5.12,22.36,2.55,14.38,36.61,180.0,12.0,18.22,14.18,0,0,
BANK_151,Salazar-Ball Rural Bank,Eastern,Large,Moderate,6,2022,Q2,2022-Q2,462.23,106.11,103.51,165.96,21.48,15.2,362.33,22.39,22.96,17.04,6.07,45.8,12.94,11.2,2.42,10.55,11.34,22.71,44.29,158.0,51.0,29.7,10.66,0,0,
BANK_151,Salazar-Ball Rural Bank,Eastern,Large,Moderate,7,2022,Q3,2022-Q3,447.29,101.56,94.18,179.71,23.38,22.4,362.27,21.06,22.71,17.24,14.39,49.61,13.01,19.04,4.26,18.74,5.23,34.97,59.83,228.0,29.0,16.92,25.54,0,0,
BANK_151,Salazar-Ball Rural Bank,Eastern,Large,Moderate,8,2022,Q4,2022-Q4,433.54,97.02,92.35,275.56,37.25,40.67,313.65,21.3,22.38,17.08,16.03,87.86,13.52,16.21,3.74,16.71,7.63,34.6,,422.0,27.0,31.26,7.42,0,0,
BANK_151,Salazar-Ball Rural Bank,Eastern,Large,Moderate,9,2023,Q1,2023-Q1,476.8,105.64,97.88,356.56,46.99,37.71,392.96,20.53,22.16,14.82,6.81,90.74,13.18,10.63,2.23,10.06,11.91,33.63,47.42,492.0,11.0,34.71,22.08,0,0,
BANK_151,Salazar-Ball Rural Bank,Eastern,Large,Moderate,10,2023,Q2,2023-Q2,518.21,113.73,108.78,302.22,37.89,40.9,406.49,20.99,21.95,17.19,19.1,74.35,12.54,10.58,2.04,9.3,3.37,41.08,31.14,473.0,24.0,44.59,14.05,0,0,
BANK_151,Salazar-Ball Rural Bank,Eastern,Large,Moderate,11,2023,Q3,2023-Q3,522.67,116.02,110.48,214.42,27.42,29.63,390.98,21.14,22.2,8.89,7.12,54.84,12.79,20.21,3.87,17.42,11.99,36.2,37.85,371.0,58.0,38.14,7.36,0,0,
BANK_151,Salazar-Ball Rural Bank,Eastern,Large,Moderate,12,2023,Q4,2023-Q4,504.51,110.43,104.3,332.25,43.36,24.18,426.45,20.67,21.89,8.0,16.93,77.91,13.05,7.95,1.58,7.2,8.17,32.19,,118.0,51.0,,,0,0,
BANK_152,"Simmons, Meadows and Griffin Rural Bank",Western,Medium,Moderate,1,2021,Q1,2021-Q1,126.89,19.65,19.59,68.83,9.44,8.42,91.87,15.44,15.49,18.68,11.97,74.93,13.72,4.2,3.31,21.37,9.02,8.78,,249.0,22.0,40.27,5.67,0,0,
BANK_152,"Simmons, Meadows and Griffin Rural Bank",Western,Medium,Moderate,2,2021,Q2,2021-Q2,124.7,19.37,18.97,42.88,5.88,4.69,89.86,15.21,15.53,15.9,9.29,47.72,13.72,3.9,3.13,20.13,7.24,9.1,71.07,53.0,10.0,30.7,33.47,0,0,
BANK_152,"Simmons, Meadows and Griffin Rural Bank",Western,Medium,Moderate,3,2021,Q3,2021-Q3,125.14,19.35,17.8,61.17,8.41,9.53,102.05,14.22,15.46,9.12,5.5,59.94,13.74,4.54,3.62,23.44,5.66,9.78,81.59,74.0,35.0,24.5,7.54,1,0,Low Liquidity; 
BANK_152,"Simmons, Meadows and Griffin Rural Bank",Western,Medium,Moderate,4,2021,Q4,2021-Q4,138.78,21.52,20.13,74.51,10.07,10.82,107.41,14.5,15.51,20.75,15.74,69.37,13.52,8.16,5.88,37.94,3.33,9.13,93.64,142.0,28.0,58.89,21.42,1,0,Low Liquidity; 
BANK_152,"Simmons, Meadows and Griffin Rural Bank",Western,Medium,Moderate,5,2022,Q1,2022-Q1,131.3,20.39,19.62,73.19,9.9,9.44,92.68,14.94,15.53,12.31,6.97,78.97,13.53,2.39,1.82,11.74,4.44,5.46,86.19,207.0,32.0,48.07,24.31,1,0,Low Liquidity; 
BANK_152,"Simmons, Meadows and Griffin Rural Bank",Western,Medium,Moderate,6,2022,Q2,2022-Q2,133.9,20.84,19.68,49.41,6.43,4.54,103.99,14.69,15.56,8.91,15.58,47.51,13.02,4.39,3.28,21.09,3.82,,54.98,122.0,33.0,40.41,30.64,1,0,Low Liquidity; 
BANK_152,"Simmons, Meadows and Griffin Rural Bank",Western,Medium,Moderate,7,2022,Q3,2022-Q3,132.34,20.39,20.13,46.09,6.22,4.13,95.18,15.21,15.41,11.86,13.33,48.42,13.49,6.2,4.68,30.4,3.17,10.08,91.34,224.0,11.0,15.76,33.1,0,0,
BANK_152,"Simmons, Meadows and Griffin Rural Bank",Western,Medium,Moderate,8,2022,Q4,2022-Q4,114.56,17.47,17.01,49.61,7.03,6.84,92.82,14.85,15.24,12.89,8.93,53.45,14.18,4.4,3.84,25.2,4.37,4.08,37.82,170.0,6.0,58.8,34.86,1,0,Low Liquidity; 
BANK_152,"Simmons, Meadows and Griffin Rural Bank",Western,Medium,Moderate,9,2023,Q1,2023-Q1,112.45,16.94,16.47,86.74,12.44,8.74,93.75,14.64,15.07,15.43,16.52,92.53,14.35,3.13,2.78,18.46,9.74,4.82,85.81,95.0,16.0,35.15,13.74,1,0,Low Liquidity; 
BANK_152,"Simmons, Meadows and Griffin Rural Bank",Western,Medium,Moderate,10,2023,Q2,2023-Q2,125.69,19.21,20.83,96.89,13.51,8.8,104.19,16.57,15.29,18.07,18.31,93.0,13.94,6.85,5.45,35.65,2.81,8.5,86.52,247.0,15.0,31.0,11.89,0,0,
BANK_152,"Simmons, Meadows and Griffin Rural Bank",Western,Medium,Moderate,11,2023,Q3,2023-Q3,123.17,18.9,19.05,52.39,7.63,8.88,93.15,15.47,15.34,12.2,9.02,56.24,14.56,5.99,4.86,31.67,8.76,4.41,82.67,68.0,29.0,47.21,25.68,0,0,
BANK_152,"Simmons, Meadows and Griffin Rural Bank",Western,Medium,Moderate,12,2023,Q4,2023-Q4,124.4,18.77,19.57,76.64,11.17,6.78,102.09,15.73,15.09,18.74,16.42,75.07,14.58,5.97,4.8,31.82,3.42,4.82,30.78,156.0,,37.5,14.48,0,0,
BANK_153,Manning Group Rural Bank,Northern,Medium,Conservative,1,2021,Q1,2021-Q1,114.17,28.38,49.46,46.66,3.24,2.39,91.34,43.32,24.86,8.98,7.73,51.09,6.94,1.74,1.53,6.14,6.6,7.56,54.1,160.0,5.0,35.78,12.28,0,0,
BANK_153,Manning Group Rural Bank,Northern,Medium,Conservative,2,2021,Q2,2021-Q2,133.56,33.8,58.03,73.73,5.15,5.43,105.8,43.45,25.3,20.85,16.3,69.69,6.98,5.45,4.08,16.14,7.28,6.31,80.96,87.0,6.0,46.42,9.35,0,0,
BANK_153,Manning Group Rural Bank,Northern,Medium,Conservative,3,2021,Q3,2021-Q3,120.46,30.56,50.02,54.89,3.95,4.59,95.85,41.52,25.37,10.75,14.03,57.27,7.2,6.01,4.99,19.65,10.0,9.35,65.71,156.0,34.0,51.05,27.91,0,0,
BANK_153,Manning Group Rural Bank,Northern,Medium,Conservative,4,2021,Q4,2021-Q4,129.39,33.31,52.15,52.46,3.81,3.38,103.05,40.3,25.75,15.46,5.62,50.9,7.26,2.62,2.03,7.87,9.19,9.76,80.05,74.0,22.0,52.59,22.73,0,0,
BANK_153,Manning Group Rural Bank,Northern,Medium,Conservative,5,2022,Q1,2022-Q1,121.13,31.04,52.67,47.11,3.45,3.5,88.35,43.49,25.63,13.23,9.96,53.32,7.33,3.95,3.26,12.73,8.8,9.47,52.68,109.0,19.0,47.57,33.85,0,0,
BANK_153,Manning Group Rural Bank,Northern,Medium,Conservative,6,2022,Q2,2022-Q2,132.17,33.93,56.81,46.51,3.37,4.04,110.24,42.98,25.67,13.91,11.97,42.19,7.25,2.17,1.64,6.39,5.12,7.36,35.72,120.0,26.0,56.22,16.92,0,0,
BANK_153,Manning Group Rural Bank,Northern,Medium,Conservative,7,2022,Q3,2022-Q3,149.93,38.85,67.28,70.79,5.04,2.54,120.34,44.87,25.91,8.12,6.06,58.82,7.11,5.43,3.62,13.99,7.51,8.66,76.91,234.0,37.0,46.55,20.42,0,0,
BANK_153,Manning Group Rural Bank,Northern,Medium,Conservative,8,2022,Q4,2022-Q4,136.48,35.01,60.79,93.22,7.05,4.8,98.14,44.54,25.65,8.06,13.59,94.99,7.56,3.11,2.28,8.89,9.9,4.83,49.25,162.0,23.0,39.43,34.43,0,0,
BANK_153,Manning Group Rural Bank,Northern,Medium,Conservative,9,2023,Q1,2023-Q1,131.55,33.64,59.72,57.51,4.59,2.58,102.45,45.4,25.57,21.64,12.57,56.13,7.99,7.53,5.73,22.39,3.24,6.69,63.26,,21.0,24.31,33.06,0,0,
BANK_153,Manning Group Rural Bank,Northern,Medium,Conservative,10,2023,Q2,2023-Q2,138.54,35.42,65.36,49.93,3.97,4.02,106.19,47.18,25.57,15.2,5.7,47.02,7.95,1.54,1.11,4.34,8.48,8.55,34.64,84.0,20.0,35.1,27.57,0,0,
BANK_153,Manning Group Rural Bank,Northern,Medium,Conservative,11,2023,Q3,2023-Q3,154.62,39.1,75.7,92.12,7.38,8.0,122.06,48.96,25.29,18.82,15.57,75.48,8.01,2.66,1.72,6.8,5.09,7.19,,188.0,24.0,41.54,19.36,0,0,
BANK_153,Manning Group Rural Bank,Northern,Medium,Conservative,12,2023,Q4,2023-Q4,155.3,39.28,74.28,89.07,7.14,4.84,114.8,47.83,25.29,8.5,6.44,77.58,8.02,4.69,3.02,11.95,2.27,4.66,81.51,,23.0,28.4,32.9,0,0,
BANK_154,Green-Wright Rural Bank,Bono,Medium,Moderate,1,2021,Q1,2021-Q1,159.38,25.69,53.22,61.75,5.21,3.45,129.79,33.39,16.12,14.63,8.16,47.58,8.44,5.9,3.7,22.97,10.58,11.42,71.47,227.0,35.0,57.08,15.47,0,0,
BANK_154,Green-Wright Rural Bank,Bono,Medium,Moderate,2,2021,Q2,2021-Q2,151.73,24.32,50.6,53.38,4.52,4.35,114.29,33.35,16.03,12.23,17.55,46.7,8.47,7.03,4.64,28.92,5.82,6.92,92.15,167.0,13.0,59.25,16.63,0,0,
BANK_154,Green-Wright Rural Bank,Bono,Medium,Moderate,3,2021,Q3,2021-Q3,163.56,26.45,53.85,83.63,6.87,6.07,120.37,32.92,16.17,19.39,11.33,69.48,8.22,6.62,4.04,25.01,9.77,5.25,35.11,91.0,37.0,51.01,,0,0,
BANK_154,Green-Wright Rural Bank,Bono,Medium,Moderate,4,2021,Q4,2021-Q4,168.82,26.85,53.73,97.24,8.35,8.78,136.34,31.83,15.91,12.91,13.32,71.32,8.59,9.65,5.71,35.93,7.18,11.25,77.38,,15.0,45.01,7.62,0,0,
BANK_154,Green-Wright Rural Bank,Bono,Medium,Moderate,5,2022,Q1,2022-Q1,169.59,26.87,53.67,65.19,5.65,3.93,121.12,31.65,15.84,19.82,17.07,53.82,8.67,4.95,2.92,18.42,4.62,6.31,93.19,154.0,8.0,23.95,17.22,0,0,
BANK_154,Green-Wright Rural Bank,Bono,Medium,Moderate,6,2022,Q2,2022-Q2,163.23,25.9,51.65,103.45,8.85,5.5,124.49,31.64,15.87,20.37,9.17,83.1,8.56,5.46,3.34,21.06,6.82,9.78,81.25,81.0,10.0,20.46,33.1,0,0,
BANK_154,Green-Wright Rural Bank,Bono,Medium,Moderate,7,2022,Q3,2022-Q3,160.4,25.5,51.2,90.28,7.81,4.22,112.98,31.92,15.9,11.17,8.31,79.91,8.66,1.54,0.96,6.03,3.09,9.76,32.91,135.0,21.0,55.8,19.23,0,0,
BANK_154,Green-Wright Rural Bank,Bono,Medium,Moderate,8,2022,Q4,2022-Q4,148.08,23.37,45.9,50.23,4.55,2.6,108.8,31.0,15.78,8.57,15.08,46.17,9.06,2.53,1.71,10.84,8.94,11.8,68.39,74.0,10.0,39.2,26.47,0,0,
BANK_154,Green-Wright Rural Bank,Bono,Medium,Moderate,9,2023,Q1,2023-Q1,155.9,25.05,49.27,57.6,5.22,3.83,113.18,31.6,16.07,17.33,19.79,50.89,9.07,4.49,2.88,17.92,4.88,11.83,38.4,130.0,5.0,51.34,10.05,0,0,
BANK_154,Green-Wright Rural Bank,Bono,Medium,Moderate,10,2023,Q2,2023-Q2,152.69,24.64,46.26,90.53,8.49,5.36,113.09,30.3,16.14,24.18,11.25,80.05,9.38,2.94,1.92,11.92,9.5,10.71,54.33,81.0,,59.35,26.76,0,0,
BANK_154,Green-Wright Rural Bank,Bono,Medium,Moderate,11,2023,Q3,2023-Q3,143.99,23.16,43.13,93.37,8.83,5.36,121.46,29.96,16.09,21.47,5.28,76.88,9.46,4.03,2.8,17.38,9.12,10.99,70.31,234.0,12.0,59.02,31.19,0,0,
BANK_154,Green-Wright Rural Bank,Bono,Medium,Moderate,12,2023,Q4,2023-Q4,149.74,23.87,47.02,50.95,4.7,3.17,115.01,31.4,15.94,17.79,18.91,44.3,9.23,5.41,3.62,22.68,10.74,9.55,57.42,180.0,29.0,57.18,26.13,0,0,
BANK_155,"Ramirez, Strickland and Washington Rural Bank",Western,Small,Aggressive,1,2021,Q1,2021-Q1,29.47,4.78,2.08,17.53,3.49,3.06,20.97,7.07,16.21,17.6,18.37,83.59,19.89,0.57,1.93,11.88,9.08,1.29,39.77,26.0,8.0,23.98,30.65,1,0,Low Liquidity; High NPL; 
BANK_155,"Ramirez, Strickland and Washington Rural Bank",Western,Small,Aggressive,2,2021,Q2,2021-Q2,31.31,5.08,2.31,11.34,2.22,1.13,24.85,7.38,16.22,14.92,8.07,45.63,19.62,0.65,2.07,12.75,5.47,1.73,75.65,97.0,3.0,45.6,12.0,1,0,Low Liquidity; High NPL; 
BANK_155,"Ramirez, Strickland and Washington Rural Bank",Western,Small,Aggressive,3,2021,Q3,2021-Q3,32.02,5.13,2.3,24.48,4.85,5.01,26.1,7.2,16.02,16.96,16.64,93.78,19.81,0.78,2.43,15.19,6.72,2.43,79.11,56.0,14.0,50.77,5.18,1,0,Low Liquidity; High NPL; 
BANK_155,"Ramirez, Strickland and Washington Rural Bank",Western,Small,Aggressive,4,2021,Q4,2021-Q4,33.03,5.24,2.33,23.34,4.71,4.12,27.56,7.04,15.86,14.66,10.25,84.69,20.17,1.59,4.82,30.41,7.65,2.04,34.05,66.0,5.0,37.2,11.66,1,0,Low Liquidity; High NPL; 
BANK_155,"Ramirez, Strickland and Washington Rural Bank",Western,Small,Aggressive,5,2022,Q1,2022-Q1,32.31,5.14,2.24,13.39,2.71,2.82,26.58,6.93,15.91,11.93,6.84,50.36,20.22,0.6,1.86,11.68,4.89,2.1,46.56,60.0,3.0,35.75,23.74,1,0,Low Liquidity; High NPL; 
BANK_155,"Ramirez, Strickland and Washington Rural Bank",Western,Small,Aggressive,6,2022,Q2,2022-Q2,34.47,5.54,2.42,16.26,3.23,3.34,28.58,7.02,16.08,11.34,15.15,56.87,19.84,0.52,1.51,9.41,9.8,1.71,91.71,95.0,11.0,37.53,10.85,1,0,Low Liquidity; High NPL; 
BANK_155,"Ramirez, Strickland and Washington Rural Bank",Western,Small,Aggressive,7,2022,Q3,2022-Q3,32.22,5.13,2.25,12.49,2.47,2.5,26.86,6.98,15.91,9.71,19.38,46.5,19.82,0.68,2.11,13.26,10.0,1.22,51.16,48.0,9.0,50.55,11.92,1,0,Low Liquidity; High NPL; 
BANK_155,"Ramirez, Strickland and Washington Rural Bank",Western,Small,Aggressive,8,2022,Q4,2022-Q4,28.97,4.58,1.97,14.12,3.01,2.23,20.34,6.82,15.8,23.25,10.72,69.43,21.34,1.6,5.51,34.84,3.42,1.58,31.67,42.0,12.0,58.88,32.4,1,0,Low Liquidity; High NPL; 
BANK_155,"Ramirez, Strickland and Washington Rural Bank",Western,Small,Aggressive,9,2023,Q1,2023-Q1,29.1,4.61,2.04,14.23,3.01,2.55,21.29,7.01,15.83,10.23,18.72,66.85,21.14,1.7,5.83,36.8,3.3,1.52,58.82,20.0,10.0,39.22,19.92,1,0,Low Liquidity; High NPL; 
BANK_155,"Ramirez, Strickland and Washington Rural Bank",Western,Small,Aggressive,10,2023,Q2,2023-Q2,32.42,5.17,2.32,23.39,4.57,3.81,26.71,7.17,15.94,12.42,17.92,87.56,19.54,0.3,0.92,5.77,4.79,1.73,37.33,95.0,10.0,21.14,29.36,1,0,Low Liquidity; High NPL; 
BANK_155,"Ramirez, Strickland and Washington Rural Bank",Western,Small,Aggressive,11,2023,Q3,2023-Q3,32.26,5.15,2.26,15.36,3.07,3.08,26.61,7.0,15.98,19.07,7.15,57.74,20.01,1.0,3.1,19.41,5.67,1.11,53.23,68.0,13.0,52.49,5.97,1,0,Low Liquidity; High NPL; 
BANK_155,"Ramirez, Strickland and Washington Rural Bank",Western,Small,Aggressive,12,2023,Q4,2023-Q4,30.18,4.89,2.02,18.68,3.9,3.68,24.8,6.7,16.21,16.79,10.46,75.35,20.86,1.2,3.98,24.57,2.18,0.91,65.78,61.0,2.0,37.14,27.73,1,0,Low Liquidity; High NPL; 
BANK_156,Hill Inc Rural Bank,Western,Medium,Aggressive,1,2021,Q1,2021-Q1,131.18,25.43,22.09,49.86,5.24,4.54,100.83,16.84,19.39,10.07,15.77,49.45,10.52,1.82,1.39,7.16,3.67,7.78,42.33,105.0,27.0,,16.93,0,0,
BANK_156,Hill Inc Rural Bank,Western,Medium,Aggressive,2,2021,Q2,2021-Q2,137.91,26.34,23.34,96.55,10.4,5.59,107.86,16.93,19.1,18.68,14.99,89.51,10.77,4.17,3.03,15.84,11.1,10.76,41.07,106.0,13.0,19.53,19.49,0,0,
BANK_156,Hill Inc Rural Bank,Western,Medium,Aggressive,3,2021,Q3,2021-Q3,155.66,29.88,26.81,53.67,5.88,3.38,123.49,17.22,19.19,9.46,14.94,43.46,10.95,3.75,2.41,12.55,9.53,6.7,82.93,213.0,19.0,28.54,22.93,0,0,
BANK_156,Hill Inc Rural Bank,Western,Medium,Aggressive,4,2021,Q4,2021-Q4,160.56,30.94,26.39,82.53,9.37,5.08,121.67,16.43,19.27,10.98,10.97,67.83,11.35,3.32,2.07,10.74,6.08,7.8,76.94,101.0,6.0,17.49,5.34,0,0,
BANK_156,Hill Inc Rural Bank,Western,Medium,Aggressive,5,2022,Q1,2022-Q1,173.41,33.88,29.62,87.06,10.07,5.25,143.38,17.08,19.54,11.13,10.35,60.72,11.57,9.94,5.73,29.35,6.54,11.98,55.31,202.0,8.0,16.9,18.99,0,0,
BANK_156,Hill Inc Rural Bank,Western,Medium,Aggressive,6,2022,Q2,2022-Q2,176.98,34.89,31.61,99.91,11.19,10.85,148.53,17.86,19.71,8.47,15.74,67.27,11.2,9.66,5.46,27.7,9.72,12.07,89.28,165.0,17.0,36.63,28.32,0,0,
BANK_156,Hill Inc Rural Bank,Western,Medium,Aggressive,7,2022,Q3,2022-Q3,183.31,36.62,31.12,124.25,14.04,16.82,146.11,16.98,19.98,13.58,8.27,85.04,11.3,2.84,1.55,7.76,2.22,7.19,42.15,221.0,10.0,53.82,7.6,0,0,
BANK_156,Hill Inc Rural Bank,Western,Medium,Aggressive,8,2022,Q4,2022-Q4,168.45,33.79,27.14,62.33,7.41,5.5,127.77,16.11,20.06,22.49,14.17,48.78,11.9,3.42,2.03,10.11,4.8,6.55,66.65,72.0,11.0,45.53,7.23,0,0,
BANK_156,Hill Inc Rural Bank,Western,Medium,Aggressive,9,2023,Q1,2023-Q1,163.42,32.88,25.9,112.58,13.77,12.92,118.66,15.85,20.12,16.37,13.78,94.88,12.23,6.22,3.81,18.92,4.95,11.89,78.44,178.0,35.0,41.01,20.36,0,0,
BANK_156,Hill Inc Rural Bank,Western,Medium,Aggressive,10,2023,Q2,2023-Q2,185.23,37.2,29.19,104.83,12.58,10.55,138.16,15.76,20.08,22.98,19.84,75.87,12.0,10.47,5.65,28.15,11.33,11.1,34.02,173.0,8.0,21.25,10.74,0,0,
BANK_156,Hill Inc Rural Bank,Western,Medium,Aggressive,11,2023,Q3,2023-Q3,196.5,38.77,31.89,90.14,11.3,6.44,138.94,16.23,19.73,21.35,10.0,64.87,12.54,8.27,4.21,21.34,6.9,11.33,,60.0,28.0,38.03,10.18,0,0,
BANK_156,Hill Inc Rural Bank,Western,Medium,Aggressive,12,2023,Q4,2023-Q4,204.59,40.8,31.8,131.77,17.08,15.68,157.23,15.54,19.94,10.9,8.2,83.81,12.96,10.99,5.37,26.93,10.55,14.69,55.95,214.0,32.0,59.84,33.73,0,0,
BANK_157,"Mitchell, Nelson and Flores Rural Bank",Central,Medium,Moderate,1,2021,Q1,2021-Q1,107.43,13.28,24.28,59.27,6.92,7.28,88.18,22.6,12.36,12.2,9.39,67.21,11.68,1.13,1.06,8.54,8.26,7.49,,145.0,35.0,24.11,20.43,0,0,
BANK_157,"Mitchell, Nelson and Flores Rural Bank",Central,Medium,Moderate,2,2021,Q2,2021-Q2,106.27,13.06,23.54,63.38,7.32,4.41,74.58,22.15,12.29,19.86,19.3,84.98,11.55,4.01,3.78,30.73,6.54,,48.05,121.0,,59.51,10.52,0,0,
BANK_157,"Mitchell, Nelson and Flores Rural Bank",Central,Medium,Moderate,3,2021,Q3,2021-Q3,100.45,12.23,22.38,43.67,5.07,3.83,83.9,22.28,12.18,13.28,5.66,52.06,11.6,1.71,1.7,13.99,8.22,5.81,57.75,221.0,25.0,,16.21,0,0,
BANK_157,"Mitchell, Nelson and Flores Rural Bank",Central,Medium,Moderate,4,2021,Q4,2021-Q4,100.82,12.14,23.08,73.38,8.72,8.34,83.52,22.89,12.05,21.18,13.8,87.86,11.88,1.47,1.46,12.12,5.01,3.88,63.25,217.0,12.0,47.89,17.17,0,0,
BANK_157,"Mitchell, Nelson and Flores Rural Bank",Central,Medium,Moderate,5,2022,Q1,2022-Q1,106.93,12.99,23.58,47.98,5.79,3.61,89.67,22.05,12.14,20.92,19.65,53.51,12.08,6.17,5.77,47.55,9.87,6.5,59.13,119.0,18.0,29.77,29.98,0,0,
BANK_157,"Mitchell, Nelson and Flores Rural Bank",Central,Medium,Moderate,6,2022,Q2,2022-Q2,130.78,15.52,30.67,69.44,7.76,6.45,91.59,23.45,11.87,22.31,13.65,75.81,11.18,7.39,5.65,47.61,9.95,4.09,53.97,,36.0,26.89,33.3,1,0,Low Capital; 
BANK_157,"Mitchell, Nelson and Flores Rural Bank",Central,Medium,Moderate,7,2022,Q3,2022-Q3,140.13,16.7,33.35,59.03,6.27,5.8,113.5,23.8,11.92,17.32,19.43,52.01,10.62,3.3,2.35,19.75,4.68,7.61,60.81,110.0,13.0,57.94,30.87,1,0,Low Capital; 
BANK_157,"Mitchell, Nelson and Flores Rural Bank",Central,Medium,Moderate,8,2022,Q4,2022-Q4,131.3,15.74,30.74,80.75,8.6,6.57,95.55,23.41,11.99,22.51,7.84,84.51,10.65,7.24,5.52,46.01,11.97,10.14,73.63,136.0,6.0,42.37,11.32,1,0,Low Capital; 
BANK_157,"Mitchell, Nelson and Flores Rural Bank",Central,Medium,Moderate,9,2023,Q1,2023-Q1,140.98,17.1,33.92,81.69,8.65,8.83,106.03,24.06,12.13,21.21,16.0,77.04,10.59,3.74,2.66,21.9,11.44,7.22,88.31,221.0,9.0,58.48,34.89,0,0,
BANK_157,"Mitchell, Nelson and Flores Rural Bank",Central,Medium,Moderate,10,2023,Q2,2023-Q2,153.5,18.71,37.43,52.96,5.75,5.05,128.86,24.39,12.19,17.02,19.01,41.1,10.86,8.33,5.43,44.53,7.07,8.23,69.53,153.0,19.0,23.12,16.92,0,0,
BANK_157,"Mitchell, Nelson and Flores Rural Bank",Central,Medium,Moderate,11,2023,Q3,2023-Q3,148.32,17.8,35.62,80.2,8.87,7.71,109.14,24.02,12.0,15.52,13.9,73.49,11.05,2.42,1.63,13.57,6.15,10.52,67.79,68.0,15.0,59.09,21.34,0,0,
BANK_157,"Mitchell, Nelson and Flores Rural Bank",Central,Medium,Moderate,12,2023,Q4,2023-Q4,155.25,18.58,36.0,89.84,10.0,6.68,112.1,23.19,11.97,8.84,10.04,80.14,11.14,8.65,5.57,46.54,2.56,10.23,51.64,236.0,37.0,30.09,22.73,1,0,Low Capital; 
BANK_158,"Miller, Hernandez and Reyes Rural Bank",Western,Large,Conservative,1,2021,Q1,2021-Q1,663.79,71.13,227.07,433.42,29.08,16.89,482.43,34.21,10.72,13.77,15.64,89.84,6.71,22.48,3.39,31.61,5.01,28.56,78.3,189.0,36.0,27.36,,1,0,Low Capital; 
BANK_158,"Miller, Hernandez and Reyes Rural Bank",Western,Large,Conservative,2,2021,Q2,2021-Q2,662.78,71.14,220.42,382.65,26.14,20.76,546.31,33.26,10.73,9.31,16.83,70.04,6.83,31.32,4.73,44.02,9.62,28.86,89.54,405.0,29.0,25.76,18.2,1,0,Low Capital; 
BANK_158,"Miller, Hernandez and Reyes Rural Bank",Western,Large,Conservative,3,2021,Q3,2021-Q3,626.1,66.71,201.18,197.12,13.52,7.54,475.97,32.13,10.65,18.01,10.99,41.41,6.86,21.16,3.38,31.73,9.51,49.68,37.77,208.0,54.0,,5.9,1,0,Low Capital; 
BANK_158,"Miller, Hernandez and Reyes Rural Bank",Western,Large,Conservative,4,2021,Q4,2021-Q4,636.49,67.14,217.24,458.06,31.45,21.67,490.03,34.13,10.55,9.79,11.46,93.48,6.87,33.43,5.25,49.79,3.53,22.18,43.9,100.0,14.0,43.58,12.31,1,0,Low Capital; 
BANK_158,"Miller, Hernandez and Reyes Rural Bank",Western,Large,Conservative,5,2022,Q1,2022-Q1,686.94,72.13,233.48,364.89,25.14,21.65,544.02,33.99,10.5,17.71,16.59,67.07,6.89,29.35,4.27,40.69,7.0,38.53,62.48,298.0,58.0,34.22,5.09,1,0,Low Capital; 
BANK_158,"Miller, Hernandez and Reyes Rural Bank",Western,Large,Conservative,6,2022,Q2,2022-Q2,777.23,81.71,273.31,506.93,34.17,35.52,597.16,35.16,10.51,23.04,8.85,84.89,6.74,6.55,0.84,8.01,3.87,39.77,85.11,435.0,,21.4,30.04,1,0,Low Capital; 
BANK_158,"Miller, Hernandez and Reyes Rural Bank",Western,Large,Conservative,7,2022,Q3,2022-Q3,868.3,91.91,300.06,323.09,21.91,15.82,625.58,34.56,10.59,12.1,17.14,51.65,6.78,40.8,4.7,44.39,11.73,34.71,80.82,117.0,17.0,38.18,34.99,1,0,Low Capital; 
BANK_158,"Miller, Hernandez and Reyes Rural Bank",Western,Large,Conservative,8,2022,Q4,2022-Q4,828.14,87.12,277.58,479.21,34.94,19.44,641.14,33.52,10.52,14.41,5.02,74.74,7.29,27.93,3.37,32.05,3.24,28.39,41.67,196.0,72.0,,20.31,1,0,Low Capital; 
BANK_158,"Miller, Hernandez and Reyes Rural Bank",Western,Large,Conservative,9,2023,Q1,2023-Q1,864.89,92.03,299.03,380.54,28.58,22.22,648.37,34.57,10.64,17.9,12.54,58.69,7.51,29.76,3.44,32.34,4.74,38.86,86.84,353.0,10.0,29.71,15.2,1,0,Low Capital; 
BANK_158,"Miller, Hernandez and Reyes Rural Bank",Western,Large,Conservative,10,2023,Q2,2023-Q2,1032.6,111.04,379.58,791.89,55.7,44.65,857.92,36.76,10.75,15.12,11.96,92.3,7.03,30.17,2.92,27.17,10.89,43.84,82.14,305.0,26.0,38.73,10.86,1,0,Low Capital; 
BANK_158,"Miller, Hernandez and Reyes Rural Bank",Western,Large,Conservative,11,2023,Q3,2023-Q3,984.81,106.56,354.77,305.35,21.97,26.26,738.6,36.02,10.82,22.74,19.13,41.34,7.19,41.12,4.18,38.59,9.23,55.29,57.47,376.0,73.0,16.3,14.42,1,0,Low Capital; 
BANK_158,"Miller, Hernandez and Reyes Rural Bank",Western,Large,Conservative,12,2023,Q4,2023-Q4,924.37,98.26,316.16,443.43,33.76,28.81,649.66,34.2,10.63,22.83,14.4,68.26,7.61,28.0,3.03,28.5,2.13,40.9,38.82,200.0,33.0,45.45,14.73,1,0,Low Capital; 
BANK_159,Mccarthy Inc Rural Bank,Central,Small,Moderate,1,2021,Q1,2021-Q1,44.78,6.53,7.33,18.55,1.57,1.23,37.63,16.38,14.59,20.47,7.05,49.29,8.46,1.98,4.42,30.33,5.76,2.89,53.88,25.0,11.0,,24.45,0,0,
BANK_159,Mccarthy Inc Rural Bank,Central,Small,Moderate,2,2021,Q2,2021-Q2,43.5,6.29,7.5,20.1,1.75,1.1,35.47,17.23,14.45,8.58,18.93,56.68,8.7,1.48,3.4,23.53,11.88,1.73,64.9,73.0,8.0,37.81,24.84,0,0,
BANK_159,Mccarthy Inc Rural Bank,Central,Small,Moderate,3,2021,Q3,2021-Q3,42.69,6.23,7.12,22.75,2.0,1.02,34.12,16.67,14.6,14.65,18.49,66.67,8.79,0.53,1.25,8.57,10.97,2.72,81.47,57.0,13.0,54.29,15.7,0,0,
BANK_159,Mccarthy Inc Rural Bank,Central,Small,Moderate,4,2021,Q4,2021-Q4,42.57,6.07,6.99,30.41,2.81,1.99,32.09,16.42,14.26,11.43,5.63,94.77,9.25,0.7,1.65,11.59,7.28,1.29,76.12,56.0,8.0,26.84,10.35,0,0,
BANK_159,Mccarthy Inc Rural Bank,Central,Small,Moderate,5,2022,Q1,2022-Q1,42.55,6.11,7.51,17.25,1.58,1.9,33.7,17.66,14.36,14.39,16.7,51.2,9.18,2.26,5.31,37.02,3.69,1.99,39.45,68.0,10.0,35.41,26.6,0,0,
BANK_159,Mccarthy Inc Rural Bank,Central,Small,Moderate,6,2022,Q2,2022-Q2,50.07,7.22,8.9,21.84,1.85,1.24,37.9,17.77,14.43,24.93,8.62,57.62,8.49,2.3,4.6,31.85,10.6,3.81,73.23,34.0,11.0,15.7,8.4,0,0,
BANK_159,Mccarthy Inc Rural Bank,Central,Small,Moderate,7,2022,Q3,2022-Q3,53.64,7.76,9.98,18.5,1.52,1.78,39.74,18.61,14.48,10.23,9.18,46.55,8.19,3.14,5.86,40.46,2.12,2.82,46.37,65.0,3.0,54.41,9.1,0,0,
BANK_159,Mccarthy Inc Rural Bank,Central,Small,Moderate,8,2022,Q4,2022-Q4,50.49,7.32,8.87,20.62,1.78,0.96,42.75,17.57,14.49,21.78,9.66,48.23,8.63,1.72,3.4,23.48,6.53,2.09,61.85,49.0,5.0,22.59,26.85,0,0,
BANK_159,Mccarthy Inc Rural Bank,Central,Small,Moderate,9,2023,Q1,2023-Q1,53.27,7.7,9.6,21.48,1.76,1.3,40.96,18.02,14.46,11.57,13.66,52.43,8.18,1.69,3.17,21.93,11.92,2.56,72.47,70.0,12.0,47.04,5.35,0,0,
BANK_159,Mccarthy Inc Rural Bank,Central,Small,Moderate,10,2023,Q2,2023-Q2,56.49,8.14,10.07,19.15,1.59,1.41,41.88,17.82,14.4,18.34,13.09,45.73,8.32,1.58,2.79,19.36,2.6,1.91,57.32,34.0,,26.8,27.26,0,0,
BANK_159,Mccarthy Inc Rural Bank,Central,Small,Moderate,11,2023,Q3,2023-Q3,56.33,8.05,10.23,22.98,1.95,2.06,41.98,18.16,14.29,12.92,17.39,54.74,8.49,3.37,5.98,41.83,3.41,4.4,88.64,64.0,9.0,49.88,14.2,0,0,
BANK_159,Mccarthy Inc Rural Bank,Central,Small,Moderate,12,2023,Q4,2023-Q4,60.23,8.61,10.65,43.77,3.75,3.93,48.74,17.68,14.3,11.93,6.02,89.8,8.57,2.68,4.45,31.09,2.66,3.31,51.74,71.0,13.0,20.65,18.51,0,0,
BANK_160,Russell-Daniels Rural Bank,Ashanti,Medium,Moderate,1,2021,Q1,2021-Q1,113.48,17.16,30.98,84.91,2.58,2.62,96.01,27.3,15.12,24.91,12.2,88.44,3.03,1.67,1.47,9.74,10.11,8.7,89.29,162.0,15.0,43.8,,0,0,
BANK_160,Russell-Daniels Rural Bank,Ashanti,Medium,Moderate,2,2021,Q2,2021-Q2,106.61,15.78,27.35,43.95,1.34,0.83,74.75,25.65,14.8,21.69,9.53,58.8,3.05,3.95,3.7,25.02,9.94,3.88,83.33,241.0,16.0,27.78,24.4,0,0,
BANK_160,Russell-Daniels Rural Bank,Ashanti,Medium,Moderate,3,2021,Q3,2021-Q3,101.89,15.12,25.35,55.07,1.66,0.96,83.01,24.88,14.84,12.67,18.9,66.35,3.02,6.11,6.0,40.4,8.58,7.15,,65.0,10.0,56.76,21.94,0,0,
BANK_160,Russell-Daniels Rural Bank,Ashanti,Medium,Moderate,4,2021,Q4,2021-Q4,100.11,15.14,25.37,56.46,1.63,1.03,82.48,25.34,15.12,19.16,17.22,68.45,2.88,1.27,1.27,8.4,11.56,6.24,92.36,104.0,35.0,42.55,29.31,0,0,
BANK_160,Russell-Daniels Rural Bank,Ashanti,Medium,Moderate,5,2022,Q1,2022-Q1,101.74,15.18,25.07,46.26,1.33,1.52,75.09,24.64,14.92,17.59,13.53,61.61,2.87,2.91,2.86,19.16,6.03,7.31,31.74,52.0,6.0,36.11,22.44,0,0,
BANK_160,Russell-Daniels Rural Bank,Ashanti,Medium,Moderate,6,2022,Q2,2022-Q2,120.3,18.09,29.92,48.23,1.32,1.22,88.61,24.87,15.03,14.23,7.85,54.43,2.73,5.58,4.64,30.88,7.36,4.88,60.38,168.0,33.0,52.52,,0,0,
BANK_160,Russell-Daniels Rural Bank,Ashanti,Medium,Moderate,7,2022,Q3,2022-Q3,112.08,17.01,26.55,80.24,2.27,2.57,88.95,23.69,15.18,10.33,14.5,90.2,2.83,3.86,3.44,22.67,5.21,4.72,55.75,128.0,11.0,33.16,24.01,0,0,
BANK_160,Russell-Daniels Rural Bank,Ashanti,Medium,Moderate,8,2022,Q4,2022-Q4,112.91,16.89,26.74,54.45,1.63,1.72,88.34,23.68,14.96,16.82,9.25,61.64,3.0,1.67,1.48,9.88,7.58,,44.0,52.0,15.0,26.68,19.49,0,0,
BANK_160,Russell-Daniels Rural Bank,Ashanti,Medium,Moderate,9,2023,Q1,2023-Q1,113.24,17.2,27.0,43.31,1.33,1.29,83.02,23.85,15.19,19.45,19.27,52.17,3.07,5.68,5.01,33.01,8.69,7.7,86.3,51.0,,24.69,32.36,0,0,
BANK_160,Russell-Daniels Rural Bank,Ashanti,Medium,Moderate,10,2023,Q2,2023-Q2,117.87,17.6,28.37,44.05,1.33,1.53,95.69,24.07,14.93,10.0,19.01,46.04,3.01,5.64,4.78,32.02,5.84,8.31,78.77,176.0,35.0,19.45,28.96,0,0,
BANK_160,Russell-Daniels Rural Bank,Ashanti,Medium,Moderate,11,2023,Q3,2023-Q3,113.01,17.06,26.72,69.1,2.08,1.26,91.58,23.64,15.1,17.11,13.19,75.45,3.01,3.58,3.17,21.0,10.93,7.44,43.38,59.0,28.0,53.06,26.03,0,0,
BANK_160,Russell-Daniels Rural Bank,Ashanti,Medium,Moderate,12,2023,Q4,2023-Q4,106.89,16.26,25.15,62.24,1.85,1.62,77.93,23.53,15.21,17.75,12.42,79.87,2.98,3.94,3.68,24.2,6.69,6.35,94.79,174.0,29.0,23.65,20.9,0,0,
BANK_161,Brown-Wall Rural Bank,Greater Accra,Small,Conservative,1,2021,Q1,2021-Q1,5.34,0.46,1.47,2.76,0.2,0.2,4.2,27.5,8.69,20.64,9.84,65.66,7.1,0.2,3.72,42.8,9.79,0.27,35.97,69.0,9.0,57.91,9.86,1,0,Low Capital; 
BANK_161,Brown-Wall Rural Bank,Greater Accra,Small,Conservative,2,2021,Q2,2021-Q2,5.26,0.47,1.45,3.61,0.26,0.19,4.32,27.54,8.87,8.79,10.68,83.7,7.14,0.14,2.72,30.64,8.48,0.29,75.69,64.0,,37.99,15.93,1,0,Low Capital; 
BANK_161,Brown-Wall Rural Bank,Greater Accra,Small,Conservative,3,2021,Q3,2021-Q3,5.0,0.44,1.45,3.62,0.27,0.22,4.07,28.94,8.86,11.93,17.52,88.91,7.48,0.15,2.92,33.01,11.9,0.19,65.27,89.0,7.0,42.25,29.83,1,0,Low Capital; 
BANK_161,Brown-Wall Rural Bank,Greater Accra,Small,Conservative,4,2021,Q4,2021-Q4,5.36,0.48,1.49,3.04,0.23,0.19,3.78,27.78,8.89,22.08,10.21,80.32,7.7,0.15,2.74,30.79,9.67,0.2,90.46,53.0,5.0,50.51,33.44,1,0,Low Capital; 
BANK_161,Brown-Wall Rural Bank,Greater Accra,Small,Conservative,5,2022,Q1,2022-Q1,5.45,0.49,1.45,3.09,0.22,0.25,4.4,26.71,8.91,22.81,15.08,70.08,7.26,0.27,4.9,54.98,9.05,0.35,33.65,79.0,10.0,,29.6,1,0,Low Capital; 
BANK_161,Brown-Wall Rural Bank,Greater Accra,Small,Conservative,6,2022,Q2,2022-Q2,5.93,0.52,1.6,2.79,0.2,0.12,4.86,27.0,8.72,10.99,18.59,57.42,7.3,0.27,4.62,53.0,2.01,0.37,39.83,98.0,4.0,39.86,25.08,1,0,Low Capital; 
BANK_161,Brown-Wall Rural Bank,Greater Accra,Small,Conservative,7,2022,Q3,2022-Q3,5.97,0.53,1.66,2.92,0.22,0.19,4.4,27.78,8.83,20.46,19.01,66.41,7.61,0.18,3.08,34.82,2.04,0.26,91.48,81.0,4.0,18.0,15.52,1,0,Low Capital; 
BANK_161,Brown-Wall Rural Bank,Greater Accra,Small,Conservative,8,2022,Q4,2022-Q4,4.91,0.44,1.4,1.46,0.12,0.12,3.64,28.47,8.86,10.68,15.89,40.02,8.14,0.19,3.83,43.28,3.96,0.3,38.54,31.0,,33.09,19.96,1,0,Low Capital; 
BANK_161,Brown-Wall Rural Bank,Greater Accra,Small,Conservative,9,2023,Q1,2023-Q1,4.8,0.44,1.35,2.01,0.16,0.15,3.41,28.17,9.08,16.62,5.68,58.89,8.22,0.22,4.61,50.76,11.61,0.24,53.88,98.0,12.0,49.97,23.0,1,0,Low Capital; 
BANK_161,Brown-Wall Rural Bank,Greater Accra,Small,Conservative,10,2023,Q2,2023-Q2,5.52,0.5,1.58,2.74,0.23,0.18,4.51,28.72,9.12,19.83,14.78,60.73,8.37,0.11,1.91,20.94,11.69,0.35,34.39,62.0,11.0,27.5,6.53,1,0,Low Capital; 
BANK_161,Brown-Wall Rural Bank,Greater Accra,Small,Conservative,11,2023,Q3,2023-Q3,6.18,0.56,1.78,3.74,0.31,0.22,4.7,28.73,9.12,23.38,8.77,79.44,8.23,0.36,5.8,63.57,4.1,0.32,93.49,52.0,6.0,19.94,27.6,1,0,Low Capital; 
BANK_161,Brown-Wall Rural Bank,Greater Accra,Small,Conservative,12,2023,Q4,2023-Q4,7.11,0.64,1.91,2.56,0.21,0.17,5.17,26.8,9.05,23.73,12.65,49.6,8.34,0.08,1.11,12.23,8.55,0.33,66.37,72.0,7.0,21.68,20.57,1,0,Low Capital; 
BANK_162,Stein-Silva Rural Bank,Central,Small,Moderate,1,2021,Q1,2021-Q1,46.98,9.3,10.24,29.4,2.19,1.75,34.45,21.79,19.79,14.88,6.84,85.33,7.44,2.32,4.93,24.93,4.23,2.51,31.3,60.0,3.0,27.7,14.75,0,0,
BANK_162,Stein-Silva Rural Bank,Central,Small,Moderate,2,2021,Q2,2021-Q2,47.36,9.31,9.88,22.39,1.71,1.71,35.14,20.86,19.66,17.8,12.47,63.71,7.62,2.77,5.84,29.73,11.45,1.65,,89.0,2.0,41.65,33.63,0,0,
BANK_162,Stein-Silva Rural Bank,Central,Small,Moderate,3,2021,Q3,2021-Q3,46.3,9.13,9.1,23.56,1.81,1.85,38.81,19.65,19.71,12.38,16.22,60.71,7.67,0.88,1.89,9.6,2.03,2.52,90.36,42.0,2.0,42.92,6.69,0,0,
BANK_162,Stein-Silva Rural Bank,Central,Small,Moderate,4,2021,Q4,2021-Q4,40.26,7.95,8.03,14.06,1.08,1.15,28.73,19.95,19.74,20.89,12.13,48.95,7.7,0.81,2.01,10.21,11.08,1.53,81.81,53.0,4.0,57.22,33.9,0,0,
BANK_162,Stein-Silva Rural Bank,Central,Small,Moderate,5,2022,Q1,2022-Q1,35.97,7.18,7.18,19.37,1.51,1.67,26.62,19.96,19.97,23.97,18.51,72.79,7.81,0.84,2.35,11.75,8.8,,77.18,65.0,5.0,44.46,9.06,0,0,
BANK_162,Stein-Silva Rural Bank,Central,Small,Moderate,6,2022,Q2,2022-Q2,39.91,7.84,8.01,16.08,1.19,0.61,28.23,20.08,19.64,21.47,16.66,56.98,7.37,2.07,5.19,26.43,6.95,2.61,60.07,44.0,4.0,38.32,32.9,0,0,
BANK_162,Stein-Silva Rural Bank,Central,Small,Moderate,7,2022,Q3,2022-Q3,41.34,8.03,8.72,22.13,1.64,0.9,34.47,21.09,19.42,10.98,15.34,64.18,7.43,1.26,3.05,15.7,11.76,1.93,70.95,99.0,5.0,,21.39,0,0,
BANK_162,Stein-Silva Rural Bank,Central,Small,Moderate,8,2022,Q4,2022-Q4,41.49,8.07,8.61,19.34,1.48,1.48,30.99,20.75,19.44,16.24,5.4,62.41,7.65,1.9,4.58,23.55,6.48,2.23,88.21,36.0,4.0,40.18,24.81,0,0,
BANK_162,Stein-Silva Rural Bank,Central,Small,Moderate,9,2023,Q1,2023-Q1,44.82,8.52,9.28,15.66,1.17,1.25,32.98,20.7,19.01,13.46,8.42,47.48,7.47,0.81,1.8,9.47,5.96,1.62,60.56,74.0,,22.81,18.6,0,0,
BANK_162,Stein-Silva Rural Bank,Central,Small,Moderate,10,2023,Q2,2023-Q2,45.59,8.67,9.03,19.98,1.49,0.83,34.75,19.82,19.02,20.17,6.06,57.5,7.45,1.7,3.72,19.55,6.34,2.55,72.63,99.0,12.0,39.32,28.12,0,0,
BANK_162,Stein-Silva Rural Bank,Central,Small,Moderate,11,2023,Q3,2023-Q3,41.24,7.82,8.09,17.9,1.35,1.58,28.88,19.63,18.97,9.1,8.93,61.97,7.53,1.44,3.5,18.47,11.2,2.49,62.19,79.0,6.0,,30.42,0,0,
BANK_162,Stein-Silva Rural Bank,Central,Small,Moderate,12,2023,Q4,2023-Q4,42.72,8.04,8.52,30.74,2.32,2.27,32.39,19.95,18.81,18.94,12.16,94.92,7.54,0.59,1.39,7.38,9.43,1.73,55.25,82.0,14.0,40.19,20.58,0,0,
BANK_163,"Smith, Gilmore and Johnston Rural Bank",Bono,Medium,Moderate,1,2021,Q1,2021-Q1,125.74,32.65,40.39,71.22,4.01,2.56,95.16,32.12,25.96,24.87,19.9,74.85,5.62,5.65,4.49,17.29,11.56,5.97,70.79,152.0,20.0,43.46,14.31,0,0,
BANK_163,"Smith, Gilmore and Johnston Rural Bank",Bono,Medium,Moderate,2,2021,Q2,2021-Q2,137.4,36.07,44.0,82.4,4.55,3.1,102.77,32.02,26.25,16.86,17.54,80.18,5.52,2.02,1.47,5.6,7.71,6.8,32.26,136.0,14.0,18.01,13.8,0,0,
BANK_163,"Smith, Gilmore and Johnston Rural Bank",Bono,Medium,Moderate,3,2021,Q3,2021-Q3,132.51,34.31,40.32,60.19,3.43,2.45,94.59,30.43,25.89,24.73,10.5,63.64,5.69,3.4,2.56,9.9,8.05,5.43,63.66,165.0,10.0,20.56,34.21,0,0,
BANK_163,"Smith, Gilmore and Johnston Rural Bank",Bono,Medium,Moderate,4,2021,Q4,2021-Q4,135.29,35.29,38.78,49.56,2.87,2.97,109.5,28.66,26.08,8.57,17.92,45.26,5.8,6.05,4.47,17.15,6.35,7.03,88.97,221.0,6.0,42.82,18.08,0,0,
BANK_163,"Smith, Gilmore and Johnston Rural Bank",Bono,Medium,Moderate,5,2022,Q1,2022-Q1,134.7,34.79,38.37,77.62,4.41,3.56,103.13,28.49,25.83,14.63,5.91,75.27,5.68,3.87,2.88,11.14,4.19,4.68,46.95,,7.0,32.2,20.43,0,0,
BANK_163,"Smith, Gilmore and Johnston Rural Bank",Bono,Medium,Moderate,6,2022,Q2,2022-Q2,145.65,37.72,41.95,65.7,3.83,2.28,110.09,28.8,25.9,8.67,13.48,59.68,5.83,7.14,4.9,18.93,8.48,10.35,93.48,100.0,11.0,30.34,31.34,0,0,
BANK_163,"Smith, Gilmore and Johnston Rural Bank",Bono,Medium,Moderate,7,2022,Q3,2022-Q3,145.27,37.15,43.28,99.64,5.78,5.3,116.72,29.79,25.57,16.76,9.54,85.37,5.8,4.84,3.33,13.04,4.88,9.51,64.06,65.0,5.0,15.91,7.28,0,0,
BANK_163,"Smith, Gilmore and Johnston Rural Bank",Bono,Medium,Moderate,8,2022,Q4,2022-Q4,126.73,32.09,36.15,73.24,4.39,3.61,107.15,28.52,25.32,18.89,7.35,68.35,5.99,5.22,4.12,16.27,7.21,8.47,84.99,249.0,20.0,59.77,26.91,0,0,
BANK_163,"Smith, Gilmore and Johnston Rural Bank",Bono,Medium,Moderate,9,2023,Q1,2023-Q1,135.9,34.89,38.64,91.0,5.58,4.28,98.77,28.43,25.67,11.96,18.66,92.14,6.13,2.04,1.5,5.85,7.97,8.84,42.71,184.0,34.0,25.96,8.66,0,0,
BANK_163,"Smith, Gilmore and Johnston Rural Bank",Bono,Medium,Moderate,10,2023,Q2,2023-Q2,141.53,36.0,39.74,61.96,3.99,2.83,116.55,28.08,25.44,21.87,13.86,53.16,6.43,3.28,2.32,9.11,5.65,7.02,43.42,224.0,8.0,40.34,29.42,0,0,
BANK_163,"Smith, Gilmore and Johnston Rural Bank",Bono,Medium,Moderate,11,2023,Q3,2023-Q3,132.51,33.99,35.38,64.75,4.24,4.08,96.0,26.7,25.65,17.32,16.72,67.45,6.55,3.07,2.32,9.03,7.94,6.18,44.62,239.0,15.0,,31.9,0,0,
BANK_163,"Smith, Gilmore and Johnston Rural Bank",Bono,Medium,Moderate,12,2023,Q4,2023-Q4,140.83,35.73,39.71,64.09,4.15,2.42,116.41,28.2,25.37,24.49,16.76,55.05,6.47,5.67,4.03,15.88,7.17,10.46,57.39,162.0,32.0,32.68,28.17,0,0,
BANK_164,Smith-Bell Rural Bank,Greater Accra,Small,Conservative,1,2021,Q1,2021-Q1,16.53,3.88,5.8,5.84,0.21,0.21,11.91,35.08,23.45,22.53,12.66,49.07,3.66,0.49,2.94,12.53,10.44,0.53,53.78,25.0,13.0,36.39,14.48,0,0,
BANK_164,Smith-Bell Rural Bank,Greater Accra,Small,Conservative,2,2021,Q2,2021-Q2,19.21,4.47,6.48,10.26,0.39,0.37,14.69,33.75,23.28,13.61,17.69,69.83,3.82,1.14,5.95,25.56,5.57,1.18,82.87,31.0,5.0,23.95,28.45,0,0,
BANK_164,Smith-Bell Rural Bank,Greater Accra,Small,Conservative,3,2021,Q3,2021-Q3,18.58,4.36,6.62,9.44,0.36,0.26,14.92,35.66,23.46,16.06,5.06,63.28,3.81,0.2,1.1,4.68,2.74,0.71,70.65,,7.0,42.96,29.92,0,0,
BANK_164,Smith-Bell Rural Bank,Greater Accra,Small,Conservative,4,2021,Q4,2021-Q4,17.14,4.03,6.19,5.82,0.23,0.22,12.94,36.09,23.51,13.13,19.28,44.95,3.91,0.25,1.44,6.12,5.66,0.86,47.57,37.0,6.0,43.77,33.47,0,0,
BANK_164,Smith-Bell Rural Bank,Greater Accra,Small,Conservative,5,2022,Q1,2022-Q1,18.36,4.35,6.46,6.25,0.25,0.29,13.66,35.2,23.68,21.76,9.59,45.76,4.05,0.42,2.31,9.74,10.2,0.93,41.4,56.0,9.0,49.35,,0,0,
BANK_164,Smith-Bell Rural Bank,Greater Accra,Small,Conservative,6,2022,Q2,2022-Q2,17.87,4.21,6.48,12.0,0.48,0.55,12.72,36.25,23.54,9.52,19.71,94.35,4.0,0.97,5.42,23.04,2.03,1.0,51.81,54.0,,44.41,5.69,0,0,
BANK_164,Smith-Bell Rural Bank,Greater Accra,Small,Conservative,7,2022,Q3,2022-Q3,18.5,4.3,6.88,14.29,0.56,0.3,15.12,37.19,23.26,24.64,6.3,94.5,3.95,0.32,1.73,7.44,10.31,0.74,54.32,75.0,14.0,15.89,12.82,0,0,
BANK_164,Smith-Bell Rural Bank,Greater Accra,Small,Conservative,8,2022,Q4,2022-Q4,16.24,3.8,5.77,5.36,0.22,0.17,12.59,35.56,23.38,8.94,6.67,42.54,4.14,0.46,2.86,12.21,8.43,0.62,71.07,97.0,13.0,31.06,17.64,0,0,
BANK_164,Smith-Bell Rural Bank,Greater Accra,Small,Conservative,9,2023,Q1,2023-Q1,17.53,4.09,6.27,11.74,0.49,0.38,13.74,35.76,23.32,15.6,19.91,85.42,4.16,0.27,1.57,6.71,11.38,1.35,46.54,75.0,4.0,32.68,14.07,0,0,
BANK_164,Smith-Bell Rural Bank,Greater Accra,Small,Conservative,10,2023,Q2,2023-Q2,16.16,3.73,5.97,10.05,0.43,0.45,12.04,36.94,23.11,23.62,10.18,83.51,4.25,0.28,1.71,7.4,5.44,0.53,56.45,38.0,9.0,50.25,19.59,0,0,
BANK_164,Smith-Bell Rural Bank,Greater Accra,Small,Conservative,11,2023,Q3,2023-Q3,16.32,3.76,6.23,8.89,0.37,0.28,11.5,38.17,23.01,8.71,5.4,77.28,4.21,0.49,2.97,12.93,10.67,1.28,35.52,82.0,5.0,32.07,21.43,0,0,
BANK_164,Smith-Bell Rural Bank,Greater Accra,Small,Conservative,12,2023,Q4,2023-Q4,17.32,3.94,6.79,9.85,0.42,0.43,13.02,39.19,22.78,12.38,17.8,75.65,4.23,0.29,1.67,7.35,7.54,1.35,87.09,28.0,2.0,54.32,23.39,0,0,
BANK_165,Castaneda-Ashley Rural Bank,Greater Accra,Small,Moderate,1,2021,Q1,2021-Q1,18.69,3.81,5.96,14.19,2.06,1.3,15.41,31.87,20.36,17.52,8.33,92.08,14.55,0.48,2.56,12.58,6.8,1.44,74.94,48.0,14.0,,,0,0,
BANK_165,Castaneda-Ashley Rural Bank,Greater Accra,Small,Moderate,2,2021,Q2,2021-Q2,19.38,3.98,5.93,7.57,1.12,0.76,16.46,30.61,20.54,10.87,15.04,45.98,14.85,0.73,3.76,18.3,10.36,0.95,35.02,69.0,11.0,28.32,25.72,0,0,
BANK_165,Castaneda-Ashley Rural Bank,Greater Accra,Small,Moderate,3,2021,Q3,2021-Q3,19.15,3.91,5.69,11.94,1.88,1.76,14.38,29.71,20.41,16.8,12.11,83.01,15.72,0.5,2.61,12.77,8.7,1.38,40.0,47.0,10.0,49.01,28.44,1,0,High NPL; 
BANK_165,Castaneda-Ashley Rural Bank,Greater Accra,Small,Moderate,4,2021,Q4,2021-Q4,18.61,3.88,5.67,6.45,1.02,0.97,13.61,30.48,20.85,19.69,14.69,47.43,15.77,0.66,3.56,17.09,9.49,0.59,46.65,83.0,14.0,54.42,26.49,1,0,High NPL; 
BANK_165,Castaneda-Ashley Rural Bank,Greater Accra,Small,Moderate,5,2022,Q1,2022-Q1,18.63,3.84,5.69,10.75,1.71,1.34,14.3,30.55,20.63,13.21,5.75,75.19,15.94,0.31,1.67,8.09,3.44,1.04,78.7,65.0,13.0,29.21,22.85,1,0,High NPL; 
BANK_165,Castaneda-Ashley Rural Bank,Greater Accra,Small,Moderate,6,2022,Q2,2022-Q2,17.84,3.71,5.46,9.1,1.4,1.13,12.55,30.58,20.82,9.43,10.94,72.5,15.36,0.37,2.09,10.03,2.98,0.74,75.72,66.0,6.0,26.76,34.93,1,0,High NPL; 
BANK_165,Castaneda-Ashley Rural Bank,Greater Accra,Small,Moderate,7,2022,Q3,2022-Q3,18.68,3.91,5.48,6.52,1.0,0.63,15.07,29.33,20.93,11.01,5.4,43.28,15.38,0.28,1.48,7.07,7.94,1.25,33.69,42.0,10.0,32.65,26.14,1,0,High NPL; 
BANK_165,Castaneda-Ashley Rural Bank,Greater Accra,Small,Moderate,8,2022,Q4,2022-Q4,18.35,3.81,5.29,5.55,0.87,0.72,13.77,28.86,20.77,12.02,10.68,40.32,15.75,0.36,1.98,9.54,6.94,1.23,44.46,92.0,4.0,40.13,28.29,1,0,High NPL; 
BANK_165,Castaneda-Ashley Rural Bank,Greater Accra,Small,Moderate,9,2023,Q1,2023-Q1,18.19,3.74,5.27,12.93,2.01,1.64,14.06,29.0,20.57,15.38,5.77,91.92,15.58,0.3,1.64,7.98,6.2,0.8,,20.0,3.0,56.34,18.0,1,0,High NPL; 
BANK_165,Castaneda-Ashley Rural Bank,Greater Accra,Small,Moderate,10,2023,Q2,2023-Q2,18.64,3.81,5.48,7.76,1.26,1.33,15.04,29.41,20.46,19.24,17.77,51.62,16.26,1.07,5.74,28.06,10.64,0.77,89.38,48.0,11.0,53.16,18.09,1,0,High NPL; 
BANK_165,Castaneda-Ashley Rural Bank,Greater Accra,Small,Moderate,11,2023,Q3,2023-Q3,19.49,3.96,5.93,7.48,1.2,1.16,16.1,30.4,20.34,17.07,13.95,46.46,16.11,0.55,2.8,13.78,5.52,1.45,67.48,85.0,8.0,28.82,,1,0,High NPL; 
BANK_165,Castaneda-Ashley Rural Bank,Greater Accra,Small,Moderate,12,2023,Q4,2023-Q4,21.17,4.29,6.29,14.38,2.24,1.22,17.28,29.69,20.27,10.61,15.68,83.22,15.59,1.09,5.15,25.39,7.89,1.0,64.22,40.0,9.0,18.36,32.08,1,0,High NPL; 
BANK_166,Medina-Navarro Rural Bank,Eastern,Small,Moderate,1,2021,Q1,2021-Q1,15.82,4.12,3.39,9.13,0.45,0.26,13.28,21.44,26.02,22.11,14.9,68.77,4.88,0.2,1.26,4.85,4.39,0.81,76.34,43.0,7.0,30.16,7.76,0,0,
BANK_166,Medina-Navarro Rural Bank,Eastern,Small,Moderate,2,2021,Q2,2021-Q2,15.45,4.09,3.28,8.56,0.43,0.31,10.95,21.25,26.46,16.38,17.19,78.21,5.0,0.66,4.29,16.23,4.02,1.01,72.89,49.0,5.0,56.36,8.81,0,0,
BANK_166,Medina-Navarro Rural Bank,Eastern,Small,Moderate,3,2021,Q3,2021-Q3,16.32,4.3,3.45,11.61,0.56,0.62,12.72,21.12,26.36,24.12,7.22,91.31,4.85,0.48,2.95,11.2,7.42,0.75,53.92,22.0,12.0,58.62,28.09,0,0,
BANK_166,Medina-Navarro Rural Bank,Eastern,Small,Moderate,4,2021,Q4,2021-Q4,18.3,4.83,3.89,10.76,0.52,0.51,15.38,21.28,26.38,19.21,17.87,69.95,4.85,0.52,2.83,10.72,7.34,0.83,63.66,79.0,9.0,33.85,30.35,0,0,
BANK_166,Medina-Navarro Rural Bank,Eastern,Small,Moderate,5,2022,Q1,2022-Q1,18.41,4.77,3.96,12.03,0.56,0.4,12.91,21.5,25.89,18.14,19.67,93.2,4.69,0.59,3.22,12.43,9.33,0.58,90.25,65.0,10.0,42.21,34.67,0,0,
BANK_166,Medina-Navarro Rural Bank,Eastern,Small,Moderate,6,2022,Q2,2022-Q2,19.17,4.97,3.99,10.6,0.49,0.48,14.31,20.82,25.92,8.95,15.26,74.02,4.63,0.67,3.51,13.54,6.08,1.08,85.91,23.0,11.0,45.01,11.12,0,0,
BANK_166,Medina-Navarro Rural Bank,Eastern,Small,Moderate,7,2022,Q3,2022-Q3,19.43,5.12,4.01,10.9,0.52,0.53,16.37,20.65,26.37,15.76,12.22,66.57,4.75,0.94,4.85,18.4,4.08,1.17,64.64,65.0,11.0,57.74,12.92,0,0,
BANK_166,Medina-Navarro Rural Bank,Eastern,Small,Moderate,8,2022,Q4,2022-Q4,19.38,5.17,3.92,10.37,0.5,0.49,16.31,20.25,26.7,10.19,15.43,63.59,4.81,0.52,2.71,10.13,4.28,1.1,52.59,32.0,12.0,36.08,18.63,0,0,
BANK_166,Medina-Navarro Rural Bank,Eastern,Small,Moderate,9,2023,Q1,2023-Q1,19.82,5.34,4.14,9.02,0.43,0.42,15.54,20.87,26.97,17.67,15.65,58.04,4.75,0.62,3.15,11.69,9.13,0.91,76.44,64.0,5.0,45.07,31.54,0,0,
BANK_166,Medina-Navarro Rural Bank,Eastern,Small,Moderate,10,2023,Q2,2023-Q2,21.62,5.8,4.69,13.03,0.62,0.56,15.3,21.68,26.81,22.32,10.04,85.16,4.73,0.26,1.18,4.41,5.87,1.34,,22.0,10.0,32.61,5.58,0,0,
BANK_166,Medina-Navarro Rural Bank,Eastern,Small,Moderate,11,2023,Q3,2023-Q3,21.13,5.63,4.64,8.01,0.39,0.41,15.94,21.96,26.66,19.82,12.66,50.25,4.87,0.79,3.72,13.96,7.51,1.64,87.06,71.0,8.0,47.81,6.88,0,0,
BANK_166,Medina-Navarro Rural Bank,Eastern,Small,Moderate,12,2023,Q4,2023-Q4,21.21,5.69,4.62,8.32,0.41,0.36,14.86,21.77,26.84,9.42,12.54,56.0,4.94,1.25,5.88,21.89,6.11,0.97,,25.0,13.0,35.71,10.35,0,0,
BANK_167,"Hurst, Freeman and Nelson Rural Bank",Western,Small,Moderate,1,2021,Q1,2021-Q1,12.28,1.96,2.83,6.1,0.7,0.72,9.69,23.02,15.94,20.19,13.6,62.93,11.47,0.21,1.71,10.74,7.13,0.41,45.87,66.0,11.0,19.29,11.21,0,0,
BANK_167,"Hurst, Freeman and Nelson Rural Bank",Western,Small,Moderate,2,2021,Q2,2021-Q2,12.26,1.95,3.01,6.03,0.7,0.63,8.87,24.58,15.9,24.91,15.42,67.95,11.62,0.13,1.08,6.8,11.15,0.88,,90.0,10.0,55.02,22.84,0,0,
BANK_167,"Hurst, Freeman and Nelson Rural Bank",Western,Small,Moderate,3,2021,Q3,2021-Q3,12.4,1.94,3.08,4.73,0.56,0.59,9.9,24.82,15.68,10.86,7.69,47.75,11.86,0.53,4.27,27.22,9.33,0.4,36.32,82.0,,33.25,32.61,0,0,
BANK_167,"Hurst, Freeman and Nelson Rural Bank",Western,Small,Moderate,4,2021,Q4,2021-Q4,12.32,1.94,3.15,9.31,1.08,1.21,9.91,25.59,15.78,8.76,7.88,93.94,11.62,0.28,2.31,14.61,3.8,0.81,76.5,62.0,2.0,54.32,33.67,0,0,
BANK_167,"Hurst, Freeman and Nelson Rural Bank",Western,Small,Moderate,5,2022,Q1,2022-Q1,12.98,2.04,3.25,5.48,0.65,0.6,9.45,25.0,15.72,19.64,19.6,57.98,11.84,0.58,4.46,28.38,8.86,0.61,50.25,54.0,12.0,57.22,18.66,0,0,
BANK_167,"Hurst, Freeman and Nelson Rural Bank",Western,Small,Moderate,6,2022,Q2,2022-Q2,14.45,2.3,3.66,11.12,1.29,1.26,12.2,25.36,15.89,12.67,10.29,91.2,11.59,0.79,5.48,34.47,2.63,0.66,55.76,75.0,2.0,55.04,24.77,0,0,
BANK_167,"Hurst, Freeman and Nelson Rural Bank",Western,Small,Moderate,7,2022,Q3,2022-Q3,15.21,2.39,3.85,6.26,0.72,0.77,10.71,25.34,15.69,9.5,13.05,58.5,11.53,0.47,3.11,19.82,6.35,0.88,32.57,36.0,4.0,41.95,12.91,0,0,
BANK_167,"Hurst, Freeman and Nelson Rural Bank",Western,Small,Moderate,8,2022,Q4,2022-Q4,13.62,2.17,3.23,6.92,0.81,0.68,10.46,23.73,15.95,9.24,6.83,66.13,11.67,0.18,1.31,8.22,2.64,0.54,48.07,33.0,5.0,23.36,9.52,0,0,
BANK_167,"Hurst, Freeman and Nelson Rural Bank",Western,Small,Moderate,9,2023,Q1,2023-Q1,13.0,2.04,2.91,10.08,1.14,0.67,10.89,22.38,15.7,24.52,16.16,92.56,11.27,0.62,4.8,30.56,10.48,0.54,56.07,28.0,14.0,27.86,22.88,0,0,
BANK_167,"Hurst, Freeman and Nelson Rural Bank",Western,Small,Moderate,10,2023,Q2,2023-Q2,15.09,2.36,3.56,9.7,1.0,1.11,11.47,23.56,15.63,20.92,7.8,84.52,10.28,0.37,2.48,15.84,7.85,0.55,40.43,62.0,10.0,40.08,21.78,0,0,
BANK_167,"Hurst, Freeman and Nelson Rural Bank",Western,Small,Moderate,11,2023,Q3,2023-Q3,15.44,2.42,3.45,8.95,0.89,0.92,12.88,22.33,15.67,22.91,10.81,69.53,9.93,0.72,4.67,29.83,3.0,0.82,43.78,45.0,8.0,24.97,,0,0,
BANK_167,"Hurst, Freeman and Nelson Rural Bank",Western,Small,Moderate,12,2023,Q4,2023-Q4,15.85,2.49,3.38,6.88,0.69,0.77,12.06,21.32,15.72,10.36,8.17,57.08,10.03,0.51,3.24,20.63,5.11,0.54,36.25,82.0,13.0,48.36,21.18,0,0,
BANK_168,Johnson-Rogers Rural Bank,Upper West,Large,Conservative,1,2021,Q1,2021-Q1,663.6,75.28,226.97,341.27,6.22,6.73,539.2,34.2,11.34,8.12,16.7,63.29,1.82,23.53,3.55,31.25,5.1,21.82,59.08,224.0,23.0,30.71,10.39,1,0,Low Capital; 
BANK_168,Johnson-Rogers Rural Bank,Upper West,Large,Conservative,2,2021,Q2,2021-Q2,636.87,71.97,220.14,479.12,8.79,8.86,532.05,34.57,11.3,18.03,6.26,90.05,1.83,8.28,1.3,11.51,11.0,50.89,76.07,192.0,46.0,19.92,13.96,1,0,Low Capital; 
BANK_168,Johnson-Rogers Rural Bank,Upper West,Large,Conservative,3,2021,Q3,2021-Q3,536.61,61.29,181.18,170.42,3.33,2.16,421.71,33.76,11.42,15.88,7.21,40.41,1.96,22.84,4.26,37.27,10.01,28.24,41.24,,68.0,25.63,26.84,1,0,Low Capital; 
BANK_168,Johnson-Rogers Rural Bank,Upper West,Large,Conservative,4,2021,Q4,2021-Q4,568.93,64.34,193.04,222.66,4.21,3.79,433.13,33.93,11.31,13.53,6.18,51.41,1.89,25.0,4.39,38.86,7.11,37.13,58.01,450.0,34.0,28.87,21.71,1,0,Low Capital; 
BANK_168,Johnson-Rogers Rural Bank,Upper West,Large,Conservative,5,2022,Q1,2022-Q1,652.66,75.01,219.67,393.37,7.56,8.38,543.53,33.66,11.49,22.28,16.94,72.37,1.92,8.48,1.3,11.31,3.25,37.74,32.79,264.0,73.0,22.77,11.18,1,0,Low Capital; 
BANK_168,Johnson-Rogers Rural Bank,Upper West,Large,Conservative,6,2022,Q2,2022-Q2,672.92,77.4,219.92,267.32,5.17,4.71,524.7,32.68,11.5,24.09,17.31,50.95,1.94,21.32,3.17,27.54,10.75,39.56,89.44,216.0,45.0,32.55,6.98,1,0,Low Capital; 
BANK_168,Johnson-Rogers Rural Bank,Upper West,Large,Conservative,7,2022,Q3,2022-Q3,739.55,85.34,235.92,302.81,5.68,4.5,546.95,31.9,11.54,9.97,13.34,55.36,1.88,14.42,1.95,16.9,7.09,,86.97,446.0,71.0,20.66,6.23,1,0,Low Capital; 
BANK_168,Johnson-Rogers Rural Bank,Upper West,Large,Conservative,8,2022,Q4,2022-Q4,698.23,79.87,202.1,405.84,8.14,4.52,527.63,28.94,11.44,21.6,13.34,76.92,2.01,40.35,5.78,50.52,5.87,46.77,65.67,194.0,14.0,26.07,23.15,1,0,Low Capital; 
BANK_168,Johnson-Rogers Rural Bank,Upper West,Large,Conservative,9,2023,Q1,2023-Q1,720.87,81.53,212.32,330.76,6.74,3.75,560.33,29.45,11.31,24.91,17.09,59.03,2.04,14.03,1.95,17.2,2.49,36.43,37.9,491.0,,52.16,10.3,1,0,Low Capital; 
BANK_168,Johnson-Rogers Rural Bank,Upper West,Large,Conservative,10,2023,Q2,2023-Q2,746.79,83.69,224.66,272.59,5.62,5.52,588.76,30.08,11.21,8.94,18.64,46.3,2.06,10.16,1.36,12.14,3.8,32.63,79.39,274.0,15.0,53.37,34.81,1,0,Low Capital; 
BANK_168,Johnson-Rogers Rural Bank,Upper West,Large,Conservative,11,2023,Q3,2023-Q3,808.55,87.94,246.62,373.16,7.65,8.01,611.08,30.5,10.88,10.18,6.18,61.07,2.05,24.47,3.03,27.83,3.92,59.03,39.9,275.0,13.0,43.54,19.46,1,0,Low Capital; 
BANK_168,Johnson-Rogers Rural Bank,Upper West,Large,Conservative,12,2023,Q4,2023-Q4,798.31,86.85,243.82,478.68,9.5,9.18,674.11,30.54,10.88,16.79,12.71,71.01,1.98,16.72,2.09,19.25,8.27,42.84,74.79,375.0,40.0,32.59,6.9,1,0,Low Capital; 
BANK_169,"Yates, Ramsey and Pittman Rural Bank",Northern,Medium,Conservative,1,2021,Q1,2021-Q1,124.08,16.56,49.4,51.47,2.39,2.04,88.48,39.81,13.35,12.55,5.8,58.17,4.64,3.48,2.8,21.0,8.89,9.88,,154.0,27.0,38.94,18.04,0,0,
BANK_169,"Yates, Ramsey and Pittman Rural Bank",Northern,Medium,Conservative,2,2021,Q2,2021-Q2,117.59,15.93,45.48,77.0,3.65,2.93,97.7,38.68,13.54,13.14,9.2,78.81,4.74,4.78,4.06,30.01,11.39,5.6,79.37,112.0,31.0,,27.97,0,0,
BANK_169,"Yates, Ramsey and Pittman Rural Bank",Northern,Medium,Conservative,3,2021,Q3,2021-Q3,114.23,15.26,43.68,66.98,3.46,1.88,80.76,38.24,13.36,17.16,13.86,82.93,5.16,2.8,2.45,18.37,10.02,3.71,39.5,70.0,7.0,42.0,31.06,0,0,
BANK_169,"Yates, Ramsey and Pittman Rural Bank",Northern,Medium,Conservative,4,2021,Q4,2021-Q4,114.47,15.3,43.41,52.57,2.75,2.03,87.88,37.93,13.37,19.27,10.16,59.82,5.23,4.12,3.6,26.9,2.49,8.7,41.57,140.0,35.0,26.13,5.66,0,0,
BANK_169,"Yates, Ramsey and Pittman Rural Bank",Northern,Medium,Conservative,5,2022,Q1,2022-Q1,108.23,14.46,42.55,71.4,3.85,4.14,84.06,39.31,13.36,19.69,13.73,84.94,5.39,6.33,5.85,43.77,6.56,3.52,55.61,217.0,9.0,48.12,21.07,0,0,
BANK_169,"Yates, Ramsey and Pittman Rural Bank",Northern,Medium,Conservative,6,2022,Q2,2022-Q2,112.28,15.07,43.95,83.36,4.57,2.46,93.89,39.14,13.42,20.96,14.91,88.78,5.48,2.97,2.65,19.73,6.87,8.06,71.41,141.0,10.0,57.27,14.97,0,0,
BANK_169,"Yates, Ramsey and Pittman Rural Bank",Northern,Medium,Conservative,7,2022,Q3,2022-Q3,117.08,15.57,45.93,62.37,3.43,3.96,86.06,39.23,13.3,22.69,11.09,72.48,5.5,5.66,4.84,36.38,3.57,6.25,77.31,102.0,6.0,33.81,17.75,0,0,
BANK_169,"Yates, Ramsey and Pittman Rural Bank",Northern,Medium,Conservative,8,2022,Q4,2022-Q4,107.38,14.22,40.9,45.34,2.68,2.57,84.34,38.09,13.24,10.69,18.76,53.77,5.91,2.01,1.87,14.14,7.57,3.47,55.58,129.0,11.0,28.55,14.9,0,0,
BANK_169,"Yates, Ramsey and Pittman Rural Bank",Northern,Medium,Conservative,9,2023,Q1,2023-Q1,106.22,14.11,39.22,59.41,3.77,3.74,89.17,36.92,13.28,22.23,10.41,66.62,6.34,6.33,5.96,44.84,5.35,,35.05,221.0,14.0,17.23,30.96,0,0,
BANK_169,"Yates, Ramsey and Pittman Rural Bank",Northern,Medium,Conservative,10,2023,Q2,2023-Q2,117.76,15.64,43.75,48.51,3.02,2.79,84.72,37.15,13.28,15.27,13.32,57.26,6.23,1.91,1.62,12.22,7.3,8.25,93.36,,9.0,51.48,25.87,0,0,
BANK_169,"Yates, Ramsey and Pittman Rural Bank",Northern,Medium,Conservative,11,2023,Q3,2023-Q3,122.38,16.35,45.22,88.82,5.51,2.77,95.55,36.95,13.36,20.54,10.36,92.96,6.21,4.61,3.76,28.18,3.1,8.65,64.87,72.0,10.0,51.99,15.66,0,0,
BANK_169,"Yates, Ramsey and Pittman Rural Bank",Northern,Medium,Conservative,12,2023,Q4,2023-Q4,129.14,17.12,47.08,61.73,3.9,3.85,108.53,36.46,13.26,10.06,14.63,56.88,6.31,4.85,3.75,28.31,11.3,7.87,64.37,123.0,30.0,56.09,27.6,0,0,
BANK_170,Hooper PLC Rural Bank,Upper West,Medium,Conservative,1,2021,Q1,2021-Q1,158.79,19.43,59.36,54.57,0.92,0.77,129.19,37.38,12.23,20.9,17.51,42.24,1.69,8.56,5.39,44.06,4.83,6.54,94.76,91.0,26.0,57.87,31.9,0,0,
BANK_170,Hooper PLC Rural Bank,Upper West,Medium,Conservative,2,2021,Q2,2021-Q2,173.87,21.09,67.76,74.11,1.31,0.96,125.48,38.97,12.13,10.3,12.94,59.07,1.77,8.77,5.04,41.58,6.62,,31.07,64.0,10.0,20.12,10.75,0,0,
BANK_170,Hooper PLC Rural Bank,Upper West,Medium,Conservative,3,2021,Q3,2021-Q3,152.74,18.55,58.33,51.3,0.93,0.91,122.9,38.19,12.14,17.41,5.57,41.74,1.81,1.96,1.28,10.58,10.39,7.26,55.97,206.0,11.0,15.45,32.27,0,0,
BANK_170,Hooper PLC Rural Bank,Upper West,Medium,Conservative,4,2021,Q4,2021-Q4,138.16,16.79,51.57,41.82,0.77,0.55,100.9,37.33,12.15,21.14,17.29,41.45,1.84,1.67,1.21,9.96,8.08,6.34,42.15,213.0,18.0,40.72,5.99,0,0,
BANK_170,Hooper PLC Rural Bank,Upper West,Medium,Conservative,5,2022,Q1,2022-Q1,131.78,16.16,47.3,77.38,1.48,0.98,94.56,35.9,12.26,22.42,15.4,81.83,1.92,3.45,2.62,21.33,6.02,4.61,39.6,105.0,6.0,23.69,17.27,0,0,
BANK_170,Hooper PLC Rural Bank,Upper West,Medium,Conservative,6,2022,Q2,2022-Q2,129.66,15.82,46.92,60.52,1.17,0.7,105.25,36.19,12.2,11.52,6.21,57.5,1.93,3.04,2.34,19.19,2.13,10.01,58.95,146.0,10.0,54.27,25.78,0,0,
BANK_170,Hooper PLC Rural Bank,Upper West,Medium,Conservative,7,2022,Q3,2022-Q3,140.16,17.07,50.27,42.99,0.83,0.54,100.62,35.87,12.18,22.36,18.58,42.72,1.93,4.62,3.3,27.09,10.38,8.1,81.75,124.0,35.0,45.02,22.86,0,0,
BANK_170,Hooper PLC Rural Bank,Upper West,Medium,Conservative,8,2022,Q4,2022-Q4,134.52,16.35,47.2,87.97,1.79,1.48,102.32,35.09,12.16,16.94,10.07,85.97,2.03,3.79,2.82,23.16,2.55,8.42,37.78,120.0,16.0,21.8,25.0,0,0,
BANK_170,Hooper PLC Rural Bank,Upper West,Medium,Conservative,9,2023,Q1,2023-Q1,136.99,16.56,46.01,57.45,1.18,0.66,102.96,33.59,12.09,15.26,8.74,55.8,2.06,3.76,2.74,22.7,5.38,8.64,79.99,121.0,13.0,37.25,28.63,0,0,
BANK_170,Hooper PLC Rural Bank,Upper West,Medium,Conservative,10,2023,Q2,2023-Q2,136.97,16.58,45.3,97.46,1.95,1.66,103.13,33.07,12.1,10.74,12.2,94.5,2.0,3.06,2.23,18.43,9.12,5.06,90.2,111.0,23.0,29.48,19.34,0,0,
BANK_170,Hooper PLC Rural Bank,Upper West,Medium,Conservative,11,2023,Q3,2023-Q3,144.2,17.65,50.08,50.57,1.0,1.15,117.41,34.73,12.24,10.87,14.98,43.07,1.98,8.51,5.9,48.23,9.17,5.04,64.88,192.0,24.0,34.08,12.44,0,0,
BANK_170,Hooper PLC Rural Bank,Upper West,Medium,Conservative,12,2023,Q4,2023-Q4,145.57,17.59,50.15,93.42,1.88,1.98,104.18,34.45,12.08,22.31,5.18,89.67,2.01,8.05,5.53,45.77,11.11,9.98,67.86,162.0,5.0,47.52,11.8,0,0,
BANK_171,Meadows PLC Rural Bank,Northern,Medium,Conservative,1,2021,Q1,2021-Q1,174.3,35.18,46.45,72.67,3.18,3.67,140.93,26.65,20.18,9.01,19.81,51.57,4.38,6.39,3.67,18.17,7.22,7.95,94.12,63.0,,26.71,5.06,0,0,
BANK_171,Meadows PLC Rural Bank,Northern,Medium,Conservative,2,2021,Q2,2021-Q2,179.18,36.27,47.73,126.94,5.67,4.29,147.26,26.64,20.24,14.94,17.86,86.2,4.47,4.01,2.24,11.06,6.48,,67.26,216.0,13.0,58.02,5.4,0,0,
BANK_171,Meadows PLC Rural Bank,Northern,Medium,Conservative,3,2021,Q3,2021-Q3,161.37,32.45,42.99,71.66,3.41,2.34,115.19,26.64,20.11,9.2,16.78,62.21,4.77,7.15,4.43,22.04,2.42,11.22,80.1,114.0,20.0,45.11,33.77,0,0,
BANK_171,Meadows PLC Rural Bank,Northern,Medium,Conservative,4,2021,Q4,2021-Q4,174.85,35.16,50.69,86.49,4.16,4.55,125.43,28.99,20.11,24.94,9.88,68.96,4.81,10.13,5.8,28.82,4.36,8.2,47.85,,9.0,38.03,31.17,0,0,
BANK_171,Meadows PLC Rural Bank,Northern,Medium,Conservative,5,2022,Q1,2022-Q1,187.55,37.81,53.33,94.53,4.56,3.46,154.79,28.44,20.16,11.48,19.39,61.07,4.83,5.93,3.16,15.69,6.44,13.21,86.48,181.0,25.0,,22.26,0,0,
BANK_171,Meadows PLC Rural Bank,Northern,Medium,Conservative,6,2022,Q2,2022-Q2,183.08,36.53,50.8,108.1,5.16,5.38,144.19,27.74,19.95,21.48,6.42,74.97,4.78,6.29,3.43,17.22,3.49,6.0,47.65,,24.0,47.31,19.15,0,0,
BANK_171,Meadows PLC Rural Bank,Northern,Medium,Conservative,7,2022,Q3,2022-Q3,188.43,38.21,53.81,68.99,3.2,3.29,155.41,28.56,20.28,10.31,6.26,44.39,4.63,7.86,4.17,20.58,11.89,7.07,39.23,143.0,25.0,16.19,19.99,0,0,
BANK_171,Meadows PLC Rural Bank,Northern,Medium,Conservative,8,2022,Q4,2022-Q4,173.23,35.05,44.21,113.07,5.41,4.29,140.22,25.52,20.23,22.57,15.69,80.64,4.78,7.9,4.56,22.55,7.0,12.42,82.35,51.0,20.0,16.9,14.22,0,0,
BANK_171,Meadows PLC Rural Bank,Northern,Medium,Conservative,9,2023,Q1,2023-Q1,152.45,30.53,37.66,77.87,3.89,2.62,115.84,24.7,20.03,8.93,15.15,67.23,5.0,5.96,3.91,19.52,5.17,10.0,,243.0,,31.07,19.43,0,0,
BANK_171,Meadows PLC Rural Bank,Northern,Medium,Conservative,10,2023,Q2,2023-Q2,161.97,32.63,42.4,81.16,4.08,3.34,126.57,26.18,20.14,21.01,7.17,64.12,5.02,4.56,2.81,13.96,11.87,12.53,75.98,226.0,17.0,41.17,13.18,0,0,
BANK_171,Meadows PLC Rural Bank,Northern,Medium,Conservative,11,2023,Q3,2023-Q3,167.33,34.04,43.69,120.07,5.93,3.64,137.14,26.11,20.34,13.76,13.04,87.55,4.94,4.13,2.47,12.13,2.38,8.63,36.88,94.0,30.0,37.27,,0,0,
BANK_171,Meadows PLC Rural Bank,Northern,Medium,Conservative,12,2023,Q4,2023-Q4,172.3,34.96,44.81,98.97,4.83,2.47,144.42,26.01,20.29,10.18,18.56,68.53,4.88,7.06,4.1,20.2,5.21,10.75,63.02,,12.0,18.65,28.47,0,0,
BANK_172,"Alvarado, Miller and Patterson Rural Bank",Central,Small,Aggressive,1,2021,Q1,2021-Q1,41.86,8.33,6.7,19.23,2.28,1.23,35.3,16.0,19.91,12.45,7.36,54.49,11.84,2.39,5.72,28.73,7.75,3.28,81.06,77.0,12.0,42.22,5.33,0,0,
BANK_172,"Alvarado, Miller and Patterson Rural Bank",Central,Small,Aggressive,2,2021,Q2,2021-Q2,39.88,7.9,6.49,18.9,2.27,2.4,28.68,16.28,19.81,12.7,11.51,65.88,12.0,0.85,2.12,10.71,2.37,,54.86,86.0,10.0,21.49,34.61,0,0,
BANK_172,"Alvarado, Miller and Patterson Rural Bank",Central,Small,Aggressive,3,2021,Q3,2021-Q3,41.74,8.34,6.51,28.89,3.57,2.32,32.18,15.59,19.99,23.43,8.25,89.78,12.37,2.18,5.23,26.17,6.65,1.65,62.27,31.0,5.0,36.72,5.63,0,0,
BANK_172,"Alvarado, Miller and Patterson Rural Bank",Central,Small,Aggressive,4,2021,Q4,2021-Q4,39.84,8.01,6.29,12.81,1.59,1.59,31.07,15.8,20.11,20.25,18.0,41.22,12.44,1.67,4.19,20.83,5.64,2.76,70.85,67.0,12.0,26.01,11.97,0,0,
BANK_172,"Alvarado, Miller and Patterson Rural Bank",Central,Small,Aggressive,5,2022,Q1,2022-Q1,40.41,8.11,6.39,19.51,2.42,1.69,31.29,15.82,20.07,22.48,10.06,62.34,12.42,1.26,3.11,15.47,9.18,,65.4,,10.0,51.91,12.83,0,0,
BANK_172,"Alvarado, Miller and Patterson Rural Bank",Central,Small,Aggressive,6,2022,Q2,2022-Q2,45.71,9.28,7.6,17.78,2.17,2.4,35.33,16.62,20.3,13.18,12.28,50.34,12.2,2.55,5.58,27.5,10.48,2.29,44.73,25.0,5.0,54.8,13.76,0,0,
BANK_172,"Alvarado, Miller and Patterson Rural Bank",Central,Small,Aggressive,7,2022,Q3,2022-Q3,45.64,9.2,7.68,31.18,3.71,1.94,33.78,16.83,20.16,9.83,6.53,92.31,11.9,1.75,3.84,19.07,2.62,2.67,72.42,31.0,8.0,58.37,30.09,0,0,
BANK_172,"Alvarado, Miller and Patterson Rural Bank",Central,Small,Aggressive,8,2022,Q4,2022-Q4,44.31,9.09,7.4,23.4,2.96,3.49,36.1,16.7,20.52,18.89,10.91,64.83,12.66,1.8,4.06,19.81,6.06,1.77,54.32,61.0,2.0,36.41,30.86,0,0,
BANK_172,"Alvarado, Miller and Patterson Rural Bank",Central,Small,Aggressive,9,2023,Q1,2023-Q1,46.51,9.51,7.68,19.53,2.42,1.69,37.27,16.51,20.46,18.12,10.9,52.4,12.41,2.25,4.83,23.62,11.24,3.64,52.83,88.0,9.0,46.15,30.53,0,0,
BANK_172,"Alvarado, Miller and Patterson Rural Bank",Central,Small,Aggressive,10,2023,Q2,2023-Q2,42.92,8.83,7.27,27.98,3.42,2.12,34.41,16.95,20.58,20.27,10.08,81.31,12.23,1.04,2.43,11.79,4.22,1.75,39.65,54.0,5.0,55.22,25.67,0,0,
BANK_172,"Alvarado, Miller and Patterson Rural Bank",Central,Small,Aggressive,11,2023,Q3,2023-Q3,41.73,8.72,6.97,20.44,2.54,1.49,30.26,16.71,20.89,8.97,14.0,67.54,12.43,1.33,3.18,15.24,9.38,2.86,86.78,35.0,,49.34,9.72,0,0,
BANK_172,"Alvarado, Miller and Patterson Rural Bank",Central,Small,Aggressive,12,2023,Q4,2023-Q4,42.68,9.03,7.15,15.43,1.95,1.27,32.65,16.75,21.15,16.06,6.0,47.26,12.64,0.88,2.06,9.74,7.58,3.22,66.9,60.0,11.0,21.64,32.17,0,0,
BANK_173,White-Green Rural Bank,Greater Accra,Medium,Moderate,1,2021,Q1,2021-Q1,136.65,31.56,30.94,81.52,9.58,5.14,108.79,22.64,23.1,24.37,17.28,74.93,11.76,3.06,2.24,9.69,7.42,5.3,51.01,193.0,25.0,33.64,33.14,0,0,
BANK_173,White-Green Rural Bank,Greater Accra,Medium,Moderate,2,2021,Q2,2021-Q2,131.86,30.73,30.09,81.89,9.48,5.17,92.74,22.82,23.3,23.52,11.98,88.29,11.58,6.67,5.06,21.71,3.85,9.47,39.52,145.0,28.0,39.02,,0,0,
BANK_173,White-Green Rural Bank,Greater Accra,Medium,Moderate,3,2021,Q3,2021-Q3,124.12,29.49,28.54,40.31,4.83,4.25,95.97,23.0,23.76,23.05,18.88,42.0,11.99,3.86,3.11,13.11,5.17,9.77,73.37,135.0,33.0,45.74,24.14,0,0,
BANK_173,White-Green Rural Bank,Greater Accra,Medium,Moderate,4,2021,Q4,2021-Q4,128.28,30.75,29.2,67.66,8.04,6.96,107.29,22.76,23.97,8.59,12.39,63.06,11.89,5.93,4.62,19.29,3.27,4.56,91.51,204.0,18.0,25.78,30.3,0,0,
BANK_173,White-Green Rural Bank,Greater Accra,Medium,Moderate,5,2022,Q1,2022-Q1,131.19,31.61,29.59,55.2,6.73,5.14,103.43,22.56,24.09,19.03,13.7,53.37,12.2,2.56,1.95,8.1,2.91,4.2,57.02,82.0,37.0,50.93,25.8,0,0,
BANK_173,White-Green Rural Bank,Greater Accra,Medium,Moderate,6,2022,Q2,2022-Q2,129.75,31.51,29.96,91.41,10.97,6.61,96.47,23.09,24.28,23.05,18.19,94.76,12.0,3.9,3.01,12.38,2.04,5.8,42.72,170.0,29.0,37.39,10.58,0,0,
BANK_173,White-Green Rural Bank,Greater Accra,Medium,Moderate,7,2022,Q3,2022-Q3,130.61,31.59,29.74,60.78,7.35,7.2,96.37,22.77,24.19,11.24,17.09,63.07,12.09,4.75,3.64,15.03,6.21,8.52,85.94,111.0,34.0,46.81,6.11,0,0,
BANK_173,White-Green Rural Bank,Greater Accra,Medium,Moderate,8,2022,Q4,2022-Q4,118.68,29.13,25.98,54.1,7.15,7.03,93.6,21.89,24.55,22.26,19.18,57.8,13.21,4.45,3.75,15.29,5.19,,52.75,85.0,23.0,17.18,6.1,0,0,
BANK_173,White-Green Rural Bank,Greater Accra,Medium,Moderate,9,2023,Q1,2023-Q1,122.85,30.02,25.89,62.02,8.09,5.14,92.32,21.07,24.43,19.54,11.1,67.18,13.04,1.76,1.43,5.86,7.17,6.61,49.63,70.0,27.0,40.63,29.28,0,0,
BANK_173,White-Green Rural Bank,Greater Accra,Medium,Moderate,10,2023,Q2,2023-Q2,127.3,30.89,25.8,42.35,5.68,3.81,91.69,20.27,24.27,18.27,9.38,46.19,13.42,2.87,2.26,9.29,5.65,9.48,62.52,170.0,11.0,20.92,17.4,0,0,
BANK_173,White-Green Rural Bank,Greater Accra,Medium,Moderate,11,2023,Q3,2023-Q3,131.77,32.17,27.79,97.38,12.94,7.08,110.71,21.09,24.41,16.1,14.33,87.97,13.28,2.52,1.91,7.84,6.42,8.72,73.39,205.0,20.0,37.99,33.07,0,0,
BANK_173,White-Green Rural Bank,Greater Accra,Medium,Moderate,12,2023,Q4,2023-Q4,146.97,36.13,29.49,92.54,11.94,9.15,123.02,20.06,24.58,21.01,14.97,75.23,12.91,7.67,5.22,21.24,5.58,5.46,62.12,246.0,11.0,35.34,13.14,0,0,
BANK_174,Lewis-Murphy Rural Bank,Greater Accra,Small,Moderate,1,2021,Q1,2021-Q1,46.52,9.36,11.92,15.02,1.0,0.86,37.12,25.62,20.12,18.07,13.68,40.45,6.68,2.37,5.09,25.31,4.99,1.99,81.73,77.0,4.0,15.04,24.98,0,0,
BANK_174,Lewis-Murphy Rural Bank,Greater Accra,Small,Moderate,2,2021,Q2,2021-Q2,49.11,9.91,12.51,26.58,1.85,1.76,37.61,25.47,20.18,11.5,17.08,70.68,6.96,1.99,4.05,20.06,6.05,1.62,54.78,38.0,12.0,19.72,15.82,0,0,
BANK_174,Lewis-Murphy Rural Bank,Greater Accra,Small,Moderate,3,2021,Q3,2021-Q3,50.59,10.24,12.4,28.05,1.96,1.85,38.25,24.5,20.24,20.18,10.03,73.35,6.98,1.45,2.86,14.13,3.53,1.87,82.82,72.0,11.0,36.97,18.72,0,0,
BANK_174,Lewis-Murphy Rural Bank,Greater Accra,Small,Moderate,4,2021,Q4,2021-Q4,48.57,9.78,11.98,37.8,2.63,1.94,39.98,24.66,20.14,13.96,7.31,94.55,6.95,1.66,3.42,16.98,6.22,3.73,76.85,26.0,,20.98,13.38,0,0,
BANK_174,Lewis-Murphy Rural Bank,Greater Accra,Small,Moderate,5,2022,Q1,2022-Q1,54.64,10.87,13.04,18.62,1.3,0.87,42.47,23.87,19.89,10.45,12.5,43.84,6.99,1.31,2.4,12.07,3.0,2.41,86.35,44.0,8.0,38.39,10.35,0,0,
BANK_174,Lewis-Murphy Rural Bank,Greater Accra,Small,Moderate,6,2022,Q2,2022-Q2,58.88,11.69,14.23,44.39,3.1,2.6,48.91,24.16,19.85,18.47,6.21,90.76,6.98,0.86,1.46,7.37,7.57,4.24,90.88,42.0,5.0,27.18,9.6,0,0,
BANK_174,Lewis-Murphy Rural Bank,Greater Accra,Small,Moderate,7,2022,Q3,2022-Q3,63.92,12.64,15.6,43.11,3.12,3.52,48.15,24.41,19.78,22.82,15.68,89.52,7.24,2.11,3.3,16.69,11.07,3.34,88.68,82.0,4.0,56.84,12.27,0,0,
BANK_174,Lewis-Murphy Rural Bank,Greater Accra,Small,Moderate,8,2022,Q4,2022-Q4,58.87,11.74,13.97,19.23,1.47,1.61,41.79,23.73,19.93,19.98,15.01,46.01,7.67,2.47,4.2,21.08,8.85,2.03,56.81,68.0,,47.16,12.58,0,0,
BANK_174,Lewis-Murphy Rural Bank,Greater Accra,Small,Moderate,9,2023,Q1,2023-Q1,64.85,12.92,14.81,40.63,3.13,2.19,51.4,22.84,19.93,17.69,14.04,79.05,7.71,1.02,1.58,7.91,4.32,4.57,56.34,73.0,8.0,30.33,19.86,0,0,
BANK_174,Lewis-Murphy Rural Bank,Greater Accra,Small,Moderate,10,2023,Q2,2023-Q2,62.93,12.65,14.43,24.22,1.9,1.45,47.37,22.93,20.1,10.25,11.32,51.14,7.86,1.95,3.1,15.43,9.72,2.03,78.45,74.0,2.0,43.6,13.96,0,0,
BANK_174,Lewis-Murphy Rural Bank,Greater Accra,Small,Moderate,11,2023,Q3,2023-Q3,65.17,12.95,15.28,45.12,3.5,1.97,52.87,23.44,19.87,14.25,8.08,85.35,7.76,3.31,5.08,25.58,5.97,3.44,56.78,38.0,2.0,23.13,15.92,0,0,
BANK_174,Lewis-Murphy Rural Bank,Greater Accra,Small,Moderate,12,2023,Q4,2023-Q4,69.73,13.64,17.25,35.46,2.67,2.97,49.7,24.74,19.57,16.94,14.21,71.35,7.52,0.93,1.33,6.79,2.09,4.54,,43.0,7.0,18.26,16.76,0,0,
BANK_175,Ramirez-Bean Rural Bank,Volta,Medium,Conservative,1,2021,Q1,2021-Q1,97.2,24.89,37.28,61.48,0.4,0.47,75.34,38.36,25.6,12.42,7.62,81.6,0.66,3.78,3.89,15.18,11.0,7.44,77.53,195.0,14.0,59.54,12.3,0,0,
BANK_175,Ramirez-Bean Rural Bank,Volta,Medium,Conservative,2,2021,Q2,2021-Q2,101.66,25.71,39.26,66.9,0.43,0.28,77.21,38.62,25.29,22.16,12.02,86.65,0.65,3.4,3.34,13.22,4.31,4.92,48.53,161.0,6.0,25.12,15.65,0,0,
BANK_175,Ramirez-Bean Rural Bank,Volta,Medium,Conservative,3,2021,Q3,2021-Q3,109.23,27.81,43.7,43.23,0.28,0.17,85.6,40.0,25.45,24.95,12.56,50.5,0.64,3.71,3.4,13.36,5.2,6.03,47.14,,33.0,34.3,27.59,0,0,
BANK_175,Ramirez-Bean Rural Bank,Volta,Medium,Conservative,4,2021,Q4,2021-Q4,115.32,29.43,46.25,82.38,0.53,0.29,89.66,40.1,25.52,11.65,15.37,91.88,0.64,3.04,2.64,10.34,9.82,8.67,59.37,107.0,16.0,44.54,9.74,0,0,
BANK_175,Ramirez-Bean Rural Bank,Volta,Medium,Conservative,5,2022,Q1,2022-Q1,129.92,33.55,49.18,67.97,0.43,0.25,92.83,37.86,25.83,8.17,15.62,73.21,0.63,1.77,1.36,5.28,6.46,5.46,34.48,101.0,22.0,48.4,17.36,0,0,
BANK_175,Ramirez-Bean Rural Bank,Volta,Medium,Conservative,6,2022,Q2,2022-Q2,146.27,38.41,59.73,56.27,0.35,0.29,112.84,40.83,26.26,24.55,18.44,49.87,0.63,8.25,5.64,21.47,8.11,7.6,79.1,152.0,37.0,45.87,,0,0,
BANK_175,Ramirez-Bean Rural Bank,Volta,Medium,Conservative,7,2022,Q3,2022-Q3,161.36,42.1,65.94,115.75,0.71,0.68,136.6,40.87,26.09,9.2,17.64,84.74,0.62,9.44,5.85,22.43,9.59,12.76,54.52,53.0,21.0,20.45,25.39,0,0,
BANK_175,Ramirez-Bean Rural Bank,Volta,Medium,Conservative,8,2022,Q4,2022-Q4,168.04,43.84,63.54,114.74,0.73,0.83,134.04,37.81,26.09,15.49,9.37,85.6,0.63,4.38,2.61,10.0,2.59,8.76,72.57,103.0,28.0,36.52,,0,0,
BANK_175,Ramirez-Bean Rural Bank,Volta,Medium,Conservative,9,2023,Q1,2023-Q1,178.43,46.25,67.4,109.67,0.68,0.65,135.76,37.78,25.92,10.43,18.99,80.78,0.62,9.2,5.15,19.88,11.61,6.56,54.44,237.0,20.0,39.09,27.43,0,0,
BANK_175,Ramirez-Bean Rural Bank,Volta,Medium,Conservative,10,2023,Q2,2023-Q2,177.05,46.1,66.52,129.94,0.76,0.89,142.13,37.57,26.04,16.58,6.67,91.42,0.58,6.35,3.59,13.77,11.84,6.3,94.07,,20.0,30.19,,0,0,
BANK_175,Ramirez-Bean Rural Bank,Volta,Medium,Conservative,11,2023,Q3,2023-Q3,176.41,45.93,66.64,90.06,0.54,0.58,141.39,37.78,26.04,18.04,8.33,63.69,0.6,6.81,3.86,14.82,4.78,13.74,35.0,129.0,26.0,57.55,20.05,0,0,
BANK_175,Ramirez-Bean Rural Bank,Volta,Medium,Conservative,12,2023,Q4,2023-Q4,165.59,43.26,61.54,82.35,0.49,0.27,127.72,37.16,26.13,13.09,16.94,64.47,0.6,2.65,1.6,6.12,5.34,6.85,48.54,79.0,19.0,37.39,30.1,0,0,
BANK_176,King-Miller Rural Bank,Ashanti,Small,Moderate,1,2021,Q1,2021-Q1,29.25,3.81,7.33,13.41,1.03,0.88,23.79,25.08,13.03,24.25,16.04,56.35,7.65,0.52,1.77,13.57,11.39,1.7,94.59,65.0,10.0,48.73,29.65,0,0,
BANK_176,King-Miller Rural Bank,Ashanti,Small,Moderate,2,2021,Q2,2021-Q2,32.35,4.2,7.97,16.61,1.27,1.29,26.63,24.65,13.0,18.84,14.22,62.39,7.67,0.83,2.58,19.84,8.35,2.22,44.1,66.0,12.0,33.51,22.15,0,0,
BANK_176,King-Miller Rural Bank,Ashanti,Small,Moderate,3,2021,Q3,2021-Q3,31.93,4.21,7.92,19.16,1.49,0.78,25.1,24.79,13.18,12.33,6.79,76.32,7.76,1.0,3.15,23.86,3.55,,44.46,,7.0,39.98,32.98,0,0,
BANK_176,King-Miller Rural Bank,Ashanti,Small,Moderate,4,2021,Q4,2021-Q4,29.98,3.96,7.25,22.64,1.78,1.52,25.42,24.19,13.22,19.88,8.31,89.06,7.88,1.72,5.75,43.52,4.76,2.01,58.47,72.0,7.0,,15.13,0,0,
BANK_176,King-Miller Rural Bank,Ashanti,Small,Moderate,5,2022,Q1,2022-Q1,33.26,4.39,7.93,15.1,1.2,1.29,26.01,23.85,13.21,10.78,5.64,58.04,7.97,1.54,4.63,35.1,8.46,,40.72,96.0,8.0,23.26,26.54,0,0,
BANK_176,King-Miller Rural Bank,Ashanti,Small,Moderate,6,2022,Q2,2022-Q2,38.98,5.17,9.63,13.42,1.03,1.03,31.61,24.7,13.26,15.5,19.94,42.47,7.65,1.0,2.56,19.32,8.96,3.09,35.96,,14.0,20.08,24.53,0,0,
BANK_176,King-Miller Rural Bank,Ashanti,Small,Moderate,7,2022,Q3,2022-Q3,35.12,4.61,8.01,13.57,1.05,0.67,27.31,22.79,13.11,13.95,8.14,49.7,7.74,2.1,5.99,45.65,5.68,1.78,31.29,50.0,11.0,38.2,24.71,0,0,
BANK_176,King-Miller Rural Bank,Ashanti,Small,Moderate,8,2022,Q4,2022-Q4,32.16,4.22,7.51,19.67,1.54,0.98,25.15,23.36,13.13,22.11,9.98,78.18,7.83,0.95,2.96,22.52,8.55,1.58,90.27,99.0,10.0,42.1,30.22,0,0,
BANK_176,King-Miller Rural Bank,Ashanti,Small,Moderate,9,2023,Q1,2023-Q1,34.59,4.54,8.52,12.12,0.95,1.11,29.02,24.63,13.14,23.08,11.19,41.75,7.88,0.52,1.5,11.43,8.24,1.97,80.47,44.0,2.0,23.34,11.33,0,0,
BANK_176,King-Miller Rural Bank,Ashanti,Small,Moderate,10,2023,Q2,2023-Q2,35.03,4.54,8.72,11.94,0.97,0.7,27.07,24.88,12.95,12.42,15.6,44.08,8.15,1.16,3.3,25.51,8.6,1.13,49.08,82.0,8.0,57.83,31.03,0,0,
BANK_176,King-Miller Rural Bank,Ashanti,Small,Moderate,11,2023,Q3,2023-Q3,37.95,4.87,9.28,15.68,1.26,1.48,31.58,24.45,12.84,8.53,9.11,49.64,8.01,1.06,2.8,21.78,2.38,2.09,56.08,77.0,14.0,,13.56,0,0,
BANK_176,King-Miller Rural Bank,Ashanti,Small,Moderate,12,2023,Q4,2023-Q4,38.85,5.04,8.76,13.82,1.16,0.68,27.43,22.56,12.97,9.01,13.3,50.37,8.38,0.8,2.06,15.88,2.63,1.27,58.87,84.0,10.0,45.57,12.87,0,0,
BANK_177,Curry Inc Rural Bank,Western,Medium,Conservative,1,2021,Q1,2021-Q1,51.67,9.26,21.05,33.82,2.1,1.62,36.72,40.74,17.91,16.41,10.66,92.1,6.21,2.65,5.13,28.66,6.67,2.59,92.64,123.0,31.0,,6.88,0,0,
BANK_177,Curry Inc Rural Bank,Western,Medium,Conservative,2,2021,Q2,2021-Q2,58.01,10.24,23.05,19.6,1.19,0.84,46.67,39.73,17.65,23.94,14.13,42.0,6.09,1.96,3.38,19.16,6.35,3.38,90.5,111.0,10.0,41.8,19.75,0,0,
BANK_177,Curry Inc Rural Bank,Western,Medium,Conservative,3,2021,Q3,2021-Q3,57.69,10.11,20.88,38.31,2.39,1.32,49.0,36.19,17.52,22.14,13.44,78.18,6.25,0.87,1.51,8.64,11.34,2.74,51.94,115.0,35.0,,34.2,0,0,
BANK_177,Curry Inc Rural Bank,Western,Medium,Conservative,4,2021,Q4,2021-Q4,57.28,10.07,20.67,25.82,1.7,0.86,46.18,36.08,17.58,21.31,10.8,55.91,6.57,3.28,5.72,32.53,8.69,4.16,61.09,54.0,37.0,17.65,10.78,0,0,
BANK_177,Curry Inc Rural Bank,Western,Medium,Conservative,5,2022,Q1,2022-Q1,59.43,10.39,21.8,25.83,1.69,1.62,50.13,36.68,17.49,22.54,13.75,51.53,6.54,1.63,2.75,15.7,4.54,2.54,83.33,142.0,28.0,44.26,14.19,0,0,
BANK_177,Curry Inc Rural Bank,Western,Medium,Conservative,6,2022,Q2,2022-Q2,64.65,11.28,24.67,21.23,1.31,1.14,47.74,38.15,17.44,12.17,5.36,44.47,6.19,2.17,3.36,19.24,9.5,2.8,52.61,194.0,22.0,19.26,27.74,0,0,
BANK_177,Curry Inc Rural Bank,Western,Medium,Conservative,7,2022,Q3,2022-Q3,62.69,10.77,23.69,35.32,2.24,2.08,50.54,37.79,17.18,14.62,8.68,69.88,6.33,3.4,5.43,31.6,7.8,3.3,30.75,193.0,7.0,28.02,33.85,0,0,
BANK_177,Curry Inc Rural Bank,Western,Medium,Conservative,8,2022,Q4,2022-Q4,56.88,9.69,21.15,24.96,1.63,1.93,42.62,37.18,17.03,12.68,18.99,58.57,6.53,2.89,5.07,29.79,4.88,2.49,33.74,73.0,21.0,40.96,29.48,0,0,
BANK_177,Curry Inc Rural Bank,Western,Medium,Conservative,9,2023,Q1,2023-Q1,56.01,9.49,20.01,25.18,1.63,1.69,42.18,35.72,16.94,19.73,8.0,59.68,6.47,1.53,2.73,16.11,3.46,3.13,89.73,74.0,,41.97,22.66,0,0,
BANK_177,Curry Inc Rural Bank,Western,Medium,Conservative,10,2023,Q2,2023-Q2,65.99,11.11,24.86,32.98,2.02,2.33,52.78,37.68,16.84,18.93,14.31,62.49,6.11,2.07,3.14,18.65,8.44,3.97,57.41,162.0,27.0,52.75,14.13,0,0,
BANK_177,Curry Inc Rural Bank,Western,Medium,Conservative,11,2023,Q3,2023-Q3,66.23,11.12,25.28,22.63,1.4,1.57,52.64,38.18,16.79,21.82,12.34,42.98,6.18,1.2,1.81,10.8,9.87,3.7,89.71,87.0,9.0,25.86,,0,0,
BANK_177,Curry Inc Rural Bank,Western,Medium,Conservative,12,2023,Q4,2023-Q4,61.24,10.18,23.52,28.93,1.78,1.04,44.2,38.4,16.63,20.05,11.24,65.46,6.16,0.71,1.16,6.96,5.68,2.28,87.38,214.0,6.0,39.77,13.86,0,0,
BANK_178,Walker-Jones Rural Bank,Eastern,Medium,Moderate,1,2021,Q1,2021-Q1,78.88,11.72,26.05,27.16,3.79,3.08,62.89,33.03,14.85,23.42,17.24,43.18,13.96,3.23,4.09,27.53,6.56,5.28,89.55,186.0,,51.9,33.55,0,0,
BANK_178,Walker-Jones Rural Bank,Eastern,Medium,Moderate,2,2021,Q2,2021-Q2,84.68,12.48,26.93,29.41,4.23,3.84,63.72,31.81,14.74,8.57,12.77,46.16,14.37,1.1,1.3,8.79,4.61,5.69,38.24,90.0,34.0,39.58,23.63,0,0,
BANK_178,Walker-Jones Rural Bank,Eastern,Medium,Moderate,3,2021,Q3,2021-Q3,75.33,11.06,23.1,42.04,6.38,5.0,58.05,30.67,14.68,8.62,8.74,72.41,15.19,3.92,5.2,35.41,5.18,5.82,87.17,96.0,36.0,53.41,34.55,1,0,High NPL; 
BANK_178,Walker-Jones Rural Bank,Eastern,Medium,Moderate,4,2021,Q4,2021-Q4,81.43,11.98,25.83,56.09,8.41,8.54,64.45,31.72,14.71,23.59,15.35,87.03,15.0,2.41,2.96,20.15,2.26,2.9,93.17,224.0,20.0,58.24,10.57,0,0,
BANK_178,Walker-Jones Rural Bank,Eastern,Medium,Moderate,5,2022,Q1,2022-Q1,83.54,12.18,26.04,39.72,6.05,4.55,67.68,31.17,14.58,24.77,10.73,58.69,15.24,4.16,4.98,34.16,8.46,3.46,92.17,56.0,12.0,16.65,34.0,1,0,High NPL; 
BANK_178,Walker-Jones Rural Bank,Eastern,Medium,Moderate,6,2022,Q2,2022-Q2,86.35,12.68,27.71,35.69,5.34,3.5,64.16,32.09,14.68,19.87,10.52,55.63,14.97,2.01,2.32,15.81,2.13,6.61,50.38,202.0,20.0,21.03,24.86,0,0,
BANK_178,Walker-Jones Rural Bank,Eastern,Medium,Moderate,7,2022,Q3,2022-Q3,84.34,12.26,26.26,26.81,4.13,4.62,65.54,31.13,14.54,8.79,5.49,40.9,15.39,1.57,1.86,12.8,5.88,4.05,48.75,98.0,13.0,21.0,9.9,1,0,High NPL; 
BANK_178,Walker-Jones Rural Bank,Eastern,Medium,Moderate,8,2022,Q4,2022-Q4,74.57,10.93,22.09,33.48,5.24,5.16,53.43,29.62,14.66,9.37,11.0,62.66,15.64,4.16,5.57,38.04,3.21,4.97,48.95,114.0,,44.09,28.85,1,0,High NPL; 
BANK_178,Walker-Jones Rural Bank,Eastern,Medium,Moderate,9,2023,Q1,2023-Q1,75.36,11.09,21.52,37.1,5.87,6.43,59.06,28.55,14.71,22.68,14.32,62.82,15.83,2.52,3.34,22.72,4.36,5.41,94.96,125.0,35.0,59.26,16.87,1,0,High NPL; 
BANK_178,Walker-Jones Rural Bank,Eastern,Medium,Moderate,10,2023,Q2,2023-Q2,80.93,12.1,22.84,29.62,4.67,5.37,61.1,28.22,14.95,17.52,15.83,48.48,15.78,0.99,1.23,8.2,11.3,2.97,87.39,192.0,25.0,41.41,8.93,1,0,High NPL; 
BANK_178,Walker-Jones Rural Bank,Eastern,Medium,Moderate,11,2023,Q3,2023-Q3,75.35,11.27,21.35,39.04,6.37,3.6,60.43,28.33,14.95,21.6,13.58,64.6,16.31,1.62,2.15,14.39,7.4,6.0,93.96,113.0,9.0,57.22,31.81,1,0,High NPL; 
BANK_178,Walker-Jones Rural Bank,Eastern,Medium,Moderate,12,2023,Q4,2023-Q4,73.96,11.07,20.12,30.4,5.23,3.64,62.23,27.2,14.96,16.08,16.27,48.85,17.21,3.5,4.73,31.59,6.92,5.35,76.35,65.0,24.0,42.57,16.43,1,0,High NPL; 
BANK_179,"Williams, Johnson and Wright Rural Bank",Ashanti,Small,Moderate,1,2021,Q1,2021-Q1,19.52,1.83,5.87,9.63,1.07,0.88,16.45,30.09,9.38,21.24,11.69,58.51,11.09,0.66,3.38,36.07,2.76,1.35,35.87,87.0,6.0,43.72,27.21,1,0,Low Capital; 
BANK_179,"Williams, Johnson and Wright Rural Bank",Ashanti,Small,Moderate,2,2021,Q2,2021-Q2,19.53,1.82,5.79,13.67,1.54,1.2,15.78,29.62,9.34,16.19,14.06,86.65,11.27,0.78,3.99,42.75,11.86,0.65,37.08,86.0,2.0,35.27,28.22,1,0,Low Capital; 
BANK_179,"Williams, Johnson and Wright Rural Bank",Ashanti,Small,Moderate,3,2021,Q3,2021-Q3,18.97,1.76,5.47,7.34,0.83,0.75,15.21,28.82,9.29,24.44,9.65,48.25,11.31,1.05,5.56,59.81,10.64,1.07,49.35,76.0,7.0,50.01,5.49,1,0,Low Capital; 
BANK_179,"Williams, Johnson and Wright Rural Bank",Ashanti,Small,Moderate,4,2021,Q4,2021-Q4,17.65,1.65,5.07,10.77,1.23,1.12,14.1,28.75,9.32,19.09,8.74,76.4,11.44,1.01,5.72,61.31,10.22,0.65,30.34,44.0,8.0,47.95,24.83,1,0,Low Capital; 
BANK_179,"Williams, Johnson and Wright Rural Bank",Ashanti,Small,Moderate,5,2022,Q1,2022-Q1,18.32,1.67,5.03,10.04,1.22,1.42,14.71,27.45,9.14,14.62,14.76,68.26,12.19,0.87,4.72,51.68,5.35,0.85,90.23,75.0,14.0,59.76,5.01,1,0,Low Capital; 
BANK_179,"Williams, Johnson and Wright Rural Bank",Ashanti,Small,Moderate,6,2022,Q2,2022-Q2,20.96,1.91,5.86,9.13,1.03,0.57,14.91,27.97,9.12,19.4,13.17,61.24,11.26,1.18,5.65,61.93,5.79,0.94,35.85,37.0,5.0,30.49,24.02,1,0,Low Capital; 
BANK_179,"Williams, Johnson and Wright Rural Bank",Ashanti,Small,Moderate,7,2022,Q3,2022-Q3,21.83,1.96,5.84,14.63,1.72,1.82,18.09,26.77,9.0,19.89,13.89,80.87,11.75,1.22,5.59,62.19,6.95,1.53,89.13,64.0,2.0,51.81,30.38,1,0,Low Capital; 
BANK_179,"Williams, Johnson and Wright Rural Bank",Ashanti,Small,Moderate,8,2022,Q4,2022-Q4,19.5,1.75,5.22,10.66,1.29,1.41,15.16,26.79,8.95,19.91,19.67,70.34,12.12,1.15,5.89,65.81,6.29,1.47,66.98,58.0,5.0,39.87,22.18,1,0,Low Capital; 
BANK_179,"Williams, Johnson and Wright Rural Bank",Ashanti,Small,Moderate,9,2023,Q1,2023-Q1,20.2,1.82,5.28,12.33,1.48,0.89,14.98,26.15,9.0,14.56,17.4,82.3,12.02,0.85,4.21,46.74,7.37,1.29,53.15,36.0,4.0,42.04,9.93,1,0,Low Capital; 
BANK_179,"Williams, Johnson and Wright Rural Bank",Ashanti,Small,Moderate,10,2023,Q2,2023-Q2,20.02,1.79,5.23,11.19,1.32,1.1,15.16,26.13,8.96,24.53,14.94,73.85,11.78,0.44,2.22,24.79,3.91,0.82,76.03,93.0,2.0,48.72,19.84,1,0,Low Capital; 
BANK_179,"Williams, Johnson and Wright Rural Bank",Ashanti,Small,Moderate,11,2023,Q3,2023-Q3,20.11,1.82,5.4,12.81,1.52,0.89,16.52,26.82,9.07,14.29,5.08,77.55,11.88,0.98,4.86,53.61,6.94,1.31,30.3,25.0,10.0,28.06,16.65,1,0,Low Capital; 
BANK_179,"Williams, Johnson and Wright Rural Bank",Ashanti,Small,Moderate,12,2023,Q4,2023-Q4,19.49,1.77,5.07,7.57,0.89,0.96,15.79,26.03,9.1,17.39,17.49,47.94,11.76,0.39,1.99,21.86,2.03,1.53,58.04,51.0,2.0,55.25,9.22,1,0,Low Capital; 
BANK_180,Howell and Sons Rural Bank,Western,Small,Moderate,1,2021,Q1,2021-Q1,20.1,3.47,6.82,9.37,0.76,0.55,15.67,33.93,17.26,21.55,17.15,59.77,8.14,0.38,1.89,10.97,7.55,1.4,,59.0,2.0,,12.36,0,0,
BANK_180,Howell and Sons Rural Bank,Western,Small,Moderate,2,2021,Q2,2021-Q2,20.85,3.6,7.35,7.76,0.63,0.46,16.84,35.25,17.26,17.94,17.03,46.05,8.12,0.74,3.55,20.58,4.65,1.04,65.39,66.0,8.0,53.07,5.95,0,0,
BANK_180,Howell and Sons Rural Bank,Western,Small,Moderate,3,2021,Q3,2021-Q3,21.93,3.76,7.89,15.65,1.33,0.84,17.29,35.95,17.12,20.81,14.78,90.5,8.5,0.55,2.51,14.67,6.25,0.67,84.83,96.0,2.0,43.58,33.82,0,0,
BANK_180,Howell and Sons Rural Bank,Western,Small,Moderate,4,2021,Q4,2021-Q4,23.87,4.1,8.85,9.59,0.82,0.82,17.94,37.1,17.2,20.44,6.77,53.47,8.52,0.91,3.79,22.05,10.78,0.9,33.74,44.0,3.0,17.71,17.57,0,0,
BANK_180,Howell and Sons Rural Bank,Western,Small,Moderate,5,2022,Q1,2022-Q1,25.3,4.33,9.92,11.25,0.92,0.5,18.8,39.22,17.09,19.31,13.7,59.83,8.2,0.87,3.44,20.11,4.77,1.13,59.43,86.0,7.0,52.78,17.75,0,0,
BANK_180,Howell and Sons Rural Bank,Western,Small,Moderate,6,2022,Q2,2022-Q2,29.95,5.1,12.62,15.15,1.16,1.17,24.05,42.14,17.04,18.06,19.42,62.98,7.68,1.37,4.59,26.93,3.94,1.44,73.63,29.0,12.0,21.0,14.73,0,0,
BANK_180,Howell and Sons Rural Bank,Western,Small,Moderate,7,2022,Q3,2022-Q3,30.82,5.24,12.7,10.16,0.77,0.66,24.83,41.19,17.0,12.53,5.4,40.93,7.57,0.91,2.95,17.33,9.15,1.1,92.38,23.0,12.0,47.61,13.46,0,0,
BANK_180,Howell and Sons Rural Bank,Western,Small,Moderate,8,2022,Q4,2022-Q4,26.88,4.62,10.06,18.73,1.47,1.46,20.45,37.43,17.17,21.93,5.25,91.62,7.86,0.44,1.64,9.55,10.99,2.06,46.85,,13.0,36.93,19.46,0,0,
BANK_180,Howell and Sons Rural Bank,Western,Small,Moderate,9,2023,Q1,2023-Q1,28.5,4.92,10.67,16.04,1.26,0.99,21.54,37.43,17.27,11.2,14.98,74.46,7.88,1.05,3.7,21.43,4.62,1.58,,54.0,4.0,25.03,32.19,0,0,
BANK_180,Howell and Sons Rural Bank,Western,Small,Moderate,10,2023,Q2,2023-Q2,33.52,5.91,12.28,15.39,1.14,1.13,27.36,36.63,17.62,9.22,5.7,56.23,7.41,1.64,4.88,27.71,2.42,1.45,79.6,92.0,11.0,25.21,34.57,0,0,
BANK_180,Howell and Sons Rural Bank,Western,Small,Moderate,11,2023,Q3,2023-Q3,30.58,5.32,11.18,10.46,0.77,0.86,23.96,36.57,17.4,17.99,17.98,43.64,7.35,0.66,2.17,12.49,5.07,1.71,77.15,58.0,4.0,46.87,8.55,0,0,
BANK_180,Howell and Sons Rural Bank,Western,Small,Moderate,12,2023,Q4,2023-Q4,29.42,5.18,10.85,13.88,1.05,1.02,23.55,36.87,17.62,20.88,14.79,58.96,7.57,1.04,3.54,20.08,4.2,2.08,72.15,,5.0,37.5,11.22,0,0,
BANK_181,Wells Inc Rural Bank,Greater Accra,Small,Conservative,1,2021,Q1,2021-Q1,44.52,11.29,18.62,13.46,0.32,0.19,31.51,41.83,25.35,15.15,9.62,42.72,2.38,1.22,2.74,10.8,4.18,3.21,81.51,50.0,4.0,57.84,14.48,0,0,
BANK_181,Wells Inc Rural Bank,Greater Accra,Small,Conservative,2,2021,Q2,2021-Q2,44.14,11.36,18.81,24.62,0.59,0.47,37.02,42.61,25.74,9.71,16.72,66.49,2.38,2.45,5.54,21.53,2.69,1.36,62.27,68.0,4.0,40.67,31.87,0,0,
BANK_181,Wells Inc Rural Bank,Greater Accra,Small,Conservative,3,2021,Q3,2021-Q3,42.41,11.15,16.5,16.15,0.4,0.34,32.77,38.92,26.3,13.8,7.17,49.29,2.49,1.91,4.51,17.15,4.12,3.08,42.64,53.0,4.0,42.83,19.33,0,0,
BANK_181,Wells Inc Rural Bank,Greater Accra,Small,Conservative,4,2021,Q4,2021-Q4,40.9,10.51,16.3,25.58,0.66,0.49,29.39,39.86,25.7,23.62,11.32,87.03,2.57,0.79,1.94,7.54,5.1,1.99,72.11,95.0,9.0,53.53,32.15,0,0,
BANK_181,Wells Inc Rural Bank,Greater Accra,Small,Conservative,5,2022,Q1,2022-Q1,37.75,9.47,15.18,19.81,0.52,0.54,27.1,40.22,25.08,19.04,8.75,73.09,2.62,1.95,5.17,20.63,9.3,2.13,63.87,28.0,7.0,38.51,19.1,0,0,
BANK_181,Wells Inc Rural Bank,Greater Accra,Small,Conservative,6,2022,Q2,2022-Q2,37.45,9.44,14.87,25.27,0.65,0.67,31.28,39.7,25.2,18.0,16.92,80.79,2.57,1.7,4.55,18.05,11.97,1.49,56.72,35.0,13.0,15.76,9.06,0,0,
BANK_181,Wells Inc Rural Bank,Greater Accra,Small,Conservative,7,2022,Q3,2022-Q3,39.5,9.88,15.26,17.55,0.46,0.36,28.59,38.63,25.01,15.86,14.43,61.37,2.65,1.6,4.04,16.16,11.13,1.68,59.12,44.0,8.0,46.34,19.46,0,0,
BANK_181,Wells Inc Rural Bank,Greater Accra,Small,Conservative,8,2022,Q4,2022-Q4,36.33,9.2,13.57,23.07,0.65,0.68,27.78,37.36,25.32,22.54,10.79,83.03,2.82,1.52,4.17,16.47,5.48,2.89,45.86,89.0,13.0,51.79,8.42,0,0,
BANK_181,Wells Inc Rural Bank,Greater Accra,Small,Conservative,9,2023,Q1,2023-Q1,38.02,9.71,13.54,24.49,0.7,0.4,29.41,35.62,25.55,19.47,15.21,83.26,2.86,1.29,3.39,13.26,7.02,1.49,32.68,68.0,10.0,37.42,27.97,0,0,
BANK_181,Wells Inc Rural Bank,Greater Accra,Small,Conservative,10,2023,Q2,2023-Q2,40.22,10.3,13.78,15.87,0.44,0.46,29.73,34.27,25.6,16.67,9.32,53.37,2.8,2.3,5.72,22.35,4.8,1.86,,98.0,13.0,33.21,30.13,0,0,
BANK_181,Wells Inc Rural Bank,Greater Accra,Small,Conservative,11,2023,Q3,2023-Q3,40.52,10.28,14.53,25.28,0.73,0.66,28.95,35.87,25.38,11.71,13.2,87.31,2.88,0.5,1.23,4.86,10.95,2.38,79.91,49.0,2.0,26.68,7.2,0,0,
BANK_181,Wells Inc Rural Bank,Greater Accra,Small,Conservative,12,2023,Q4,2023-Q4,44.75,11.41,16.1,32.72,0.93,0.54,35.73,35.98,25.5,21.22,17.32,91.58,2.85,0.68,1.53,5.99,3.06,1.41,92.11,82.0,6.0,31.94,6.78,0,0,
BANK_182,"Gould, Marshall and Scott Rural Bank",Upper East,Medium,Conservative,1,2021,Q1,2021-Q1,73.69,10.94,32.08,41.09,3.14,2.32,55.45,43.54,14.85,20.41,10.82,74.1,7.64,4.07,5.52,37.18,9.03,4.31,63.09,108.0,14.0,25.04,16.57,0,0,
BANK_182,"Gould, Marshall and Scott Rural Bank",Upper East,Medium,Conservative,2,2021,Q2,2021-Q2,74.36,10.94,31.64,52.04,3.92,2.72,59.22,42.54,14.71,16.5,17.51,87.87,7.53,4.34,5.84,39.69,3.09,4.09,74.35,99.0,36.0,30.71,32.97,0,0,
BANK_182,"Gould, Marshall and Scott Rural Bank",Upper East,Medium,Conservative,3,2021,Q3,2021-Q3,66.2,9.72,26.33,38.31,3.06,1.66,51.69,39.78,14.68,11.23,16.69,74.11,7.99,2.01,3.04,20.71,7.2,2.66,93.33,65.0,8.0,45.72,27.65,0,0,
BANK_182,"Gould, Marshall and Scott Rural Bank",Upper East,Medium,Conservative,4,2021,Q4,2021-Q4,67.6,9.97,27.37,52.44,4.22,4.39,57.26,40.49,14.75,19.24,7.49,91.59,8.04,1.62,2.4,16.28,7.88,5.03,62.27,168.0,22.0,27.71,24.31,0,0,
BANK_182,"Gould, Marshall and Scott Rural Bank",Upper East,Medium,Conservative,5,2022,Q1,2022-Q1,65.0,9.59,27.91,42.47,3.31,2.87,46.04,42.93,14.76,14.36,18.43,92.25,7.8,2.14,3.29,22.3,5.23,2.33,49.63,184.0,6.0,32.22,6.27,0,0,
BANK_182,"Gould, Marshall and Scott Rural Bank",Upper East,Medium,Conservative,6,2022,Q2,2022-Q2,64.61,9.51,29.48,44.06,3.44,3.94,51.18,45.63,14.72,17.2,10.09,86.09,7.81,0.95,1.46,9.95,11.33,2.37,94.95,137.0,7.0,53.88,7.79,0,0,
BANK_182,"Gould, Marshall and Scott Rural Bank",Upper East,Medium,Conservative,7,2022,Q3,2022-Q3,66.02,9.6,30.56,24.44,1.89,1.8,52.38,46.28,14.54,24.3,15.14,46.66,7.72,3.81,5.76,39.64,3.62,4.49,85.03,227.0,15.0,27.16,6.44,0,0,
BANK_182,"Gould, Marshall and Scott Rural Bank",Upper East,Medium,Conservative,8,2022,Q4,2022-Q4,58.39,8.47,25.52,23.0,1.86,1.43,48.05,43.71,14.5,18.23,16.79,47.86,8.09,2.18,3.73,25.7,7.99,1.75,38.29,153.0,12.0,18.43,11.53,0,0,
BANK_182,"Gould, Marshall and Scott Rural Bank",Upper East,Medium,Conservative,9,2023,Q1,2023-Q1,61.44,9.04,26.38,18.93,1.56,1.79,46.3,42.94,14.72,14.32,7.85,40.88,8.26,2.68,4.36,29.61,8.35,3.14,,144.0,16.0,39.76,8.76,0,0,
BANK_182,"Gould, Marshall and Scott Rural Bank",Upper East,Medium,Conservative,10,2023,Q2,2023-Q2,67.06,9.94,29.13,26.42,2.17,1.27,53.22,43.44,14.82,14.75,10.83,49.64,8.2,3.68,5.48,36.98,8.34,2.51,77.1,120.0,20.0,33.68,26.77,0,0,
BANK_182,"Gould, Marshall and Scott Rural Bank",Upper East,Medium,Conservative,11,2023,Q3,2023-Q3,69.74,10.2,30.94,40.11,3.11,1.58,50.93,44.36,14.63,15.22,16.17,78.76,7.76,3.84,5.5,37.63,11.23,3.39,59.2,98.0,7.0,46.23,29.0,0,0,
BANK_182,"Gould, Marshall and Scott Rural Bank",Upper East,Medium,Conservative,12,2023,Q4,2023-Q4,70.76,10.38,31.54,34.7,2.73,1.8,54.01,44.57,14.66,9.6,18.29,64.24,7.88,1.44,2.03,13.88,4.12,3.16,36.16,97.0,34.0,55.06,,0,0,
BANK_183,Jackson-Lawson Rural Bank,Greater Accra,Large,Moderate,1,2021,Q1,2021-Q1,798.14,116.24,127.84,427.2,30.36,35.41,566.42,16.02,14.56,10.97,15.83,75.42,7.11,46.51,5.83,40.01,2.4,41.77,,477.0,73.0,36.66,7.59,0,0,
BANK_183,Jackson-Lawson Rural Bank,Greater Accra,Large,Moderate,2,2021,Q2,2021-Q2,829.39,121.93,133.48,616.63,43.84,24.85,693.98,16.09,14.7,14.95,13.69,88.85,7.11,20.44,2.46,16.76,3.33,50.23,74.43,379.0,21.0,28.76,10.97,0,0,
BANK_183,Jackson-Lawson Rural Bank,Greater Accra,Large,Moderate,3,2021,Q3,2021-Q3,882.84,132.35,137.32,365.49,26.07,29.21,649.38,15.55,14.99,10.34,12.55,56.28,7.13,50.28,5.7,37.99,10.15,56.46,56.76,462.0,44.0,31.7,22.57,0,0,
BANK_183,Jackson-Lawson Rural Bank,Greater Accra,Large,Moderate,4,2021,Q4,2021-Q4,837.4,124.39,127.55,544.4,40.66,36.57,650.68,15.23,14.85,15.06,18.79,83.67,7.47,30.2,3.61,24.28,4.33,33.58,94.29,487.0,37.0,38.19,29.82,0,0,
BANK_183,Jackson-Lawson Rural Bank,Greater Accra,Large,Moderate,5,2022,Q1,2022-Q1,834.86,124.33,121.96,380.99,29.24,28.58,708.71,14.61,14.89,20.4,10.62,53.76,7.68,36.94,4.42,29.71,7.6,64.86,63.3,144.0,15.0,15.83,17.84,1,0,Low Liquidity; 
BANK_183,Jackson-Lawson Rural Bank,Greater Accra,Large,Moderate,6,2022,Q2,2022-Q2,874.04,129.75,121.11,624.55,47.59,34.18,725.54,13.86,14.84,9.46,18.01,86.08,7.62,48.78,5.58,37.6,8.16,,,280.0,,27.24,26.1,1,0,Low Liquidity; 
BANK_183,Jackson-Lawson Rural Bank,Greater Accra,Large,Moderate,7,2022,Q3,2022-Q3,800.97,119.11,114.98,525.58,40.24,23.28,631.22,14.36,14.87,23.95,18.81,83.26,7.66,29.18,3.64,24.5,8.95,39.74,38.82,208.0,12.0,18.94,11.15,1,0,Low Liquidity; 
BANK_183,Jackson-Lawson Rural Bank,Greater Accra,Large,Moderate,8,2022,Q4,2022-Q4,735.4,109.38,103.6,271.78,22.92,13.54,607.7,14.09,14.87,14.72,17.66,44.72,8.43,41.17,5.6,37.64,6.25,26.74,50.22,188.0,54.0,56.0,27.0,1,0,Low Liquidity; 
BANK_183,Jackson-Lawson Rural Bank,Greater Accra,Large,Moderate,9,2023,Q1,2023-Q1,768.42,114.76,106.72,274.81,23.37,12.83,586.69,13.89,14.93,15.08,5.22,46.84,8.5,22.34,2.91,19.47,7.43,47.23,91.55,208.0,53.0,16.58,5.03,1,0,Low Liquidity; 
BANK_183,Jackson-Lawson Rural Bank,Greater Accra,Large,Moderate,10,2023,Q2,2023-Q2,766.65,113.97,104.76,234.89,20.31,19.13,582.24,13.66,14.87,21.33,13.33,40.34,8.65,28.58,3.73,25.08,8.23,33.71,35.55,394.0,49.0,57.22,34.68,1,0,Low Liquidity; 
BANK_183,Jackson-Lawson Rural Bank,Greater Accra,Large,Moderate,11,2023,Q3,2023-Q3,782.58,116.67,105.77,485.77,41.43,29.84,575.61,13.52,14.91,18.0,6.35,84.39,8.53,30.41,3.89,26.06,8.82,46.03,54.76,109.0,68.0,29.71,20.21,1,0,Low Liquidity; 
BANK_183,Jackson-Lawson Rural Bank,Greater Accra,Large,Moderate,12,2023,Q4,2023-Q4,747.38,112.07,102.56,299.15,24.83,22.7,550.45,13.72,15.0,11.95,9.63,54.35,8.3,18.35,2.46,16.38,10.01,55.52,75.49,473.0,68.0,39.8,32.24,1,0,Low Liquidity; 
BANK_184,"Higgins, Strickland and Martin Rural Bank",Bono,Medium,Aggressive,1,2021,Q1,2021-Q1,131.75,13.56,8.79,46.49,6.72,7.16,98.47,6.67,10.29,15.56,17.44,47.22,14.46,4.14,3.14,30.5,7.82,6.28,67.52,247.0,7.0,54.36,14.26,1,0,Low Liquidity; Low Capital; 
BANK_184,"Higgins, Strickland and Martin Rural Bank",Bono,Medium,Aggressive,2,2021,Q2,2021-Q2,145.84,14.97,9.51,47.21,6.86,7.03,116.58,6.52,10.27,10.88,18.65,40.5,14.52,6.91,4.74,46.18,5.1,8.83,72.77,179.0,5.0,21.85,30.69,1,0,Low Liquidity; Low Capital; 
BANK_184,"Higgins, Strickland and Martin Rural Bank",Bono,Medium,Aggressive,3,2021,Q3,2021-Q3,148.32,15.34,9.44,92.01,13.78,7.16,112.86,6.36,10.34,23.05,13.95,81.53,14.98,4.67,3.15,30.42,7.04,9.15,47.84,169.0,27.0,20.31,20.61,1,0,Low Liquidity; Low Capital; 
BANK_184,"Higgins, Strickland and Martin Rural Bank",Bono,Medium,Aggressive,4,2021,Q4,2021-Q4,153.94,15.61,9.97,90.27,13.97,14.35,111.65,6.47,10.14,21.9,5.32,80.85,15.48,3.83,2.49,24.55,11.67,4.8,61.28,104.0,29.0,51.24,29.67,1,0,Low Liquidity; Low Capital; High NPL; 
BANK_184,"Higgins, Strickland and Martin Rural Bank",Bono,Medium,Aggressive,5,2022,Q1,2022-Q1,149.98,15.06,9.96,100.8,15.69,15.94,110.71,6.64,10.04,15.48,15.15,91.05,15.56,7.41,4.94,49.21,11.7,5.78,55.06,222.0,10.0,33.58,9.98,1,0,Low Liquidity; Low Capital; High NPL; 
BANK_184,"Higgins, Strickland and Martin Rural Bank",Bono,Medium,Aggressive,6,2022,Q2,2022-Q2,144.94,14.65,9.74,72.32,11.1,12.39,107.92,6.72,10.11,16.18,10.71,67.01,15.35,5.46,3.77,37.29,8.22,4.78,79.2,239.0,21.0,32.59,28.54,1,0,Low Liquidity; Low Capital; High NPL; 
BANK_184,"Higgins, Strickland and Martin Rural Bank",Bono,Medium,Aggressive,7,2022,Q3,2022-Q3,155.08,15.88,10.3,82.32,12.66,12.11,114.33,6.64,10.24,10.93,19.48,72.0,15.37,1.62,1.04,10.17,11.09,6.99,60.29,68.0,17.0,34.07,32.08,1,0,Low Liquidity; Low Capital; High NPL; 
BANK_184,"Higgins, Strickland and Martin Rural Bank",Bono,Medium,Aggressive,8,2022,Q4,2022-Q4,144.53,14.85,9.37,86.23,13.86,14.3,107.5,6.48,10.27,15.43,13.34,80.22,16.07,5.41,3.74,36.41,8.26,7.94,56.76,121.0,10.0,58.81,7.74,1,0,Low Liquidity; Low Capital; High NPL; 
BANK_184,"Higgins, Strickland and Martin Rural Bank",Bono,Medium,Aggressive,9,2023,Q1,2023-Q1,149.54,15.37,9.98,67.95,11.15,10.35,126.11,6.68,10.28,14.12,10.62,53.88,16.41,6.2,4.14,40.3,9.25,4.72,37.65,113.0,15.0,55.52,25.54,1,0,Low Liquidity; Low Capital; High NPL; 
BANK_184,"Higgins, Strickland and Martin Rural Bank",Bono,Medium,Aggressive,10,2023,Q2,2023-Q2,159.29,16.3,10.85,123.0,20.18,12.14,130.18,6.81,10.23,14.62,9.85,94.49,16.4,4.17,2.62,25.57,9.7,6.17,64.29,175.0,17.0,24.03,31.87,1,0,Low Liquidity; Low Capital; High NPL; 
BANK_184,"Higgins, Strickland and Martin Rural Bank",Bono,Medium,Aggressive,11,2023,Q3,2023-Q3,159.92,16.23,10.28,94.89,15.52,15.24,129.47,6.43,10.15,21.51,16.35,73.29,16.36,6.07,3.8,37.41,7.14,10.33,54.83,228.0,11.0,54.78,24.31,1,0,Low Liquidity; Low Capital; High NPL; 
BANK_184,"Higgins, Strickland and Martin Rural Bank",Bono,Medium,Aggressive,12,2023,Q4,2023-Q4,162.2,16.86,10.42,100.55,16.11,9.26,114.82,6.43,10.39,14.64,7.32,87.57,16.02,2.7,1.66,15.99,7.81,9.95,87.34,109.0,15.0,26.09,28.45,1,0,Low Liquidity; Low Capital; High NPL; 
BANK_185,Rodriguez-Johnson Rural Bank,Upper East,Large,Aggressive,1,2021,Q1,2021-Q1,456.84,92.07,108.87,158.91,36.17,24.81,326.81,23.83,20.15,24.1,10.62,48.62,22.76,15.27,3.34,16.58,11.59,14.36,35.96,197.0,23.0,26.37,18.57,1,0,High NPL; 
BANK_185,Rodriguez-Johnson Rural Bank,Upper East,Large,Aggressive,2,2021,Q2,2021-Q2,469.62,93.96,114.02,167.74,39.17,45.34,381.79,24.28,20.01,17.96,9.64,43.94,23.35,22.59,4.81,24.04,3.99,23.72,64.45,316.0,56.0,50.82,25.01,1,0,High NPL; 
BANK_185,Rodriguez-Johnson Rural Bank,Upper East,Large,Aggressive,3,2021,Q3,2021-Q3,399.96,79.7,88.07,192.02,46.96,41.82,282.66,22.02,19.93,8.95,13.59,67.93,24.45,13.27,3.32,16.66,9.58,31.96,68.7,476.0,74.0,34.57,25.06,1,0,High NPL; 
BANK_185,Rodriguez-Johnson Rural Bank,Upper East,Large,Aggressive,4,2021,Q4,2021-Q4,405.28,79.58,91.41,140.61,34.26,28.09,337.98,22.56,19.63,16.39,6.18,41.6,24.37,14.11,3.48,17.74,3.35,27.86,52.61,112.0,53.0,52.34,32.54,1,0,High NPL; 
BANK_185,Rodriguez-Johnson Rural Bank,Upper East,Large,Aggressive,5,2022,Q1,2022-Q1,401.01,79.17,91.99,272.06,65.16,69.02,301.79,22.94,19.74,9.66,13.85,90.15,23.95,9.9,2.47,12.5,9.77,21.26,87.37,260.0,74.0,15.84,25.88,1,0,High NPL; 
BANK_185,Rodriguez-Johnson Rural Bank,Upper East,Large,Aggressive,6,2022,Q2,2022-Q2,414.03,82.42,95.35,249.85,61.14,71.55,316.49,23.03,19.91,17.45,19.83,78.94,24.47,9.92,2.4,12.03,4.39,22.3,49.26,268.0,64.0,36.24,24.23,1,0,High NPL; 
BANK_185,Rodriguez-Johnson Rural Bank,Upper East,Large,Aggressive,7,2022,Q3,2022-Q3,433.2,86.01,97.64,205.26,49.85,53.22,342.94,22.54,19.85,12.46,12.24,59.85,24.29,23.45,5.41,27.27,8.04,,55.97,,46.0,50.84,14.95,1,0,High NPL; 
BANK_185,Rodriguez-Johnson Rural Bank,Upper East,Large,Aggressive,8,2022,Q4,2022-Q4,410.41,81.58,89.1,293.67,74.64,45.14,312.56,21.71,19.88,13.17,9.2,93.96,25.42,6.27,1.53,7.68,3.78,14.91,32.83,218.0,71.0,57.72,30.4,1,0,High NPL; 
BANK_185,Rodriguez-Johnson Rural Bank,Upper East,Large,Aggressive,9,2023,Q1,2023-Q1,416.21,81.5,88.31,244.86,62.03,35.45,299.62,21.22,19.58,22.03,17.37,81.72,25.33,8.73,2.1,10.71,3.88,16.35,32.94,356.0,20.0,25.5,27.54,1,0,High NPL; 
BANK_185,Rodriguez-Johnson Rural Bank,Upper East,Large,Aggressive,10,2023,Q2,2023-Q2,407.54,79.93,88.44,220.44,56.44,66.05,326.11,21.7,19.61,18.58,14.49,67.6,25.6,6.0,1.47,7.5,2.54,17.9,90.33,314.0,47.0,42.48,14.97,1,0,High NPL; 
BANK_185,Rodriguez-Johnson Rural Bank,Upper East,Large,Aggressive,11,2023,Q3,2023-Q3,435.88,86.88,93.53,204.53,50.55,41.04,307.32,21.46,19.93,12.02,10.65,66.55,24.72,7.46,1.71,8.59,9.66,32.55,34.36,183.0,60.0,,20.0,1,0,High NPL; 
BANK_185,Rodriguez-Johnson Rural Bank,Upper East,Large,Aggressive,12,2023,Q4,2023-Q4,432.88,86.47,89.3,298.62,73.33,44.8,348.04,20.63,19.97,21.85,17.74,85.8,24.56,20.21,4.67,23.37,9.73,19.29,79.57,149.0,16.0,41.28,6.46,1,0,High NPL; 
BANK_186,Johnston-Odonnell Rural Bank,Northern,Medium,Aggressive,1,2021,Q1,2021-Q1,190.8,29.07,22.96,122.86,18.82,14.0,145.01,12.03,15.23,15.96,12.16,84.73,15.32,10.73,5.62,36.9,11.36,10.92,59.64,211.0,,,26.92,1,0,Low Liquidity; High NPL; 
BANK_186,Johnston-Odonnell Rural Bank,Northern,Medium,Aggressive,2,2021,Q2,2021-Q2,193.22,29.73,23.17,111.2,17.21,14.03,137.68,11.99,15.39,12.59,10.79,80.77,15.48,6.35,3.29,21.36,4.89,,85.29,206.0,9.0,30.12,11.42,1,0,Low Liquidity; High NPL; 
BANK_186,Johnston-Odonnell Rural Bank,Northern,Medium,Aggressive,3,2021,Q3,2021-Q3,156.46,23.95,17.53,61.14,10.04,5.07,128.93,11.21,15.31,15.42,9.61,47.43,16.42,4.61,2.95,19.25,9.19,10.29,32.51,73.0,34.0,,16.68,1,0,Low Liquidity; High NPL; 
BANK_186,Johnston-Odonnell Rural Bank,Northern,Medium,Aggressive,4,2021,Q4,2021-Q4,164.29,24.97,18.64,119.76,19.23,22.34,130.17,11.35,15.2,14.1,14.87,92.0,16.06,9.0,5.48,36.03,8.71,6.49,39.44,,27.0,41.53,18.67,1,0,Low Liquidity; High NPL; 
BANK_186,Johnston-Odonnell Rural Bank,Northern,Medium,Aggressive,5,2022,Q1,2022-Q1,171.46,26.0,19.36,67.52,10.96,6.92,121.43,11.29,15.16,11.47,8.21,55.6,16.24,6.71,3.91,25.81,7.67,6.65,40.03,73.0,32.0,44.45,33.6,1,0,Low Liquidity; High NPL; 
BANK_186,Johnston-Odonnell Rural Bank,Northern,Medium,Aggressive,6,2022,Q2,2022-Q2,174.23,26.08,19.11,72.37,11.18,10.64,139.85,10.97,14.97,15.95,16.15,51.75,15.45,8.74,5.02,33.5,11.31,10.36,49.54,205.0,10.0,19.27,20.56,1,0,Low Liquidity; High NPL; 
BANK_186,Johnston-Odonnell Rural Bank,Northern,Medium,Aggressive,7,2022,Q3,2022-Q3,189.32,28.47,20.7,141.38,20.92,17.19,160.6,10.93,15.04,18.95,19.33,88.03,14.8,6.5,3.43,22.82,8.34,14.07,40.78,74.0,21.0,59.18,6.77,1,0,Low Liquidity; 
BANK_186,Johnston-Odonnell Rural Bank,Northern,Medium,Aggressive,8,2022,Q4,2022-Q4,181.26,27.17,19.81,89.55,13.92,11.03,137.82,10.93,14.99,18.87,5.12,64.97,15.55,5.42,2.99,19.93,7.37,,43.17,141.0,5.0,52.9,7.76,1,0,Low Liquidity; High NPL; 
BANK_186,Johnston-Odonnell Rural Bank,Northern,Medium,Aggressive,9,2023,Q1,2023-Q1,190.06,28.26,19.71,85.14,13.77,9.32,140.5,10.37,14.87,18.78,17.87,60.6,16.18,4.97,2.62,17.6,5.48,8.07,57.2,82.0,15.0,50.0,11.47,1,0,Low Liquidity; High NPL; 
BANK_186,Johnston-Odonnell Rural Bank,Northern,Medium,Aggressive,10,2023,Q2,2023-Q2,198.74,29.75,20.92,140.31,21.92,16.08,152.73,10.53,14.97,19.96,6.6,91.87,15.62,2.96,1.49,9.95,7.7,12.85,30.12,217.0,6.0,26.11,33.91,1,0,Low Liquidity; High NPL; 
BANK_186,Johnston-Odonnell Rural Bank,Northern,Medium,Aggressive,11,2023,Q3,2023-Q3,216.96,33.03,21.56,85.35,13.2,8.74,173.64,9.94,15.22,20.6,13.73,49.16,15.46,9.4,4.33,28.46,3.18,12.69,53.98,95.0,,17.46,19.02,1,0,Low Liquidity; High NPL; 
BANK_186,Johnston-Odonnell Rural Bank,Northern,Medium,Aggressive,12,2023,Q4,2023-Q4,248.58,37.49,24.92,184.62,27.81,30.98,210.0,10.02,15.08,24.8,7.96,87.92,15.07,11.54,4.64,30.79,5.34,10.39,40.18,96.0,12.0,58.53,24.3,1,0,Low Liquidity; High NPL; 
BANK_187,Sanders-Espinoza Rural Bank,Eastern,Medium,Conservative,1,2021,Q1,2021-Q1,75.05,14.06,27.68,41.34,0.65,0.43,56.38,36.88,18.74,14.94,7.77,73.33,1.56,2.75,3.67,19.58,10.21,4.71,,240.0,11.0,28.0,32.34,0,0,
BANK_187,Sanders-Espinoza Rural Bank,Eastern,Medium,Conservative,2,2021,Q2,2021-Q2,72.22,13.64,28.83,38.98,0.63,0.32,60.27,39.92,18.89,11.07,7.83,64.68,1.62,2.56,3.54,18.73,9.53,5.14,48.41,192.0,31.0,31.87,25.87,0,0,
BANK_187,Sanders-Espinoza Rural Bank,Eastern,Medium,Conservative,3,2021,Q3,2021-Q3,71.94,13.58,29.05,33.41,0.55,0.48,53.2,40.38,18.88,20.58,5.1,62.79,1.64,2.56,3.55,18.82,6.1,2.31,31.49,241.0,25.0,52.14,19.41,0,0,
BANK_187,Sanders-Espinoza Rural Bank,Eastern,Medium,Conservative,4,2021,Q4,2021-Q4,72.8,13.6,29.66,47.86,0.79,0.64,57.31,40.74,18.69,24.11,5.65,83.5,1.66,0.72,0.99,5.27,11.85,5.15,53.07,169.0,33.0,36.67,6.53,0,0,
BANK_187,Sanders-Espinoza Rural Bank,Eastern,Medium,Conservative,5,2022,Q1,2022-Q1,73.97,13.95,31.4,21.55,0.36,0.43,52.89,42.45,18.86,19.83,13.18,40.75,1.66,4.25,5.75,30.49,4.79,2.87,54.48,102.0,24.0,48.5,17.06,0,0,
BANK_187,Sanders-Espinoza Rural Bank,Eastern,Medium,Conservative,6,2022,Q2,2022-Q2,79.58,14.88,35.0,57.2,0.94,1.12,63.48,43.98,18.7,19.55,8.32,90.1,1.64,2.18,2.74,14.63,4.13,5.84,50.68,58.0,14.0,23.08,14.59,0,0,
BANK_187,Sanders-Espinoza Rural Bank,Eastern,Medium,Conservative,7,2022,Q3,2022-Q3,80.8,15.48,34.97,33.86,0.56,0.32,58.01,43.28,19.16,21.57,15.66,58.36,1.67,1.67,2.07,10.78,8.78,4.94,36.39,183.0,19.0,46.82,30.06,0,0,
BANK_187,Sanders-Espinoza Rural Bank,Eastern,Medium,Conservative,8,2022,Q4,2022-Q4,78.16,14.92,32.73,33.38,0.57,0.5,54.86,41.88,19.09,16.71,6.57,60.84,1.69,3.97,5.07,26.58,8.4,5.14,36.01,55.0,36.0,34.22,16.85,0,0,
BANK_187,Sanders-Espinoza Rural Bank,Eastern,Medium,Conservative,9,2023,Q1,2023-Q1,80.15,15.35,35.13,56.72,0.96,0.77,63.19,43.83,19.16,9.16,11.14,89.75,1.69,3.74,4.67,24.36,2.99,5.47,42.41,99.0,34.0,36.22,8.76,0,0,
BANK_187,Sanders-Espinoza Rural Bank,Eastern,Medium,Conservative,10,2023,Q2,2023-Q2,83.17,16.08,36.48,40.33,0.69,0.47,65.57,43.86,19.33,10.99,6.96,61.5,1.7,1.71,2.05,10.61,2.84,4.38,87.09,111.0,13.0,52.68,,0,0,
BANK_187,Sanders-Espinoza Rural Bank,Eastern,Medium,Conservative,11,2023,Q3,2023-Q3,81.23,15.7,34.88,27.44,0.46,0.28,58.15,42.94,19.33,16.7,9.31,47.18,1.67,4.02,4.95,25.61,9.35,3.46,47.1,196.0,23.0,48.41,5.04,0,0,
BANK_187,Sanders-Espinoza Rural Bank,Eastern,Medium,Conservative,12,2023,Q4,2023-Q4,79.55,15.52,31.91,37.52,0.66,0.62,66.31,40.12,19.51,10.26,19.38,56.59,1.75,0.97,1.22,6.23,6.27,3.02,65.68,140.0,8.0,44.96,5.61,0,0,
BANK_188,Vargas Ltd Rural Bank,Bono,Small,Moderate,1,2021,Q1,2021-Q1,10.69,2.5,3.71,4.31,0.46,0.3,7.77,34.69,23.4,22.78,12.92,55.51,10.71,0.17,1.64,6.99,10.59,0.5,61.85,31.0,,53.95,23.9,0,0,
BANK_188,Vargas Ltd Rural Bank,Bono,Small,Moderate,2,2021,Q2,2021-Q2,10.65,2.49,3.66,4.93,0.54,0.4,8.12,34.38,23.39,10.96,18.83,60.68,10.88,0.37,3.44,14.72,9.81,0.52,72.38,44.0,11.0,45.09,25.42,0,0,
BANK_188,Vargas Ltd Rural Bank,Bono,Small,Moderate,3,2021,Q3,2021-Q3,10.25,2.41,3.45,5.61,0.62,0.53,7.76,33.71,23.49,10.5,18.32,72.22,11.09,0.57,5.57,23.7,3.06,0.58,69.69,99.0,3.0,42.61,19.3,0,0,
BANK_188,Vargas Ltd Rural Bank,Bono,Small,Moderate,4,2021,Q4,2021-Q4,10.64,2.52,3.48,6.59,0.76,0.7,8.26,32.73,23.65,17.23,18.49,79.88,11.57,0.42,3.92,16.56,8.55,0.83,78.96,34.0,8.0,45.52,10.27,0,0,
BANK_188,Vargas Ltd Rural Bank,Bono,Small,Moderate,5,2022,Q1,2022-Q1,11.08,2.62,3.77,7.27,0.86,0.89,9.42,34.02,23.67,11.21,15.92,77.25,11.83,0.55,4.96,20.94,11.7,0.67,30.8,25.0,5.0,37.1,17.41,0,0,
BANK_188,Vargas Ltd Rural Bank,Bono,Small,Moderate,6,2022,Q2,2022-Q2,12.11,2.85,4.08,5.43,0.65,0.62,10.17,33.71,23.56,18.56,14.55,53.37,11.98,0.62,5.12,21.71,6.94,0.88,65.76,98.0,10.0,,27.9,0,0,
BANK_188,Vargas Ltd Rural Bank,Bono,Small,Moderate,7,2022,Q3,2022-Q3,13.26,3.13,4.46,8.15,0.97,0.93,11.02,33.63,23.57,21.0,17.5,73.93,11.86,0.17,1.29,5.49,9.71,0.82,37.57,63.0,3.0,29.47,29.12,0,0,
BANK_188,Vargas Ltd Rural Bank,Bono,Small,Moderate,8,2022,Q4,2022-Q4,12.47,2.91,4.05,9.27,1.1,0.65,10.11,32.49,23.35,23.87,14.09,91.73,11.82,0.5,4.02,17.22,11.88,0.48,65.48,28.0,8.0,,8.28,0,0,
BANK_188,Vargas Ltd Rural Bank,Bono,Small,Moderate,9,2023,Q1,2023-Q1,13.17,3.04,4.36,6.42,0.77,0.55,9.87,33.13,23.08,11.36,6.14,64.97,12.03,0.75,5.71,24.73,7.54,,32.89,33.0,9.0,38.09,27.73,0,0,
BANK_188,Vargas Ltd Rural Bank,Bono,Small,Moderate,10,2023,Q2,2023-Q2,13.02,3.04,4.06,8.52,1.02,0.68,10.2,31.17,23.34,16.7,6.51,83.53,11.99,0.59,4.52,19.37,8.12,0.61,83.51,28.0,3.0,,26.07,0,0,
BANK_188,Vargas Ltd Rural Bank,Bono,Small,Moderate,11,2023,Q3,2023-Q3,12.71,3.01,4.03,4.09,0.48,0.31,9.45,31.75,23.67,9.48,15.45,43.33,11.8,0.35,2.75,11.63,10.25,0.91,86.05,22.0,14.0,37.62,31.18,0,0,
BANK_188,Vargas Ltd Rural Bank,Bono,Small,Moderate,12,2023,Q4,2023-Q4,13.37,3.19,4.22,7.31,0.84,0.75,10.03,31.54,23.89,9.78,5.77,72.86,11.55,0.67,4.99,20.89,4.27,0.77,38.15,88.0,10.0,24.29,26.47,0,0,
BANK_189,Garcia LLC Rural Bank,Ashanti,Medium,Conservative,1,2021,Q1,2021-Q1,62.44,15.6,23.55,22.77,0.37,0.36,48.86,37.72,24.99,20.93,12.36,46.61,1.61,3.44,5.5,22.03,8.55,3.41,85.52,229.0,30.0,57.41,34.38,0,0,
BANK_189,Garcia LLC Rural Bank,Ashanti,Medium,Conservative,2,2021,Q2,2021-Q2,60.5,15.03,23.04,40.92,0.68,0.81,43.15,38.08,24.85,18.54,11.73,94.83,1.65,1.77,2.92,11.76,3.66,4.78,90.07,210.0,35.0,17.74,23.94,0,0,
BANK_189,Garcia LLC Rural Bank,Ashanti,Medium,Conservative,3,2021,Q3,2021-Q3,63.13,15.57,24.6,28.33,0.46,0.41,52.24,38.97,24.66,24.05,6.44,54.23,1.63,2.71,4.3,17.42,10.81,1.97,54.02,237.0,6.0,38.36,15.4,0,0,
BANK_189,Garcia LLC Rural Bank,Ashanti,Medium,Conservative,4,2021,Q4,2021-Q4,62.07,15.37,24.26,43.47,0.7,0.56,45.97,39.09,24.77,14.9,14.8,94.55,1.61,2.35,3.79,15.29,4.57,2.88,69.64,231.0,12.0,45.49,20.72,0,0,
BANK_189,Garcia LLC Rural Bank,Ashanti,Medium,Conservative,5,2022,Q1,2022-Q1,63.56,15.6,23.8,33.16,0.54,0.35,45.49,37.45,24.54,9.73,15.63,72.9,1.64,2.26,3.56,14.5,9.22,,75.4,222.0,36.0,25.5,,0,0,
BANK_189,Garcia LLC Rural Bank,Ashanti,Medium,Conservative,6,2022,Q2,2022-Q2,72.62,17.75,28.77,33.4,0.53,0.53,57.87,39.61,24.45,21.61,18.35,57.72,1.57,3.75,5.17,21.14,7.15,5.6,70.88,80.0,24.0,28.43,16.16,0,0,
BANK_189,Garcia LLC Rural Bank,Ashanti,Medium,Conservative,7,2022,Q3,2022-Q3,71.14,17.54,28.32,56.13,0.89,0.95,59.66,39.81,24.65,22.81,11.8,94.09,1.59,0.89,1.26,5.09,4.66,5.28,55.27,105.0,13.0,31.89,12.32,0,0,
BANK_189,Garcia LLC Rural Bank,Ashanti,Medium,Conservative,8,2022,Q4,2022-Q4,64.42,15.52,25.88,25.92,0.42,0.47,48.09,40.18,24.09,9.47,16.67,53.89,1.61,1.9,2.95,12.24,7.64,3.56,72.57,109.0,29.0,33.25,8.76,0,0,
BANK_189,Garcia LLC Rural Bank,Ashanti,Medium,Conservative,9,2023,Q1,2023-Q1,66.97,16.17,27.31,38.96,0.62,0.56,53.79,40.78,24.14,20.59,10.47,72.43,1.6,1.33,1.99,8.23,6.72,3.56,84.56,205.0,12.0,25.48,26.7,0,0,
BANK_189,Garcia LLC Rural Bank,Ashanti,Medium,Conservative,10,2023,Q2,2023-Q2,68.27,16.57,27.07,41.51,0.67,0.7,48.6,39.66,24.28,19.1,11.17,85.42,1.63,1.98,2.91,11.97,11.92,2.19,62.16,152.0,,40.14,11.6,0,0,
BANK_189,Garcia LLC Rural Bank,Ashanti,Medium,Conservative,11,2023,Q3,2023-Q3,62.69,14.97,24.99,42.06,0.7,0.82,45.79,39.86,23.87,22.6,16.6,91.84,1.67,1.89,3.01,12.6,8.37,3.34,53.82,100.0,19.0,51.27,30.32,0,0,
BANK_189,Garcia LLC Rural Bank,Ashanti,Medium,Conservative,12,2023,Q4,2023-Q4,67.5,16.28,27.89,30.52,0.51,0.35,50.72,41.32,24.12,23.57,7.87,60.18,1.68,1.59,2.35,9.75,7.22,2.85,93.13,58.0,10.0,49.43,9.54,0,0,
BANK_190,"Burke, Martinez and Riggs Rural Bank",Eastern,Small,Conservative,1,2021,Q1,2021-Q1,49.07,7.39,14.73,29.82,2.18,1.88,39.02,30.02,15.07,11.7,18.78,76.43,7.32,0.88,1.8,11.93,9.92,1.79,55.61,52.0,10.0,27.53,,0,0,
BANK_190,"Burke, Martinez and Riggs Rural Bank",Eastern,Small,Conservative,2,2021,Q2,2021-Q2,50.12,7.51,15.08,20.84,1.58,1.35,41.17,30.1,14.98,11.98,17.75,50.62,7.56,2.8,5.58,37.27,9.9,1.56,91.06,95.0,6.0,15.45,21.58,0,0,
BANK_190,"Burke, Martinez and Riggs Rural Bank",Eastern,Small,Conservative,3,2021,Q3,2021-Q3,53.11,8.0,16.72,25.85,1.93,1.32,37.88,31.48,15.07,22.5,7.02,68.23,7.46,1.57,2.95,19.56,9.0,3.69,41.61,29.0,2.0,28.76,29.48,0,0,
BANK_190,"Burke, Martinez and Riggs Rural Bank",Eastern,Small,Conservative,4,2021,Q4,2021-Q4,57.32,8.67,18.06,17.95,1.26,1.12,43.44,31.5,15.12,9.12,16.41,41.32,7.03,2.2,3.83,25.35,2.65,2.93,,37.0,6.0,,,0,0,
BANK_190,"Burke, Martinez and Riggs Rural Bank",Eastern,Small,Conservative,5,2022,Q1,2022-Q1,67.06,9.93,20.46,38.6,2.75,3.19,49.33,30.5,14.81,17.34,16.82,78.25,7.12,1.61,2.4,16.23,3.79,2.1,70.51,64.0,8.0,23.72,12.1,0,0,
BANK_190,"Burke, Martinez and Riggs Rural Bank",Eastern,Small,Conservative,6,2022,Q2,2022-Q2,68.49,10.13,21.71,45.19,3.09,2.92,49.48,31.69,14.79,22.49,7.87,91.32,6.85,1.62,2.36,15.94,2.79,2.75,58.54,61.0,14.0,15.72,27.73,0,0,
BANK_190,"Burke, Martinez and Riggs Rural Bank",Eastern,Small,Conservative,7,2022,Q3,2022-Q3,71.86,10.66,22.97,31.22,2.17,1.47,56.96,31.97,14.83,20.58,9.32,54.81,6.96,1.8,2.51,16.94,7.45,2.84,39.49,94.0,9.0,15.21,28.8,0,0,
BANK_190,"Burke, Martinez and Riggs Rural Bank",Eastern,Small,Conservative,8,2022,Q4,2022-Q4,65.18,9.78,20.71,31.28,2.25,2.54,48.31,31.77,15.01,17.95,11.96,64.74,7.2,2.95,4.53,30.19,2.3,3.62,76.88,29.0,10.0,18.79,29.21,0,0,
BANK_190,"Burke, Martinez and Riggs Rural Bank",Eastern,Small,Conservative,9,2023,Q1,2023-Q1,66.51,10.0,21.34,38.99,2.8,2.95,53.94,32.08,15.04,23.11,6.16,72.27,7.18,3.51,5.28,35.07,8.53,3.66,86.85,61.0,4.0,57.43,16.2,0,0,
BANK_190,"Burke, Martinez and Riggs Rural Bank",Eastern,Small,Conservative,10,2023,Q2,2023-Q2,65.34,9.88,20.47,35.98,2.49,1.9,51.18,31.33,15.12,21.52,6.66,70.31,6.92,1.77,2.71,17.92,11.21,2.33,90.55,75.0,6.0,15.31,29.07,0,0,
BANK_190,"Burke, Martinez and Riggs Rural Bank",Eastern,Small,Conservative,11,2023,Q3,2023-Q3,63.08,9.53,19.99,25.74,1.89,1.91,45.13,31.7,15.1,8.87,9.71,57.04,7.35,1.5,2.38,15.74,5.55,4.71,88.59,40.0,8.0,,20.8,0,0,
BANK_190,"Burke, Martinez and Riggs Rural Bank",Eastern,Small,Conservative,12,2023,Q4,2023-Q4,62.11,9.21,20.11,37.08,2.89,3.14,46.92,32.38,14.83,9.39,7.18,79.03,7.79,2.12,3.41,23.03,10.94,2.89,,26.0,11.0,18.83,23.93,0,0,
BANK_191,Reed Group Rural Bank,Eastern,Small,Moderate,1,2021,Q1,2021-Q1,21.84,3.37,4.44,11.83,0.75,0.64,16.62,20.34,15.44,9.74,13.78,71.22,6.34,1.11,5.08,32.87,9.02,0.75,40.57,28.0,12.0,49.78,17.24,0,0,
BANK_191,Reed Group Rural Bank,Eastern,Small,Moderate,2,2021,Q2,2021-Q2,21.17,3.29,4.24,13.37,0.85,0.86,15.8,20.03,15.52,15.32,5.86,84.64,6.39,0.43,2.05,13.2,8.52,1.67,62.4,68.0,4.0,22.24,18.75,0,0,
BANK_191,Reed Group Rural Bank,Eastern,Small,Moderate,3,2021,Q3,2021-Q3,19.36,3.05,3.92,7.95,0.53,0.59,14.19,20.26,15.73,17.8,16.25,56.06,6.63,1.07,5.53,35.13,2.26,,82.29,53.0,5.0,50.83,29.67,0,0,
BANK_191,Reed Group Rural Bank,Eastern,Small,Moderate,4,2021,Q4,2021-Q4,18.71,2.87,3.89,12.8,0.82,0.72,15.53,20.79,15.36,14.5,16.71,82.42,6.4,0.19,1.03,6.71,3.97,0.75,35.35,56.0,8.0,,17.37,0,0,
BANK_191,Reed Group Rural Bank,Eastern,Small,Moderate,5,2022,Q1,2022-Q1,18.01,2.77,3.64,11.84,0.78,0.72,14.97,20.23,15.38,16.55,13.43,79.05,6.59,1.0,5.58,36.26,8.2,0.87,76.34,96.0,13.0,59.11,7.85,0,0,
BANK_191,Reed Group Rural Bank,Eastern,Small,Moderate,6,2022,Q2,2022-Q2,16.92,2.56,3.61,6.95,0.46,0.38,13.95,21.34,15.12,14.6,10.76,49.82,6.69,0.82,4.86,32.13,7.27,1.02,36.5,57.0,3.0,17.42,25.68,0,0,
BANK_191,Reed Group Rural Bank,Eastern,Small,Moderate,7,2022,Q3,2022-Q3,18.56,2.84,3.96,6.81,0.45,0.47,14.45,21.33,15.3,19.59,7.95,47.09,6.55,0.27,1.46,9.57,8.16,1.47,64.33,42.0,3.0,59.53,21.91,0,0,
BANK_191,Reed Group Rural Bank,Eastern,Small,Moderate,8,2022,Q4,2022-Q4,16.68,2.54,3.53,8.81,0.59,0.55,11.82,21.15,15.22,15.13,19.25,74.49,6.7,0.84,5.03,33.03,4.74,0.82,40.88,40.0,4.0,16.09,6.38,0,0,
BANK_191,Reed Group Rural Bank,Eastern,Small,Moderate,9,2023,Q1,2023-Q1,17.33,2.65,3.77,10.79,0.7,0.69,14.07,21.77,15.29,17.48,7.11,76.73,6.47,0.2,1.13,7.37,8.84,0.7,50.32,78.0,12.0,30.56,7.68,0,0,
BANK_191,Reed Group Rural Bank,Eastern,Small,Moderate,10,2023,Q2,2023-Q2,18.49,2.84,4.13,7.64,0.49,0.28,13.29,22.34,15.34,16.48,19.46,57.48,6.41,0.35,1.87,12.22,5.55,0.85,94.17,71.0,8.0,38.12,23.12,0,0,
BANK_191,Reed Group Rural Bank,Eastern,Small,Moderate,11,2023,Q3,2023-Q3,17.0,2.63,3.85,8.2,0.55,0.37,11.97,22.66,15.48,9.82,13.57,68.48,6.71,0.35,2.06,13.31,8.36,0.91,86.24,42.0,6.0,38.76,18.8,0,0,
BANK_191,Reed Group Rural Bank,Eastern,Small,Moderate,12,2023,Q4,2023-Q4,15.4,2.4,3.44,9.15,0.61,0.62,10.87,22.37,15.55,14.21,7.5,84.18,6.71,0.18,1.16,7.43,2.76,0.61,81.15,83.0,14.0,25.84,6.81,0,0,
BANK_192,"Wood, Hunter and Peterson Rural Bank",Greater Accra,Small,Aggressive,1,2021,Q1,2021-Q1,17.74,2.12,3.93,12.27,1.67,1.24,13.15,22.14,11.93,17.83,15.66,93.31,13.59,1.03,5.81,48.69,8.27,1.16,35.8,96.0,10.0,38.41,16.62,1,0,Low Capital; 
BANK_192,"Wood, Hunter and Peterson Rural Bank",Greater Accra,Small,Aggressive,2,2021,Q2,2021-Q2,18.33,2.2,4.32,8.71,1.2,1.42,13.08,23.57,12.0,11.37,15.95,66.63,13.79,0.9,4.89,40.77,8.75,1.44,90.71,30.0,6.0,53.29,11.86,0,0,
BANK_192,"Wood, Hunter and Peterson Rural Bank",Greater Accra,Small,Aggressive,3,2021,Q3,2021-Q3,19.66,2.33,4.73,11.94,1.7,2.03,15.87,24.05,11.83,14.06,13.44,75.23,14.26,0.23,1.19,10.08,5.49,1.49,35.42,71.0,7.0,56.47,32.86,1,0,Low Capital; 
BANK_192,"Wood, Hunter and Peterson Rural Bank",Greater Accra,Small,Aggressive,4,2021,Q4,2021-Q4,19.21,2.28,4.39,6.83,0.98,0.59,14.37,22.86,11.85,20.79,5.37,47.51,14.38,1.0,5.22,44.07,6.88,1.49,37.82,28.0,4.0,59.19,17.49,1,0,Low Capital; 
BANK_192,"Wood, Hunter and Peterson Rural Bank",Greater Accra,Small,Aggressive,5,2022,Q1,2022-Q1,19.19,2.29,4.44,15.08,2.23,1.74,16.12,23.12,11.95,20.43,16.02,93.6,14.76,0.31,1.61,13.49,3.77,1.19,58.41,37.0,5.0,42.85,26.76,1,0,Low Capital; 
BANK_192,"Wood, Hunter and Peterson Rural Bank",Greater Accra,Small,Aggressive,6,2022,Q2,2022-Q2,19.4,2.28,4.7,11.23,1.64,1.76,15.84,24.23,11.73,18.35,13.55,70.88,14.6,0.19,0.98,8.33,8.66,1.48,35.4,59.0,10.0,23.81,24.52,1,0,Low Capital; 
BANK_192,"Wood, Hunter and Peterson Rural Bank",Greater Accra,Small,Aggressive,7,2022,Q3,2022-Q3,19.23,2.25,4.78,11.05,1.63,1.65,16.16,24.88,11.72,24.22,10.12,68.37,14.78,1.0,5.19,44.28,8.59,1.1,60.94,80.0,,24.79,19.22,1,0,Low Capital; 
BANK_192,"Wood, Hunter and Peterson Rural Bank",Greater Accra,Small,Aggressive,8,2022,Q4,2022-Q4,18.19,2.16,4.65,8.32,1.27,1.49,14.4,25.54,11.85,19.1,13.87,57.8,15.31,0.98,5.4,45.54,3.29,1.23,69.12,44.0,3.0,32.08,18.24,1,0,Low Capital; High NPL; 
BANK_192,"Wood, Hunter and Peterson Rural Bank",Greater Accra,Small,Aggressive,9,2023,Q1,2023-Q1,19.03,2.24,4.67,12.79,1.92,2.23,15.17,24.51,11.75,24.12,9.61,84.33,15.03,0.57,3.01,25.58,8.79,1.5,94.61,25.0,9.0,47.7,10.61,1,0,Low Capital; High NPL; 
BANK_192,"Wood, Hunter and Peterson Rural Bank",Greater Accra,Small,Aggressive,10,2023,Q2,2023-Q2,18.91,2.25,4.55,7.76,1.16,0.69,14.09,24.08,11.9,14.93,12.47,55.09,14.93,0.78,4.13,34.66,9.78,1.44,71.32,53.0,7.0,40.85,21.14,1,0,Low Capital; 
BANK_192,"Wood, Hunter and Peterson Rural Bank",Greater Accra,Small,Aggressive,11,2023,Q3,2023-Q3,20.02,2.44,4.7,9.51,1.39,1.23,14.08,23.49,12.17,11.14,5.88,67.54,14.61,0.45,2.24,18.38,5.74,0.8,94.92,,12.0,40.6,33.84,0,0,
BANK_192,"Wood, Hunter and Peterson Rural Bank",Greater Accra,Small,Aggressive,12,2023,Q4,2023-Q4,20.11,2.48,4.95,11.06,1.6,1.62,15.82,24.64,12.32,12.26,14.16,69.9,14.49,1.11,5.53,44.91,2.86,1.6,71.12,57.0,6.0,33.23,28.47,0,0,
BANK_193,Short-Garcia Rural Bank,Greater Accra,Medium,Conservative,1,2021,Q1,2021-Q1,70.91,9.62,30.0,34.12,1.77,2.12,53.76,42.31,13.56,22.97,6.86,63.47,5.19,2.99,4.21,31.06,4.71,3.49,46.26,77.0,19.0,55.39,27.32,0,0,
BANK_193,Short-Garcia Rural Bank,Greater Accra,Medium,Conservative,2,2021,Q2,2021-Q2,76.23,10.34,31.94,37.32,2.0,1.37,62.69,41.9,13.56,23.24,11.91,59.53,5.35,1.83,2.4,17.71,4.9,,63.53,133.0,33.0,50.8,14.3,0,0,
BANK_193,Short-Garcia Rural Bank,Greater Accra,Medium,Conservative,3,2021,Q3,2021-Q3,65.59,8.94,27.85,38.71,2.1,1.96,47.7,42.46,13.62,21.91,5.84,81.15,5.42,1.26,1.92,14.07,7.41,2.75,63.13,165.0,10.0,41.14,18.65,0,0,
BANK_193,Short-Garcia Rural Bank,Greater Accra,Medium,Conservative,4,2021,Q4,2021-Q4,67.73,9.23,29.66,34.55,1.86,1.97,52.19,43.79,13.63,12.86,12.26,66.19,5.38,1.72,2.54,18.62,7.89,2.91,35.85,91.0,34.0,15.48,9.0,0,0,
BANK_193,Short-Garcia Rural Bank,Greater Accra,Medium,Conservative,5,2022,Q1,2022-Q1,70.96,9.69,33.16,35.34,1.93,1.0,53.23,46.72,13.66,24.27,17.83,66.4,5.46,2.71,3.82,27.96,10.74,4.74,52.15,230.0,30.0,34.34,30.21,0,0,
BANK_193,Short-Garcia Rural Bank,Greater Accra,Medium,Conservative,6,2022,Q2,2022-Q2,75.6,10.2,34.27,53.61,3.03,2.12,61.19,45.33,13.5,24.55,6.72,87.62,5.66,4.27,5.64,41.82,7.98,3.46,88.26,,7.0,36.43,,0,0,
BANK_193,Short-Garcia Rural Bank,Greater Accra,Medium,Conservative,7,2022,Q3,2022-Q3,79.49,10.72,35.84,41.16,2.34,1.62,67.15,45.09,13.49,15.95,19.66,61.3,5.69,1.5,1.89,13.99,5.4,2.8,57.95,215.0,24.0,51.46,9.07,0,0,
BANK_193,Short-Garcia Rural Bank,Greater Accra,Medium,Conservative,8,2022,Q4,2022-Q4,70.46,9.49,30.01,40.83,2.51,1.29,55.33,42.6,13.48,18.47,10.55,73.8,6.15,1.49,2.11,15.64,11.44,3.63,33.11,192.0,20.0,54.66,24.55,0,0,
BANK_193,Short-Garcia Rural Bank,Greater Accra,Medium,Conservative,9,2023,Q1,2023-Q1,75.96,10.32,33.66,44.93,2.81,2.52,53.75,44.31,13.58,13.41,11.31,83.59,6.24,1.16,1.53,11.25,8.47,4.07,44.16,58.0,22.0,20.68,32.88,0,0,
BANK_193,Short-Garcia Rural Bank,Greater Accra,Medium,Conservative,10,2023,Q2,2023-Q2,73.11,9.87,31.68,30.12,1.9,1.49,53.87,43.33,13.51,20.93,16.87,55.91,6.3,4.23,5.79,42.84,9.64,4.85,,203.0,9.0,35.77,20.11,0,0,
BANK_193,Short-Garcia Rural Bank,Greater Accra,Medium,Conservative,11,2023,Q3,2023-Q3,74.04,9.95,30.47,32.48,2.02,1.49,58.77,41.16,13.44,15.0,15.68,55.26,6.23,3.37,4.56,33.9,10.84,4.1,69.67,222.0,,22.3,15.78,0,0,
BANK_193,Short-Garcia Rural Bank,Greater Accra,Medium,Conservative,12,2023,Q4,2023-Q4,81.25,11.21,33.81,52.74,3.14,3.29,59.84,41.61,13.8,21.21,13.68,88.13,5.95,4.63,5.7,41.33,6.47,3.08,88.27,228.0,12.0,27.43,14.4,0,0,
BANK_194,Reid-Poole Rural Bank,Eastern,Medium,Moderate,1,2021,Q1,2021-Q1,117.76,30.9,30.22,69.62,3.72,2.74,88.67,25.67,26.24,23.66,7.17,78.52,5.35,4.98,4.23,16.11,8.07,4.17,35.19,75.0,8.0,40.94,18.58,0,0,
BANK_194,Reid-Poole Rural Bank,Eastern,Medium,Moderate,2,2021,Q2,2021-Q2,102.77,26.63,26.87,49.48,2.7,2.07,82.97,26.15,25.91,16.87,14.66,59.64,5.46,4.16,4.05,15.63,10.48,5.11,33.34,176.0,37.0,53.44,27.75,0,0,
BANK_194,Reid-Poole Rural Bank,Eastern,Medium,Moderate,3,2021,Q3,2021-Q3,103.72,26.68,27.66,52.64,2.88,3.41,78.38,26.66,25.72,19.42,6.22,67.17,5.48,2.69,2.59,10.08,4.36,6.43,47.73,87.0,26.0,47.59,12.14,0,0,
BANK_194,Reid-Poole Rural Bank,Eastern,Medium,Moderate,4,2021,Q4,2021-Q4,120.16,31.04,33.52,77.2,4.16,2.46,91.7,27.9,25.84,13.8,19.13,84.19,5.39,5.92,4.92,19.06,11.56,9.51,71.54,145.0,10.0,19.61,,0,0,
BANK_194,Reid-Poole Rural Bank,Eastern,Medium,Moderate,5,2022,Q1,2022-Q1,116.39,30.43,31.11,69.9,3.83,3.02,97.9,26.73,26.14,12.45,15.12,71.39,5.48,3.23,2.77,10.6,4.95,,66.27,223.0,30.0,28.61,32.94,0,0,
BANK_194,Reid-Poole Rural Bank,Eastern,Medium,Moderate,6,2022,Q2,2022-Q2,122.95,32.44,32.94,51.82,2.77,2.17,100.62,26.79,26.39,11.6,5.28,51.5,5.34,6.63,5.4,20.45,10.89,6.07,38.93,121.0,9.0,28.68,28.14,0,0,
BANK_194,Reid-Poole Rural Bank,Eastern,Medium,Moderate,7,2022,Q3,2022-Q3,127.14,32.95,34.67,53.06,2.74,3.04,89.76,27.27,25.91,14.67,6.78,59.12,5.16,4.8,3.77,14.56,11.77,7.9,62.53,69.0,31.0,43.91,8.26,0,0,
BANK_194,Reid-Poole Rural Bank,Eastern,Medium,Moderate,8,2022,Q4,2022-Q4,123.8,31.56,33.11,72.26,3.73,3.15,90.89,26.74,25.49,11.22,5.68,79.51,5.17,5.03,4.06,15.93,11.1,8.71,45.7,149.0,18.0,58.45,28.96,0,0,
BANK_194,Reid-Poole Rural Bank,Eastern,Medium,Moderate,9,2023,Q1,2023-Q1,120.83,30.95,31.83,93.37,4.86,3.81,98.69,26.35,25.62,21.59,19.26,94.61,5.2,2.92,2.41,9.42,5.86,4.19,52.27,244.0,35.0,48.76,32.22,0,0,
BANK_194,Reid-Poole Rural Bank,Eastern,Medium,Moderate,10,2023,Q2,2023-Q2,129.23,32.69,35.43,61.2,3.16,3.18,96.76,27.41,25.3,20.0,12.5,63.25,5.16,2.08,1.61,6.36,2.49,9.3,61.87,212.0,14.0,53.78,29.92,0,0,
BANK_194,Reid-Poole Rural Bank,Eastern,Medium,Moderate,11,2023,Q3,2023-Q3,120.93,30.05,32.62,40.71,2.15,2.43,97.12,26.98,24.85,20.28,10.26,41.92,5.29,2.32,1.92,7.72,2.89,8.56,88.05,120.0,16.0,32.56,29.83,0,0,
BANK_194,Reid-Poole Rural Bank,Eastern,Medium,Moderate,12,2023,Q4,2023-Q4,116.87,29.15,31.88,38.21,2.08,1.95,94.26,27.28,24.94,11.07,14.52,40.54,5.44,5.82,4.98,19.97,11.0,7.21,47.88,85.0,12.0,15.76,5.31,0,0,
BANK_195,"Hernandez, Thompson and Boyd Rural Bank",Greater Accra,Medium,Aggressive,1,2021,Q1,2021-Q1,94.56,26.76,23.48,40.63,10.09,8.26,66.34,24.83,28.31,20.24,14.32,61.24,24.82,1.08,1.14,4.03,10.59,5.34,59.43,201.0,30.0,50.84,27.82,1,0,High NPL; 
BANK_195,"Hernandez, Thompson and Boyd Rural Bank",Greater Accra,Medium,Aggressive,2,2021,Q2,2021-Q2,101.32,29.0,25.37,56.51,13.93,7.1,72.46,25.04,28.63,11.64,17.88,77.98,24.65,1.71,1.68,5.89,3.02,4.13,66.63,80.0,14.0,,31.64,1,0,High NPL; 
BANK_195,"Hernandez, Thompson and Boyd Rural Bank",Greater Accra,Medium,Aggressive,3,2021,Q3,2021-Q3,104.76,29.9,26.54,44.68,11.24,7.2,85.18,25.33,28.55,9.46,13.79,52.45,25.15,2.16,2.06,7.23,5.39,4.89,62.41,151.0,20.0,30.47,8.2,1,0,High NPL; 
BANK_195,"Hernandez, Thompson and Boyd Rural Bank",Greater Accra,Medium,Aggressive,4,2021,Q4,2021-Q4,104.66,29.87,25.13,47.87,12.39,10.51,74.57,24.02,28.54,8.33,14.81,64.19,25.87,1.43,1.37,4.79,5.56,3.88,92.26,56.0,36.0,44.54,17.22,1,0,High NPL; 
BANK_195,"Hernandez, Thompson and Boyd Rural Bank",Greater Accra,Medium,Aggressive,5,2022,Q1,2022-Q1,94.75,27.32,22.81,32.9,8.41,5.93,68.03,24.07,28.83,23.76,13.6,48.36,25.57,4.97,5.25,18.2,10.31,5.25,31.81,74.0,34.0,52.64,16.3,1,0,High NPL; 
BANK_195,"Hernandez, Thompson and Boyd Rural Bank",Greater Accra,Medium,Aggressive,6,2022,Q2,2022-Q2,99.97,28.95,23.24,64.03,17.23,16.23,73.65,23.25,28.96,24.78,14.31,86.94,26.91,5.09,5.09,17.59,2.55,3.84,72.71,98.0,10.0,45.0,21.09,1,0,High NPL; 
BANK_195,"Hernandez, Thompson and Boyd Rural Bank",Greater Accra,Medium,Aggressive,7,2022,Q3,2022-Q3,98.44,28.79,23.14,37.91,10.13,6.87,78.54,23.51,29.25,10.62,9.95,48.28,26.72,4.54,4.62,15.78,4.09,3.7,34.54,216.0,9.0,16.34,6.93,1,0,High NPL; 
BANK_195,"Hernandez, Thompson and Boyd Rural Bank",Greater Accra,Medium,Aggressive,8,2022,Q4,2022-Q4,95.68,27.51,22.56,52.15,14.56,8.86,80.17,23.58,28.75,20.74,10.97,65.05,27.93,3.78,3.95,13.73,11.62,7.22,66.64,63.0,6.0,52.69,25.94,1,0,High NPL; 
BANK_195,"Hernandez, Thompson and Boyd Rural Bank",Greater Accra,Medium,Aggressive,9,2023,Q1,2023-Q1,106.91,30.92,25.23,56.34,15.68,15.18,78.46,23.6,28.92,13.65,13.1,71.81,27.84,4.42,4.13,14.29,11.26,6.37,51.33,91.0,13.0,59.43,23.46,1,0,High NPL; 
BANK_195,"Hernandez, Thompson and Boyd Rural Bank",Greater Accra,Medium,Aggressive,10,2023,Q2,2023-Q2,98.85,28.49,22.8,45.16,12.6,8.71,73.66,23.07,28.82,18.66,16.6,61.31,27.91,2.08,2.1,7.28,2.61,4.74,68.02,62.0,19.0,,28.05,1,0,High NPL; 
BANK_195,"Hernandez, Thompson and Boyd Rural Bank",Greater Accra,Medium,Aggressive,11,2023,Q3,2023-Q3,109.32,31.96,24.89,78.1,22.37,13.72,89.76,22.77,29.24,19.81,15.41,87.01,28.64,4.85,4.44,15.18,10.01,7.75,58.59,230.0,36.0,59.01,22.57,1,0,High NPL; 
BANK_195,"Hernandez, Thompson and Boyd Rural Bank",Greater Accra,Medium,Aggressive,12,2023,Q4,2023-Q4,105.75,31.62,24.62,45.19,12.86,14.84,77.44,23.28,29.9,14.58,9.5,58.36,28.45,2.42,2.29,7.67,3.33,4.76,87.86,166.0,,40.57,31.78,1,0,High NPL; 
BANK_196,"Nelson, Morton and Medina Rural Bank",Upper West,Medium,Aggressive,1,2021,Q1,2021-Q1,78.92,23.08,5.02,53.5,6.43,5.77,61.47,6.36,29.24,22.49,14.99,87.04,12.02,3.27,4.15,14.18,4.83,3.45,88.68,218.0,,33.67,31.18,1,0,Low Liquidity; 
BANK_196,"Nelson, Morton and Medina Rural Bank",Upper West,Medium,Aggressive,2,2021,Q2,2021-Q2,81.53,23.81,5.4,34.22,4.22,4.59,65.03,6.62,29.2,18.07,13.57,52.62,12.32,1.2,1.47,5.04,10.1,3.04,87.38,154.0,28.0,,17.96,1,0,Low Liquidity; 
BANK_196,"Nelson, Morton and Medina Rural Bank",Upper West,Medium,Aggressive,3,2021,Q3,2021-Q3,77.95,22.72,4.85,25.59,3.34,3.95,61.63,6.22,29.15,19.1,6.65,41.52,13.04,4.26,5.47,18.76,10.98,2.81,90.31,223.0,6.0,58.97,18.75,1,0,Low Liquidity; 
BANK_196,"Nelson, Morton and Medina Rural Bank",Upper West,Medium,Aggressive,4,2021,Q4,2021-Q4,81.18,22.99,5.12,38.83,5.13,5.46,58.14,6.3,28.32,17.03,9.13,66.78,13.21,1.28,1.57,5.56,7.37,3.77,30.66,173.0,32.0,46.97,11.71,1,0,Low Liquidity; 
BANK_196,"Nelson, Morton and Medina Rural Bank",Upper West,Medium,Aggressive,5,2022,Q1,2022-Q1,77.9,22.27,4.67,50.82,6.84,4.22,54.72,6.0,28.58,10.84,8.28,92.86,13.46,3.25,4.17,14.59,10.19,4.91,36.59,229.0,34.0,27.65,21.59,1,0,Low Liquidity; 
BANK_196,"Nelson, Morton and Medina Rural Bank",Upper West,Medium,Aggressive,6,2022,Q2,2022-Q2,89.49,25.53,5.3,65.48,8.7,6.87,69.48,5.93,28.53,17.09,19.67,94.25,13.29,5.09,5.69,19.93,4.62,,48.92,233.0,37.0,,15.16,1,0,Low Liquidity; 
BANK_196,"Nelson, Morton and Medina Rural Bank",Upper West,Medium,Aggressive,7,2022,Q3,2022-Q3,89.9,25.22,5.19,30.93,4.24,2.83,76.35,5.78,28.05,10.43,16.21,40.51,13.69,3.65,4.06,14.46,11.04,6.99,30.67,224.0,23.0,25.7,23.51,1,0,Low Liquidity; 
BANK_196,"Nelson, Morton and Medina Rural Bank",Upper West,Medium,Aggressive,8,2022,Q4,2022-Q4,88.16,24.46,5.05,59.88,8.52,9.31,70.34,5.73,27.75,15.63,5.65,85.13,14.23,1.56,1.77,6.37,11.01,5.75,40.94,99.0,13.0,58.35,31.59,1,0,Low Liquidity; 
BANK_196,"Nelson, Morton and Medina Rural Bank",Upper West,Medium,Aggressive,9,2023,Q1,2023-Q1,85.51,23.23,4.62,50.07,7.41,8.26,61.93,5.4,27.17,18.8,9.28,80.85,14.8,4.86,5.68,20.9,11.31,5.64,,186.0,11.0,29.99,27.74,1,0,Low Liquidity; 
BANK_196,"Nelson, Morton and Medina Rural Bank",Upper West,Medium,Aggressive,10,2023,Q2,2023-Q2,85.83,23.58,4.65,40.57,6.28,6.44,66.25,5.42,27.47,24.58,12.85,61.24,15.47,2.68,3.12,11.35,2.83,5.53,62.39,218.0,9.0,44.02,18.78,1,0,Low Liquidity; High NPL; 
BANK_196,"Nelson, Morton and Medina Rural Bank",Upper West,Medium,Aggressive,11,2023,Q3,2023-Q3,96.33,25.94,4.98,61.48,9.53,7.07,70.83,5.17,26.93,17.66,15.26,86.8,15.49,1.81,1.88,6.97,5.08,4.45,94.5,220.0,,38.11,19.01,1,0,Low Liquidity; High NPL; 
BANK_196,"Nelson, Morton and Medina Rural Bank",Upper West,Medium,Aggressive,12,2023,Q4,2023-Q4,100.0,27.19,5.16,54.89,8.55,6.49,75.66,5.16,27.19,10.48,19.81,72.55,15.57,2.28,2.28,8.4,8.46,3.67,35.95,141.0,7.0,32.68,14.68,1,0,Low Liquidity; High NPL; 
BANK_197,Marshall-Petersen Rural Bank,Greater Accra,Small,Moderate,1,2021,Q1,2021-Q1,22.62,4.24,7.34,10.97,1.38,1.36,17.06,32.45,18.73,19.37,7.78,64.33,12.55,0.35,1.55,8.28,7.07,1.52,84.71,34.0,4.0,,,0,0,
BANK_197,Marshall-Petersen Rural Bank,Greater Accra,Small,Moderate,2,2021,Q2,2021-Q2,22.24,4.04,7.23,13.61,1.71,2.02,18.26,32.53,18.16,16.2,7.6,74.52,12.6,1.08,4.85,26.71,8.22,1.73,93.29,42.0,8.0,37.69,10.33,0,0,
BANK_197,Marshall-Petersen Rural Bank,Greater Accra,Small,Moderate,3,2021,Q3,2021-Q3,21.91,4.01,7.27,8.26,1.06,0.69,17.03,33.18,18.29,13.05,6.31,48.5,12.87,1.28,5.86,32.03,2.53,1.75,88.88,74.0,14.0,21.86,33.28,0,0,
BANK_197,Marshall-Petersen Rural Bank,Greater Accra,Small,Moderate,4,2021,Q4,2021-Q4,21.88,3.94,7.37,11.04,1.47,1.72,16.19,33.67,18.02,16.62,12.33,68.19,13.33,0.82,3.74,20.75,11.03,1.66,72.22,85.0,8.0,32.47,30.92,0,0,
BANK_197,Marshall-Petersen Rural Bank,Greater Accra,Small,Moderate,5,2022,Q1,2022-Q1,21.58,3.92,7.1,12.68,1.72,1.36,17.83,32.92,18.16,13.71,5.71,71.11,13.6,0.39,1.79,9.87,11.34,0.89,48.15,46.0,5.0,22.33,15.63,0,0,
BANK_197,Marshall-Petersen Rural Bank,Greater Accra,Small,Moderate,6,2022,Q2,2022-Q2,24.79,4.44,8.31,15.34,2.09,2.3,18.51,33.51,17.91,13.99,7.35,82.87,13.6,0.86,3.46,19.32,5.72,1.22,70.21,75.0,13.0,40.61,11.51,0,0,
BANK_197,Marshall-Petersen Rural Bank,Greater Accra,Small,Moderate,7,2022,Q3,2022-Q3,25.57,4.58,8.49,7.98,1.1,1.09,17.98,33.22,17.89,20.31,19.38,44.37,13.73,1.05,4.09,22.88,4.85,0.98,90.31,93.0,5.0,22.56,,0,0,
BANK_197,Marshall-Petersen Rural Bank,Greater Accra,Small,Moderate,8,2022,Q4,2022-Q4,21.54,3.83,7.09,16.17,2.42,2.05,18.01,32.93,17.78,10.49,16.05,89.77,14.99,0.93,4.32,24.3,5.5,0.65,67.37,35.0,13.0,57.03,9.87,0,0,
BANK_197,Marshall-Petersen Rural Bank,Greater Accra,Small,Moderate,9,2023,Q1,2023-Q1,21.38,3.8,7.28,13.54,2.06,1.78,16.27,34.02,17.76,20.54,10.6,83.2,15.24,1.14,5.31,29.88,9.93,1.38,75.62,32.0,14.0,24.25,15.47,1,0,High NPL; 
BANK_197,Marshall-Petersen Rural Bank,Greater Accra,Small,Moderate,10,2023,Q2,2023-Q2,20.23,3.59,7.04,8.49,1.32,1.07,16.96,34.82,17.77,9.74,13.9,50.05,15.5,1.03,5.08,28.58,5.79,0.86,94.69,73.0,2.0,51.06,,1,0,High NPL; 
BANK_197,Marshall-Petersen Rural Bank,Greater Accra,Small,Moderate,11,2023,Q3,2023-Q3,20.39,3.61,6.94,11.89,1.83,1.63,14.5,34.05,17.72,23.39,12.46,81.98,15.42,1.0,4.92,27.78,11.19,1.09,81.21,23.0,5.0,43.99,27.91,1,0,High NPL; 
BANK_197,Marshall-Petersen Rural Bank,Greater Accra,Small,Moderate,12,2023,Q4,2023-Q4,20.63,3.75,6.85,8.5,1.29,1.45,17.15,33.2,18.19,10.51,8.5,49.58,15.22,0.31,1.51,8.27,8.93,0.96,58.32,70.0,6.0,50.99,34.07,1,0,High NPL; 
BANK_198,"Adams, Christian and Rivas Rural Bank",Volta,Small,Aggressive,1,2021,Q1,2021-Q1,46.99,9.4,2.87,22.49,3.49,1.78,35.22,6.1,20.0,21.11,10.32,63.86,15.51,1.21,2.58,12.89,9.94,2.54,82.38,73.0,4.0,35.15,,1,0,Low Liquidity; High NPL; 
BANK_198,"Adams, Christian and Rivas Rural Bank",Volta,Small,Aggressive,2,2021,Q2,2021-Q2,46.52,9.25,2.83,20.21,3.14,2.33,36.71,6.09,19.88,23.43,13.1,55.05,15.56,1.06,2.28,11.44,8.04,1.7,80.59,36.0,13.0,35.36,7.84,1,0,Low Liquidity; High NPL; 
BANK_198,"Adams, Christian and Rivas Rural Bank",Volta,Small,Aggressive,3,2021,Q3,2021-Q3,52.43,10.36,3.16,30.28,4.73,2.54,40.69,6.03,19.76,16.46,6.14,74.42,15.62,1.76,3.37,17.03,2.86,1.93,56.63,62.0,2.0,,10.78,1,0,Low Liquidity; High NPL; 
BANK_198,"Adams, Christian and Rivas Rural Bank",Volta,Small,Aggressive,4,2021,Q4,2021-Q4,53.63,10.6,3.15,21.16,3.23,2.7,43.76,5.88,19.76,13.9,16.0,48.36,15.27,0.52,0.98,4.95,11.09,2.38,38.84,30.0,14.0,20.54,15.4,1,0,Low Liquidity; High NPL; 
BANK_198,"Adams, Christian and Rivas Rural Bank",Volta,Small,Aggressive,5,2022,Q1,2022-Q1,54.75,10.79,3.22,31.45,4.89,4.58,45.35,5.89,19.72,14.02,13.95,69.35,15.56,0.61,1.12,5.66,9.25,2.67,68.95,,2.0,49.18,,1,0,Low Liquidity; High NPL; 
BANK_198,"Adams, Christian and Rivas Rural Bank",Volta,Small,Aggressive,6,2022,Q2,2022-Q2,58.32,11.39,3.6,39.18,6.04,4.91,45.39,6.18,19.52,14.31,12.99,86.33,15.42,1.0,1.72,8.82,7.84,3.34,93.42,52.0,7.0,22.37,22.93,1,0,Low Liquidity; High NPL; 
BANK_198,"Adams, Christian and Rivas Rural Bank",Volta,Small,Aggressive,7,2022,Q3,2022-Q3,58.54,11.5,3.47,32.19,5.14,3.96,41.25,5.93,19.64,12.43,5.14,78.03,15.98,2.87,4.9,24.96,5.01,2.28,55.25,30.0,10.0,46.95,5.44,1,0,Low Liquidity; High NPL; 
BANK_198,"Adams, Christian and Rivas Rural Bank",Volta,Small,Aggressive,8,2022,Q4,2022-Q4,52.94,10.51,3.04,30.96,5.17,5.26,39.26,5.74,19.85,22.23,14.84,78.86,16.69,1.7,3.22,16.21,6.56,2.5,62.44,71.0,12.0,23.24,17.16,1,0,Low Liquidity; High NPL; 
BANK_198,"Adams, Christian and Rivas Rural Bank",Volta,Small,Aggressive,9,2023,Q1,2023-Q1,52.44,10.09,2.95,36.73,6.17,5.15,43.68,5.63,19.25,15.1,13.13,84.1,16.79,0.76,1.45,7.52,2.64,4.14,71.75,56.0,11.0,19.1,,1,0,Low Liquidity; High NPL; 
BANK_198,"Adams, Christian and Rivas Rural Bank",Volta,Small,Aggressive,10,2023,Q2,2023-Q2,51.91,10.19,2.84,35.78,6.08,5.48,38.68,5.48,19.64,20.83,8.79,92.5,16.98,2.43,4.68,23.86,8.2,2.1,,39.0,3.0,28.57,19.5,1,0,Low Liquidity; High NPL; 
BANK_198,"Adams, Christian and Rivas Rural Bank",Volta,Small,Aggressive,11,2023,Q3,2023-Q3,51.23,9.95,2.76,21.11,3.65,4.26,36.55,5.38,19.43,10.52,12.71,57.76,17.28,2.21,4.32,22.25,11.06,2.3,83.92,92.0,5.0,17.55,,1,0,Low Liquidity; High NPL; 
BANK_198,"Adams, Christian and Rivas Rural Bank",Volta,Small,Aggressive,12,2023,Q4,2023-Q4,50.49,9.8,2.78,18.27,3.18,3.6,37.65,5.5,19.42,16.46,18.53,48.52,17.43,2.93,5.81,29.94,7.16,3.51,53.52,95.0,10.0,18.47,,1,0,Low Liquidity; High NPL; 
BANK_199,Ramirez Group Rural Bank,Greater Accra,Small,Conservative,1,2021,Q1,2021-Q1,45.09,11.64,17.08,25.64,0.21,0.13,37.33,37.89,25.81,9.4,9.95,68.69,0.83,1.25,2.77,10.72,4.52,3.07,30.16,29.0,3.0,29.31,11.97,0,0,
BANK_199,Ramirez Group Rural Bank,Greater Accra,Small,Conservative,2,2021,Q2,2021-Q2,43.79,11.16,16.77,15.81,0.13,0.14,34.49,38.29,25.48,24.53,8.21,45.84,0.84,0.79,1.8,7.06,6.6,2.59,50.94,69.0,,52.9,29.98,0,0,
BANK_199,Ramirez Group Rural Bank,Greater Accra,Small,Conservative,3,2021,Q3,2021-Q3,43.26,11.0,16.4,18.45,0.16,0.09,33.94,37.9,25.42,12.19,8.34,54.37,0.86,2.33,5.38,21.16,7.84,,68.63,40.0,11.0,37.34,6.28,0,0,
BANK_199,Ramirez Group Rural Bank,Greater Accra,Small,Conservative,4,2021,Q4,2021-Q4,43.66,11.05,16.19,28.81,0.25,0.27,34.9,37.09,25.3,18.93,10.18,82.54,0.87,1.12,2.57,10.14,7.23,2.65,30.14,73.0,10.0,18.72,28.63,0,0,
BANK_199,Ramirez Group Rural Bank,Greater Accra,Small,Conservative,5,2022,Q1,2022-Q1,43.43,11.08,16.68,24.26,0.21,0.24,31.2,38.4,25.52,18.92,7.43,77.76,0.87,1.05,2.42,9.47,6.68,2.45,82.99,88.0,10.0,28.24,20.86,0,0,
BANK_199,Ramirez Group Rural Bank,Greater Accra,Small,Conservative,6,2022,Q2,2022-Q2,43.56,11.06,16.37,15.96,0.14,0.12,36.27,37.59,25.4,22.14,9.55,44.0,0.88,2.05,4.7,18.51,9.6,2.22,84.21,27.0,7.0,59.76,33.44,0,0,
BANK_199,Ramirez Group Rural Bank,Greater Accra,Small,Conservative,7,2022,Q3,2022-Q3,44.5,11.21,17.17,28.87,0.25,0.14,36.06,38.59,25.2,22.86,9.73,80.07,0.86,0.85,1.91,7.58,6.21,3.39,34.9,64.0,9.0,49.34,29.81,0,0,
BANK_199,Ramirez Group Rural Bank,Greater Accra,Small,Conservative,8,2022,Q4,2022-Q4,43.98,11.03,16.92,30.26,0.28,0.31,34.1,38.47,25.08,16.63,18.66,88.74,0.94,0.78,1.77,7.08,5.85,2.9,70.55,80.0,8.0,22.85,8.46,0,0,
BANK_199,Ramirez Group Rural Bank,Greater Accra,Small,Conservative,9,2023,Q1,2023-Q1,41.92,10.5,15.72,16.76,0.16,0.14,32.91,37.51,25.06,8.21,19.73,50.93,0.96,1.21,2.88,11.49,8.45,2.59,,94.0,5.0,55.12,11.4,0,0,
BANK_199,Ramirez Group Rural Bank,Greater Accra,Small,Conservative,10,2023,Q2,2023-Q2,37.81,9.61,14.28,17.84,0.18,0.14,26.48,37.78,25.41,16.92,13.72,67.38,0.99,0.52,1.36,5.37,5.85,1.4,34.21,33.0,13.0,59.2,31.38,0,0,
BANK_199,Ramirez Group Rural Bank,Greater Accra,Small,Conservative,11,2023,Q3,2023-Q3,40.35,10.13,16.52,21.57,0.21,0.15,31.6,40.94,25.11,18.83,15.97,68.24,0.96,0.48,1.19,4.74,3.71,3.08,61.77,85.0,11.0,29.43,29.11,0,0,
BANK_199,Ramirez Group Rural Bank,Greater Accra,Small,Conservative,12,2023,Q4,2023-Q4,43.31,10.9,18.0,21.86,0.2,0.22,35.88,41.55,25.16,23.43,18.43,60.91,0.93,0.59,1.36,5.41,11.31,,31.68,63.0,12.0,38.99,26.22,0,0,
BANK_200,Christensen PLC Rural Bank,Central,Small,Aggressive,1,2021,Q1,2021-Q1,44.58,12.1,3.85,20.29,3.68,4.29,31.95,8.64,27.13,14.86,7.68,63.49,18.12,2.53,5.67,20.91,9.5,1.5,57.85,99.0,7.0,43.32,26.03,1,0,Low Liquidity; High NPL; 
BANK_200,Christensen PLC Rural Bank,Central,Small,Aggressive,2,2021,Q2,2021-Q2,45.97,12.73,4.05,30.49,5.57,4.7,38.62,8.8,27.7,13.68,6.99,78.96,18.26,0.66,1.43,5.16,10.83,1.69,48.72,79.0,11.0,45.65,27.25,1,0,Low Liquidity; High NPL; 
BANK_200,Christensen PLC Rural Bank,Central,Small,Aggressive,3,2021,Q3,2021-Q3,43.62,12.1,3.9,29.71,5.23,4.95,33.35,8.95,27.74,20.43,19.98,89.07,17.59,0.91,2.09,7.54,6.33,2.7,94.22,45.0,11.0,30.6,7.77,1,0,Low Liquidity; High NPL; 
BANK_200,Christensen PLC Rural Bank,Central,Small,Aggressive,4,2021,Q4,2021-Q4,44.62,12.53,4.01,28.63,5.2,3.65,37.12,8.98,28.08,21.61,12.72,77.13,18.15,1.24,2.77,9.87,2.21,1.43,77.47,41.0,5.0,43.02,27.25,1,0,Low Liquidity; High NPL; 
BANK_200,Christensen PLC Rural Bank,Central,Small,Aggressive,5,2022,Q1,2022-Q1,50.72,14.31,4.67,32.48,5.81,5.59,37.34,9.21,28.22,22.87,19.12,86.98,17.88,2.01,3.97,14.07,10.06,3.87,,52.0,14.0,27.23,18.87,1,0,Low Liquidity; High NPL; 
BANK_200,Christensen PLC Rural Bank,Central,Small,Aggressive,6,2022,Q2,2022-Q2,57.82,16.3,5.58,34.6,5.78,4.62,48.55,9.64,28.2,10.73,9.64,71.26,16.71,1.81,3.13,11.1,11.4,2.21,47.32,91.0,10.0,29.87,29.38,1,0,Low Liquidity; High NPL; 
BANK_200,Christensen PLC Rural Bank,Central,Small,Aggressive,7,2022,Q3,2022-Q3,65.25,18.42,6.23,27.82,4.57,4.04,51.95,9.55,28.23,14.63,12.78,53.55,16.42,2.99,4.59,16.26,7.84,3.2,51.24,93.0,2.0,46.1,16.76,1,0,Low Liquidity; High NPL; 
BANK_200,Christensen PLC Rural Bank,Central,Small,Aggressive,8,2022,Q4,2022-Q4,67.8,18.91,6.29,43.34,6.88,5.66,54.28,9.27,27.89,10.47,17.76,79.84,15.88,2.6,3.83,13.74,5.15,4.13,64.73,95.0,7.0,44.9,22.78,1,0,Low Liquidity; High NPL; 
BANK_200,Christensen PLC Rural Bank,Central,Small,Aggressive,9,2023,Q1,2023-Q1,68.41,19.25,6.77,40.06,6.24,4.23,56.6,9.9,28.14,20.91,8.86,70.78,15.57,3.74,5.46,19.41,4.13,4.79,41.21,,10.0,23.15,6.09,1,0,Low Liquidity; High NPL; 
BANK_200,Christensen PLC Rural Bank,Central,Small,Aggressive,10,2023,Q2,2023-Q2,72.9,20.84,6.76,38.41,5.98,4.14,57.75,9.27,28.59,15.0,14.17,66.52,15.58,3.57,4.9,17.13,6.25,3.61,85.26,20.0,13.0,23.16,13.24,1,0,Low Liquidity; High NPL; 
BANK_200,Christensen PLC Rural Bank,Central,Small,Aggressive,11,2023,Q3,2023-Q3,76.18,21.71,7.14,44.56,7.41,8.65,58.35,9.37,28.5,24.48,18.63,76.36,16.62,3.95,5.19,18.21,7.84,3.77,44.97,,6.0,18.27,19.29,1,0,Low Liquidity; High NPL; 
BANK_200,Christensen PLC Rural Bank,Central,Small,Aggressive,12,2023,Q4,2023-Q4,85.33,24.62,8.05,45.35,7.5,4.58,68.13,9.43,28.85,10.95,6.11,66.57,16.53,2.18,2.56,8.86,10.31,6.21,54.37,54.0,4.0,34.46,13.25,1,0,Low Liquidity; High NPL; 
BANK_201,"Barnett, Rogers and Snyder Rural Bank",Western,Large,Aggressive,1,2021,Q1,2021-Q1,304.93,35.03,31.99,112.19,12.17,13.22,241.63,10.49,11.49,8.76,16.63,46.43,10.85,9.97,3.27,28.45,12.0,21.55,67.07,175.0,17.0,52.73,28.63,1,0,Low Liquidity; Low Capital; 
BANK_201,"Barnett, Rogers and Snyder Rural Bank",Western,Large,Aggressive,2,2021,Q2,2021-Q2,275.21,31.26,28.58,145.45,15.68,14.37,209.33,10.38,11.36,22.04,16.23,69.48,10.78,12.86,4.67,41.15,8.96,21.04,55.64,154.0,16.0,57.98,22.67,1,0,Low Liquidity; Low Capital; 
BANK_201,"Barnett, Rogers and Snyder Rural Bank",Western,Large,Aggressive,3,2021,Q3,2021-Q3,275.34,31.7,27.82,116.37,12.73,8.59,228.11,10.1,11.51,8.63,10.98,51.01,10.94,10.07,3.66,31.76,11.98,20.0,40.98,453.0,39.0,27.3,24.21,1,0,Low Liquidity; Low Capital; 
BANK_201,"Barnett, Rogers and Snyder Rural Bank",Western,Large,Aggressive,4,2021,Q4,2021-Q4,287.27,32.97,30.05,107.15,11.02,8.32,225.68,10.46,11.48,16.06,14.36,47.48,10.28,11.12,3.87,33.71,9.34,21.8,32.88,327.0,58.0,20.2,32.34,1,0,Low Liquidity; Low Capital; 
BANK_201,"Barnett, Rogers and Snyder Rural Bank",Western,Large,Aggressive,5,2022,Q1,2022-Q1,305.52,34.9,33.28,179.56,18.04,20.07,253.7,10.89,11.42,19.12,14.93,70.78,10.05,7.78,2.55,22.29,11.32,20.59,59.43,281.0,74.0,,7.82,1,0,Low Liquidity; Low Capital; 
BANK_201,"Barnett, Rogers and Snyder Rural Bank",Western,Large,Aggressive,6,2022,Q2,2022-Q2,353.25,40.38,39.73,209.2,19.99,17.78,250.18,11.25,11.43,16.46,13.77,83.62,9.56,19.46,5.51,48.19,3.32,10.77,38.93,168.0,26.0,,16.31,1,0,Low Liquidity; Low Capital; 
BANK_201,"Barnett, Rogers and Snyder Rural Bank",Western,Large,Aggressive,7,2022,Q3,2022-Q3,347.29,39.99,40.71,118.01,11.29,10.2,291.79,11.72,11.51,23.86,17.91,40.44,9.56,13.51,3.89,33.78,4.29,20.37,86.64,494.0,47.0,22.0,28.15,1,0,Low Liquidity; Low Capital; 
BANK_201,"Barnett, Rogers and Snyder Rural Bank",Western,Large,Aggressive,8,2022,Q4,2022-Q4,323.13,37.24,37.29,164.83,16.49,15.39,234.18,11.54,11.53,9.88,10.76,70.39,10.0,5.01,1.55,13.44,7.02,10.5,86.87,471.0,14.0,17.13,11.64,1,0,Low Liquidity; Low Capital; 
BANK_201,"Barnett, Rogers and Snyder Rural Bank",Western,Large,Aggressive,9,2023,Q1,2023-Q1,338.65,39.32,40.56,137.01,14.38,9.29,253.19,11.98,11.61,15.42,7.99,54.11,10.5,15.07,4.45,38.34,5.1,11.44,42.83,165.0,51.0,18.08,31.54,1,0,Low Liquidity; Low Capital; 
BANK_201,"Barnett, Rogers and Snyder Rural Bank",Western,Large,Aggressive,10,2023,Q2,2023-Q2,389.86,44.91,46.6,128.26,12.4,11.41,295.3,11.95,11.52,12.46,18.94,43.43,9.66,3.29,0.84,7.33,11.62,26.29,38.78,282.0,14.0,16.25,6.43,1,0,Low Liquidity; Low Capital; 
BANK_201,"Barnett, Rogers and Snyder Rural Bank",Western,Large,Aggressive,11,2023,Q3,2023-Q3,384.04,44.94,44.73,178.02,17.51,13.18,313.49,11.65,11.7,12.7,17.67,56.79,9.84,19.44,5.06,43.26,2.52,29.75,81.06,242.0,74.0,24.11,17.07,1,0,Low Liquidity; Low Capital; 
BANK_201,"Barnett, Rogers and Snyder Rural Bank",Western,Large,Aggressive,12,2023,Q4,2023-Q4,392.69,45.55,44.94,231.9,23.1,19.5,282.27,11.44,11.6,19.93,9.59,82.16,9.96,11.46,2.92,25.15,8.15,22.95,49.15,294.0,14.0,35.7,18.75,1,0,Low Liquidity; Low Capital; 
BANK_202,White-Lewis Rural Bank,Upper East,Medium,Moderate,1,2021,Q1,2021-Q1,54.31,10.48,13.73,28.08,2.64,2.77,43.28,25.29,19.31,13.64,16.07,64.87,9.39,2.8,5.15,26.69,2.68,2.42,68.45,221.0,7.0,19.32,13.47,0,0,
BANK_202,White-Lewis Rural Bank,Upper East,Medium,Moderate,2,2021,Q2,2021-Q2,58.21,11.19,14.34,16.74,1.54,1.07,40.88,24.64,19.23,13.59,19.38,40.95,9.19,1.53,2.63,13.67,8.2,3.58,63.99,221.0,32.0,24.77,21.31,0,0,
BANK_202,White-Lewis Rural Bank,Upper East,Medium,Moderate,3,2021,Q3,2021-Q3,51.23,9.89,12.48,26.8,2.62,1.85,39.9,24.35,19.29,20.0,8.83,67.18,9.79,1.68,3.27,16.95,2.04,3.94,39.73,79.0,31.0,30.1,14.85,0,0,
BANK_202,White-Lewis Rural Bank,Upper East,Medium,Moderate,4,2021,Q4,2021-Q4,50.77,9.81,12.14,16.21,1.56,0.93,37.76,23.92,19.32,14.71,8.55,42.93,9.65,2.58,5.08,26.32,10.53,1.64,43.6,90.0,31.0,35.53,16.05,0,0,
BANK_202,White-Lewis Rural Bank,Upper East,Medium,Moderate,5,2022,Q1,2022-Q1,50.16,9.67,12.75,18.57,1.85,1.05,40.23,25.42,19.29,21.49,7.57,46.16,9.98,1.8,3.59,18.6,2.91,3.38,93.78,138.0,8.0,,5.78,0,0,
BANK_202,White-Lewis Rural Bank,Upper East,Medium,Moderate,6,2022,Q2,2022-Q2,53.47,10.42,13.32,37.31,3.85,2.94,45.44,24.91,19.49,13.98,13.76,82.11,10.31,2.77,5.19,26.61,7.75,1.93,56.23,209.0,35.0,42.65,16.83,0,0,
BANK_202,White-Lewis Rural Bank,Upper East,Medium,Moderate,7,2022,Q3,2022-Q3,54.17,10.4,14.05,16.14,1.7,1.63,40.1,25.93,19.19,24.15,13.48,40.24,10.52,2.03,3.76,19.57,4.7,3.82,55.31,97.0,23.0,28.01,16.88,0,0,
BANK_202,White-Lewis Rural Bank,Upper East,Medium,Moderate,8,2022,Q4,2022-Q4,46.92,9.08,11.68,19.76,2.27,1.94,32.98,24.9,19.36,22.71,6.36,59.91,11.47,1.68,3.59,18.53,6.62,2.13,84.44,230.0,36.0,59.15,34.41,0,0,
BANK_202,White-Lewis Rural Bank,Upper East,Medium,Moderate,9,2023,Q1,2023-Q1,50.05,9.86,13.0,33.33,3.79,4.26,40.55,25.96,19.7,20.22,7.59,82.19,11.38,0.88,1.76,8.92,4.07,3.54,57.67,99.0,18.0,22.26,31.75,0,0,
BANK_202,White-Lewis Rural Bank,Upper East,Medium,Moderate,10,2023,Q2,2023-Q2,51.9,10.16,13.72,37.35,4.14,3.85,42.42,26.44,19.58,21.9,13.35,88.05,11.07,2.02,3.9,19.92,11.99,2.87,73.75,64.0,31.0,43.08,,0,0,
BANK_202,White-Lewis Rural Bank,Upper East,Medium,Moderate,11,2023,Q3,2023-Q3,56.64,11.29,14.68,31.77,3.45,3.02,44.07,25.92,19.92,18.62,16.5,72.09,10.85,1.77,3.13,15.73,3.47,2.13,76.86,182.0,,35.06,14.21,0,0,
BANK_202,White-Lewis Rural Bank,Upper East,Medium,Moderate,12,2023,Q4,2023-Q4,56.1,11.06,14.35,19.38,2.19,2.05,43.51,25.59,19.72,13.84,8.94,44.53,11.3,1.92,3.43,17.39,7.36,4.26,93.81,213.0,23.0,56.76,10.34,0,0,
BANK_203,Peterson-Beard Rural Bank,Eastern,Medium,Conservative,1,2021,Q1,2021-Q1,154.47,28.01,43.26,52.64,1.01,0.68,119.27,28.01,18.13,20.21,7.17,44.14,1.91,2.97,1.92,10.6,9.18,10.68,68.64,99.0,6.0,33.36,30.42,0,0,
BANK_203,Peterson-Beard Rural Bank,Eastern,Medium,Conservative,2,2021,Q2,2021-Q2,155.07,27.99,44.2,104.49,2.08,1.33,116.84,28.5,18.05,10.69,12.02,89.44,1.99,2.35,1.51,8.38,9.02,8.9,35.64,111.0,9.0,19.17,13.96,0,0,
BANK_203,Peterson-Beard Rural Bank,Eastern,Medium,Conservative,3,2021,Q3,2021-Q3,150.26,27.01,41.92,77.21,1.58,0.98,108.97,27.9,17.97,8.78,13.29,70.85,2.05,3.44,2.29,12.74,7.76,,94.02,96.0,12.0,48.24,12.45,0,0,
BANK_203,Peterson-Beard Rural Bank,Eastern,Medium,Conservative,4,2021,Q4,2021-Q4,165.88,29.14,44.52,110.88,2.2,1.19,128.85,26.84,17.57,20.21,5.33,86.05,1.99,6.0,3.61,20.58,11.14,8.83,83.85,87.0,6.0,57.68,12.71,0,0,
BANK_203,Peterson-Beard Rural Bank,Eastern,Medium,Conservative,5,2022,Q1,2022-Q1,163.94,29.01,43.37,107.51,2.05,2.1,133.9,26.45,17.69,17.68,7.34,80.29,1.91,9.56,5.83,32.94,5.76,5.27,68.3,120.0,16.0,40.4,32.65,0,0,
BANK_203,Peterson-Beard Rural Bank,Eastern,Medium,Conservative,6,2022,Q2,2022-Q2,164.49,28.68,45.94,107.91,2.02,2.34,120.93,27.93,17.44,20.45,18.37,89.24,1.87,5.63,3.42,19.62,10.17,13.14,59.06,124.0,24.0,45.74,26.13,0,0,
BANK_203,Peterson-Beard Rural Bank,Eastern,Medium,Conservative,7,2022,Q3,2022-Q3,150.05,26.08,43.61,115.4,2.13,1.99,124.48,29.06,17.38,9.72,17.33,92.7,1.84,5.51,3.67,21.11,9.81,6.39,62.6,64.0,32.0,30.76,22.47,0,0,
BANK_203,Peterson-Beard Rural Bank,Eastern,Medium,Conservative,8,2022,Q4,2022-Q4,154.47,26.39,45.46,69.66,1.34,0.72,120.16,29.43,17.09,17.67,16.16,57.97,1.93,4.62,2.99,17.49,9.09,4.76,51.49,67.0,34.0,54.44,34.04,0,0,
BANK_203,Peterson-Beard Rural Bank,Eastern,Medium,Conservative,9,2023,Q1,2023-Q1,165.92,28.5,50.07,91.8,1.81,2.04,136.89,30.18,17.18,23.79,14.18,67.06,1.97,5.34,3.22,18.75,4.83,9.22,36.05,237.0,36.0,44.37,27.38,0,0,
BANK_203,Peterson-Beard Rural Bank,Eastern,Medium,Conservative,10,2023,Q2,2023-Q2,179.86,30.78,52.96,57.25,1.14,0.72,129.45,29.45,17.11,11.74,18.5,44.23,1.99,5.13,2.85,16.67,8.12,14.18,80.95,161.0,6.0,38.26,,0,0,
BANK_203,Peterson-Beard Rural Bank,Eastern,Medium,Conservative,11,2023,Q3,2023-Q3,170.79,28.98,49.48,58.33,1.18,1.19,134.33,28.97,16.97,16.26,10.21,43.42,2.02,8.42,4.93,29.07,11.67,8.03,70.23,114.0,,15.94,7.23,0,0,
BANK_203,Peterson-Beard Rural Bank,Eastern,Medium,Conservative,12,2023,Q4,2023-Q4,167.39,28.5,48.77,112.31,2.27,2.13,142.19,29.14,17.03,16.91,15.49,78.99,2.02,9.4,5.62,32.99,8.9,9.36,70.57,138.0,21.0,47.51,7.35,0,0,
BANK_204,"Beard, Peters and Black Rural Bank",Eastern,Small,Conservative,1,2021,Q1,2021-Q1,32.69,3.25,8.32,24.53,1.41,1.64,26.71,25.46,9.94,11.89,17.83,91.84,5.74,1.14,3.49,35.09,2.07,2.56,32.1,67.0,6.0,19.63,5.74,1,0,Low Capital; 
BANK_204,"Beard, Peters and Black Rural Bank",Eastern,Small,Conservative,2,2021,Q2,2021-Q2,31.56,3.13,8.31,12.05,0.7,0.76,22.54,26.33,9.91,22.25,19.1,53.46,5.8,1.89,5.99,60.47,10.04,1.28,68.12,62.0,8.0,28.36,11.3,1,0,Low Capital; 
BANK_204,"Beard, Peters and Black Rural Bank",Eastern,Small,Conservative,3,2021,Q3,2021-Q3,30.12,2.99,8.1,14.9,0.89,0.97,24.44,26.89,9.94,8.43,5.74,60.97,5.95,1.0,3.32,33.44,3.33,1.78,89.86,20.0,10.0,50.66,27.33,1,0,Low Capital; 
BANK_204,"Beard, Peters and Black Rural Bank",Eastern,Small,Conservative,4,2021,Q4,2021-Q4,31.02,3.13,8.79,13.32,0.8,0.46,22.26,28.34,10.1,23.71,15.87,59.84,5.97,0.76,2.44,24.18,8.55,0.98,58.8,97.0,13.0,24.96,31.37,1,0,Low Capital; 
BANK_204,"Beard, Peters and Black Rural Bank",Eastern,Small,Conservative,5,2022,Q1,2022-Q1,32.66,3.28,9.19,16.22,0.94,0.65,27.32,28.15,10.05,23.96,15.94,59.36,5.78,1.56,4.78,47.5,5.5,1.39,43.76,39.0,3.0,36.81,6.23,1,0,Low Capital; 
BANK_204,"Beard, Peters and Black Rural Bank",Eastern,Small,Conservative,6,2022,Q2,2022-Q2,34.14,3.4,9.61,14.97,0.83,0.93,28.45,28.15,9.95,22.59,15.13,52.6,5.52,1.53,4.48,45.01,4.9,1.69,74.83,34.0,8.0,48.2,24.73,1,0,Low Capital; 
BANK_204,"Beard, Peters and Black Rural Bank",Eastern,Small,Conservative,7,2022,Q3,2022-Q3,35.62,3.56,9.66,16.47,0.93,0.95,25.26,27.12,9.98,19.81,19.52,65.21,5.63,1.13,3.17,31.8,11.18,2.55,73.14,55.0,8.0,22.92,28.39,1,0,Low Capital; 
BANK_204,"Beard, Peters and Black Rural Bank",Eastern,Small,Conservative,8,2022,Q4,2022-Q4,34.58,3.46,9.44,24.37,1.4,1.51,28.31,27.31,10.0,14.39,13.21,86.09,5.75,1.27,3.67,36.69,9.96,1.59,31.7,77.0,13.0,56.75,28.97,1,0,Low Capital; 
BANK_204,"Beard, Peters and Black Rural Bank",Eastern,Small,Conservative,9,2023,Q1,2023-Q1,35.07,3.5,9.59,14.96,0.89,0.82,28.74,27.35,9.98,18.04,10.04,52.05,5.93,1.02,2.9,29.02,9.9,2.25,52.02,99.0,8.0,29.25,25.63,1,0,Low Capital; 
BANK_204,"Beard, Peters and Black Rural Bank",Eastern,Small,Conservative,10,2023,Q2,2023-Q2,37.61,3.73,10.72,24.76,1.46,0.79,28.18,28.5,9.93,11.3,15.21,87.85,5.89,0.76,2.01,20.27,9.68,1.51,66.52,,12.0,50.27,26.53,1,0,Low Capital; 
BANK_204,"Beard, Peters and Black Rural Bank",Eastern,Small,Conservative,11,2023,Q3,2023-Q3,38.09,3.73,10.39,25.57,1.55,0.84,30.94,27.28,9.79,21.07,9.35,82.63,6.05,1.87,4.91,50.15,5.47,2.68,85.79,35.0,6.0,26.75,16.23,1,0,Low Capital; 
BANK_204,"Beard, Peters and Black Rural Bank",Eastern,Small,Conservative,12,2023,Q4,2023-Q4,39.15,3.72,10.58,13.45,0.81,0.63,31.25,27.02,9.5,16.08,5.53,43.03,6.04,1.64,4.19,44.06,3.18,3.12,60.86,74.0,13.0,16.43,23.04,1,0,Low Capital; 
BANK_205,Miller Ltd Rural Bank,Greater Accra,Medium,Aggressive,1,2021,Q1,2021-Q1,131.05,12.14,31.24,55.03,7.79,8.1,105.53,23.84,9.26,22.63,15.4,52.14,14.16,4.39,3.35,36.17,4.25,10.43,72.87,129.0,20.0,20.76,20.16,1,0,Low Capital; 
BANK_205,Miller Ltd Rural Bank,Greater Accra,Medium,Aggressive,2,2021,Q2,2021-Q2,128.36,11.76,30.18,93.86,13.25,13.55,101.88,23.51,9.16,15.94,12.38,92.13,14.12,1.68,1.31,14.26,8.57,6.1,56.25,217.0,9.0,30.32,15.91,1,0,Low Capital; 
BANK_205,Miller Ltd Rural Bank,Greater Accra,Medium,Aggressive,3,2021,Q3,2021-Q3,131.24,12.14,30.02,52.92,7.61,6.45,96.21,22.87,9.25,21.78,18.48,55.01,14.38,4.43,3.38,36.51,4.03,9.25,59.6,241.0,22.0,20.25,30.53,1,0,Low Capital; 
BANK_205,Miller Ltd Rural Bank,Greater Accra,Medium,Aggressive,4,2021,Q4,2021-Q4,128.56,12.01,30.19,40.29,5.81,2.94,96.77,23.48,9.34,22.43,5.39,41.63,14.41,7.51,5.84,62.47,5.46,4.33,48.94,209.0,22.0,32.28,15.03,1,0,Low Capital; 
BANK_205,Miller Ltd Rural Bank,Greater Accra,Medium,Aggressive,5,2022,Q1,2022-Q1,129.3,11.98,31.25,73.63,10.64,8.34,95.59,24.17,9.27,18.1,12.05,77.02,14.46,2.28,1.76,19.01,3.07,6.12,32.6,125.0,26.0,51.55,22.39,1,0,Low Capital; 
BANK_205,Miller Ltd Rural Bank,Greater Accra,Medium,Aggressive,6,2022,Q2,2022-Q2,137.71,12.83,31.69,62.34,9.15,7.3,108.24,23.02,9.32,14.34,16.6,57.6,14.68,2.54,1.84,19.78,7.62,9.15,67.13,63.0,35.0,15.25,31.55,1,0,Low Capital; 
BANK_205,Miller Ltd Rural Bank,Greater Accra,Medium,Aggressive,7,2022,Q3,2022-Q3,137.59,12.85,31.32,68.13,9.86,6.85,115.1,22.76,9.34,24.68,8.55,59.19,14.48,8.06,5.86,62.76,6.72,,65.56,114.0,35.0,51.82,14.27,1,0,Low Capital; 
BANK_205,Miller Ltd Rural Bank,Greater Accra,Medium,Aggressive,8,2022,Q4,2022-Q4,120.23,11.43,27.05,34.99,5.49,3.46,86.94,22.5,9.51,9.63,9.33,40.24,15.69,5.28,4.39,46.22,7.0,8.87,64.66,138.0,20.0,50.2,5.55,1,0,Low Capital; High NPL; 
BANK_205,Miller Ltd Rural Bank,Greater Accra,Medium,Aggressive,9,2023,Q1,2023-Q1,124.69,11.91,30.35,84.9,13.22,11.59,91.51,24.34,9.55,8.8,18.28,92.78,15.57,6.83,5.48,57.38,11.55,8.01,,207.0,,40.86,10.11,1,0,Low Capital; High NPL; 
BANK_205,Miller Ltd Rural Bank,Greater Accra,Medium,Aggressive,10,2023,Q2,2023-Q2,127.15,11.98,30.54,74.27,11.63,10.79,93.06,24.02,9.42,15.62,6.93,79.82,15.65,2.14,1.68,17.83,7.31,10.13,34.48,102.0,22.0,50.7,5.56,1,0,Low Capital; High NPL; 
BANK_205,Miller Ltd Rural Bank,Greater Accra,Medium,Aggressive,11,2023,Q3,2023-Q3,130.11,12.31,32.32,78.06,12.19,12.58,99.99,24.84,9.46,12.93,17.46,78.07,15.62,5.13,3.95,41.72,3.41,9.24,64.24,214.0,11.0,20.87,25.67,1,0,Low Capital; High NPL; 
BANK_205,Miller Ltd Rural Bank,Greater Accra,Medium,Aggressive,12,2023,Q4,2023-Q4,139.86,13.21,35.47,73.78,11.48,12.87,114.4,25.36,9.45,8.58,5.3,64.49,15.55,1.91,1.37,14.46,9.38,9.46,69.34,196.0,32.0,39.55,33.42,1,0,Low Capital; High NPL; 
BANK_206,Freeman-Chang Rural Bank,Central,Medium,Conservative,1,2021,Q1,2021-Q1,154.14,28.34,51.03,99.52,6.51,6.81,122.47,33.11,18.38,24.08,11.32,81.26,6.54,6.91,4.48,24.38,4.01,9.39,43.12,161.0,30.0,51.56,24.52,0,0,
BANK_206,Freeman-Chang Rural Bank,Central,Medium,Conservative,2,2021,Q2,2021-Q2,155.99,29.1,50.75,106.7,7.17,3.84,120.73,32.53,18.65,24.29,13.26,88.38,6.72,4.16,2.67,14.3,8.3,10.03,38.91,214.0,,29.76,30.52,0,0,
BANK_206,Freeman-Chang Rural Bank,Central,Medium,Conservative,3,2021,Q3,2021-Q3,167.16,31.35,54.76,64.05,4.39,3.45,135.81,32.76,18.75,22.78,19.88,47.17,6.86,7.0,4.19,22.33,2.69,5.28,61.3,207.0,17.0,53.33,19.76,0,0,
BANK_206,Freeman-Chang Rural Bank,Central,Medium,Conservative,4,2021,Q4,2021-Q4,183.64,34.38,62.16,79.96,5.64,4.79,141.89,33.85,18.72,22.9,7.99,56.35,7.05,2.97,1.62,8.64,11.91,13.36,51.17,140.0,5.0,38.74,21.43,0,0,
BANK_206,Freeman-Chang Rural Bank,Central,Medium,Conservative,5,2022,Q1,2022-Q1,190.86,35.97,64.52,121.93,8.46,5.05,151.02,33.81,18.85,11.7,13.56,80.73,6.94,4.87,2.55,13.53,9.4,6.31,83.33,102.0,24.0,39.87,9.62,0,0,
BANK_206,Freeman-Chang Rural Bank,Central,Medium,Conservative,6,2022,Q2,2022-Q2,211.66,39.48,76.38,149.89,9.32,6.51,179.79,36.09,18.65,11.55,14.36,83.37,6.22,7.36,3.48,18.63,11.46,8.28,58.35,90.0,10.0,54.0,12.86,0,0,
BANK_206,Freeman-Chang Rural Bank,Central,Medium,Conservative,7,2022,Q3,2022-Q3,225.21,41.92,82.18,73.68,4.68,4.21,182.01,36.49,18.61,13.97,10.79,40.48,6.36,2.81,1.25,6.7,10.66,9.09,93.14,99.0,31.0,50.49,18.88,0,0,
BANK_206,Freeman-Chang Rural Bank,Central,Medium,Conservative,8,2022,Q4,2022-Q4,235.11,43.41,84.97,135.43,8.67,4.67,181.16,36.14,18.47,14.05,12.93,74.76,6.4,8.02,3.41,18.47,11.06,11.92,58.2,184.0,11.0,54.22,17.83,0,0,
BANK_206,Freeman-Chang Rural Bank,Central,Medium,Conservative,9,2023,Q1,2023-Q1,248.8,46.08,93.64,161.38,9.88,7.22,194.9,37.64,18.52,16.63,11.98,82.8,6.13,4.7,1.89,10.21,3.26,17.96,80.37,236.0,24.0,,8.09,0,0,
BANK_206,Freeman-Chang Rural Bank,Central,Medium,Conservative,10,2023,Q2,2023-Q2,252.56,47.32,97.82,112.56,7.02,8.37,196.64,38.73,18.74,16.43,13.42,57.24,6.24,9.12,3.61,19.28,2.53,12.49,89.94,120.0,29.0,58.99,8.81,0,0,
BANK_206,Freeman-Chang Rural Bank,Central,Medium,Conservative,11,2023,Q3,2023-Q3,249.02,45.7,97.8,78.04,5.15,5.56,191.81,39.27,18.35,12.3,8.56,40.68,6.61,3.26,1.31,7.13,2.9,13.66,89.95,246.0,11.0,21.84,15.6,0,0,
BANK_206,Freeman-Chang Rural Bank,Central,Medium,Conservative,12,2023,Q4,2023-Q4,271.81,49.8,106.69,204.41,13.47,8.96,225.26,39.25,18.32,18.37,16.62,90.75,6.59,9.43,3.47,18.93,4.4,9.94,44.04,101.0,33.0,46.96,21.57,0,0,
BANK_207,"Alvarez, Joseph and West Rural Bank",Eastern,Medium,Aggressive,1,2021,Q1,2021-Q1,53.14,13.85,12.05,28.1,6.14,6.65,37.72,22.67,26.07,16.98,13.29,74.5,21.85,1.58,2.97,11.4,2.73,2.11,44.66,62.0,10.0,54.91,21.36,1,0,High NPL; 
BANK_207,"Alvarez, Joseph and West Rural Bank",Eastern,Medium,Aggressive,2,2021,Q2,2021-Q2,50.55,13.3,11.13,25.06,5.48,2.83,41.39,22.02,26.31,18.61,7.02,60.53,21.87,1.58,3.13,11.89,4.59,,75.54,99.0,24.0,26.71,34.6,1,0,High NPL; 
BANK_207,"Alvarez, Joseph and West Rural Bank",Eastern,Medium,Aggressive,3,2021,Q3,2021-Q3,51.31,13.7,11.42,30.4,6.92,5.0,42.08,22.25,26.71,13.58,7.58,72.25,22.77,1.88,3.66,13.69,4.79,1.83,59.97,50.0,29.0,48.74,21.56,1,0,High NPL; 
BANK_207,"Alvarez, Joseph and West Rural Bank",Eastern,Medium,Aggressive,4,2021,Q4,2021-Q4,55.97,15.16,13.19,20.29,4.67,3.6,46.58,23.56,27.08,8.48,15.46,43.56,23.03,2.98,5.32,19.65,11.86,3.94,89.48,74.0,9.0,54.58,6.73,1,0,High NPL; 
BANK_207,"Alvarez, Joseph and West Rural Bank",Eastern,Medium,Aggressive,5,2022,Q1,2022-Q1,50.88,13.93,11.97,36.57,8.45,6.76,41.4,23.52,27.38,9.64,13.3,88.33,23.11,0.75,1.48,5.4,4.55,2.5,61.3,83.0,15.0,27.44,15.96,1,0,High NPL; 
BANK_207,"Alvarez, Joseph and West Rural Bank",Eastern,Medium,Aggressive,6,2022,Q2,2022-Q2,52.33,14.2,12.15,18.46,4.24,4.71,40.72,23.22,27.14,24.96,13.32,45.33,22.97,0.69,1.31,4.83,2.18,2.17,60.39,164.0,36.0,54.98,21.86,1,0,High NPL; 
BANK_207,"Alvarez, Joseph and West Rural Bank",Eastern,Medium,Aggressive,7,2022,Q3,2022-Q3,49.42,13.27,10.93,30.41,7.16,6.38,38.17,22.11,26.84,15.27,13.59,79.67,23.55,2.29,4.63,17.26,4.82,2.68,91.12,194.0,17.0,39.58,17.16,1,0,High NPL; 
BANK_207,"Alvarez, Joseph and West Rural Bank",Eastern,Medium,Aggressive,8,2022,Q4,2022-Q4,46.73,12.45,9.81,24.06,5.8,6.68,36.81,21.0,26.64,13.34,17.91,65.37,24.12,1.05,2.25,8.44,2.56,1.63,68.01,182.0,25.0,39.29,19.73,1,0,High NPL; 
BANK_207,"Alvarez, Joseph and West Rural Bank",Eastern,Medium,Aggressive,9,2023,Q1,2023-Q1,44.97,11.98,9.67,22.6,5.48,6.5,33.13,21.5,26.65,20.48,7.04,68.21,24.27,2.22,4.94,18.52,5.89,1.65,74.83,131.0,35.0,,23.8,1,0,High NPL; 
BANK_207,"Alvarez, Joseph and West Rural Bank",Eastern,Medium,Aggressive,10,2023,Q2,2023-Q2,46.3,12.46,10.21,16.13,3.84,2.07,36.48,22.05,26.92,9.36,19.31,44.21,23.79,1.13,2.43,9.03,4.23,1.91,,66.0,37.0,46.31,5.91,1,0,High NPL; 
BANK_207,"Alvarez, Joseph and West Rural Bank",Eastern,Medium,Aggressive,11,2023,Q3,2023-Q3,48.7,13.2,10.95,33.24,8.11,8.05,38.56,22.48,27.1,10.69,7.86,86.22,24.39,1.21,2.49,9.2,7.23,1.74,61.1,139.0,12.0,23.99,12.42,1,0,High NPL; 
BANK_207,"Alvarez, Joseph and West Rural Bank",Eastern,Medium,Aggressive,12,2023,Q4,2023-Q4,45.21,12.47,10.63,18.49,4.52,2.71,36.98,23.52,27.58,20.15,11.21,50.0,24.45,2.45,5.41,19.62,3.78,2.72,57.58,67.0,28.0,18.2,26.07,1,0,High NPL; 
BANK_208,Davis and Sons Rural Bank,Northern,Large,Moderate,1,2021,Q1,2021-Q1,368.69,75.38,69.16,159.36,13.72,8.91,263.84,18.76,20.44,9.82,7.41,60.4,8.61,17.52,4.75,23.25,8.4,13.95,60.71,364.0,67.0,17.68,15.87,0,0,
BANK_208,Davis and Sons Rural Bank,Northern,Large,Moderate,2,2021,Q2,2021-Q2,377.0,77.08,69.39,229.97,19.9,13.43,284.02,18.4,20.45,19.93,8.65,80.97,8.65,20.51,5.44,26.61,7.28,,63.44,426.0,25.0,33.07,31.85,0,0,
BANK_208,Davis and Sons Rural Bank,Northern,Large,Moderate,3,2021,Q3,2021-Q3,318.91,65.97,57.41,134.74,12.48,13.22,253.57,18.0,20.69,20.5,17.49,53.14,9.26,17.66,5.54,26.77,11.69,9.92,31.81,337.0,72.0,36.86,30.19,0,0,
BANK_208,Davis and Sons Rural Bank,Northern,Large,Moderate,4,2021,Q4,2021-Q4,342.95,72.08,63.58,161.9,14.54,16.5,253.04,18.54,21.02,14.12,12.7,63.98,8.98,3.35,0.98,4.64,3.68,25.51,38.35,395.0,21.0,37.45,11.16,0,0,
BANK_208,Davis and Sons Rural Bank,Northern,Large,Moderate,5,2022,Q1,2022-Q1,336.76,70.53,64.41,152.82,13.49,10.92,254.19,19.13,20.94,20.97,13.34,60.12,8.83,10.69,3.17,15.16,4.26,19.36,82.08,339.0,37.0,20.65,12.46,0,0,
BANK_208,Davis and Sons Rural Bank,Northern,Large,Moderate,6,2022,Q2,2022-Q2,364.4,76.52,67.38,219.59,18.71,22.21,256.94,18.49,21.0,13.11,11.98,85.46,8.52,11.06,3.03,14.45,9.59,26.98,87.1,257.0,71.0,44.41,30.53,0,0,
BANK_208,Davis and Sons Rural Bank,Northern,Large,Moderate,7,2022,Q3,2022-Q3,425.36,89.3,82.58,193.13,16.6,18.74,311.18,19.41,20.99,19.14,17.04,62.06,8.59,4.3,1.01,4.81,11.67,25.38,68.73,463.0,53.0,36.57,8.22,0,0,
BANK_208,Davis and Sons Rural Bank,Northern,Large,Moderate,8,2022,Q4,2022-Q4,402.78,84.19,75.39,149.03,13.71,11.46,299.24,18.72,20.9,13.23,12.36,49.8,9.2,7.9,1.96,9.39,9.44,24.09,36.0,336.0,20.0,59.18,12.79,0,0,
BANK_208,Davis and Sons Rural Bank,Northern,Large,Moderate,9,2023,Q1,2023-Q1,409.25,86.65,76.21,185.25,17.43,12.14,291.04,18.62,21.17,17.52,15.37,63.65,9.41,12.82,3.13,14.79,11.58,29.62,89.92,356.0,24.0,38.33,27.97,0,0,
BANK_208,Davis and Sons Rural Bank,Northern,Large,Moderate,10,2023,Q2,2023-Q2,456.75,97.49,79.67,282.16,26.36,23.27,325.72,17.44,21.34,24.02,15.41,86.63,9.34,5.08,1.11,5.22,10.66,26.31,66.05,228.0,51.0,44.09,10.68,0,0,
BANK_208,Davis and Sons Rural Bank,Northern,Large,Moderate,11,2023,Q3,2023-Q3,446.99,96.23,80.87,265.83,24.55,26.66,360.9,18.09,21.53,9.07,15.33,73.66,9.24,21.31,4.77,22.14,2.84,23.88,90.94,131.0,,38.33,31.98,0,0,
BANK_208,Davis and Sons Rural Bank,Northern,Large,Moderate,12,2023,Q4,2023-Q4,477.38,102.19,83.77,203.99,19.21,17.18,358.57,17.55,21.41,10.63,15.77,56.89,9.42,19.39,4.06,18.98,6.99,16.53,91.99,433.0,14.0,56.91,32.5,0,0,
BANK_209,Holt-Torres Rural Bank,Ashanti,Small,Moderate,1,2021,Q1,2021-Q1,6.9,0.86,1.69,5.19,0.33,0.17,5.68,24.46,12.43,9.56,15.54,91.4,6.38,0.15,2.23,17.96,8.4,0.38,54.49,94.0,4.0,36.94,22.2,0,0,
BANK_209,Holt-Torres Rural Bank,Ashanti,Small,Moderate,2,2021,Q2,2021-Q2,7.35,0.9,1.79,4.19,0.27,0.24,6.0,24.3,12.3,15.35,18.01,69.78,6.56,0.29,4.0,32.48,3.24,0.46,36.11,66.0,11.0,33.52,32.33,0,0,
BANK_209,Holt-Torres Rural Bank,Ashanti,Small,Moderate,3,2021,Q3,2021-Q3,7.23,0.89,1.77,5.0,0.33,0.35,5.48,24.48,12.26,23.94,12.75,91.24,6.69,0.28,3.87,31.58,8.42,0.43,81.02,41.0,12.0,47.11,23.06,0,0,
BANK_209,Holt-Torres Rural Bank,Ashanti,Small,Moderate,4,2021,Q4,2021-Q4,7.56,0.92,1.87,4.73,0.31,0.37,5.88,24.73,12.21,8.07,10.41,80.46,6.59,0.43,5.64,46.24,7.68,0.32,71.45,73.0,11.0,,34.48,0,0,
BANK_209,Holt-Torres Rural Bank,Ashanti,Small,Moderate,5,2022,Q1,2022-Q1,7.12,0.88,1.71,2.61,0.18,0.12,5.25,24.05,12.39,10.48,13.56,49.81,6.75,0.11,1.51,12.23,10.6,0.26,35.66,20.0,6.0,57.42,32.26,0,0,
BANK_209,Holt-Torres Rural Bank,Ashanti,Small,Moderate,6,2022,Q2,2022-Q2,7.62,0.95,1.84,3.06,0.2,0.16,5.9,24.08,12.52,12.61,17.52,51.85,6.4,0.08,0.99,7.87,2.29,,51.16,46.0,13.0,,25.61,0,0,
BANK_209,Holt-Torres Rural Bank,Ashanti,Small,Moderate,7,2022,Q3,2022-Q3,8.03,1.01,1.89,4.39,0.28,0.28,5.74,23.56,12.59,23.17,7.53,76.54,6.45,0.36,4.46,35.45,6.17,0.45,76.3,69.0,8.0,25.66,23.51,0,0,
BANK_209,Holt-Torres Rural Bank,Ashanti,Small,Moderate,8,2022,Q4,2022-Q4,7.75,0.97,1.76,2.77,0.18,0.13,5.56,22.69,12.55,15.33,17.31,49.89,6.54,0.4,5.19,41.34,4.39,0.51,90.4,50.0,2.0,52.24,26.25,0,0,
BANK_209,Holt-Torres Rural Bank,Ashanti,Small,Moderate,9,2023,Q1,2023-Q1,8.03,1.0,1.77,2.94,0.19,0.1,5.89,22.1,12.41,24.72,17.37,49.96,6.47,0.18,2.2,17.72,9.25,0.25,80.92,80.0,3.0,20.52,13.85,0,0,
BANK_209,Holt-Torres Rural Bank,Ashanti,Small,Moderate,10,2023,Q2,2023-Q2,8.97,1.11,1.97,4.99,0.31,0.27,6.59,21.99,12.33,10.69,5.92,75.76,6.27,0.46,5.07,41.13,10.83,0.65,93.82,93.0,,29.15,20.98,0,0,
BANK_209,Holt-Torres Rural Bank,Ashanti,Small,Moderate,11,2023,Q3,2023-Q3,9.3,1.15,2.01,5.9,0.37,0.4,7.32,21.58,12.32,23.49,10.09,80.7,6.18,0.48,5.13,41.6,9.37,0.43,62.85,93.0,3.0,37.27,,0,0,
BANK_209,Holt-Torres Rural Bank,Ashanti,Small,Moderate,12,2023,Q4,2023-Q4,9.9,1.24,2.21,3.97,0.24,0.16,7.17,22.32,12.5,16.93,13.4,55.38,6.14,0.43,4.37,34.93,4.15,0.79,51.33,45.0,7.0,48.53,31.2,0,0,
BANK_210,"Wood, Tran and Cooper Rural Bank",Ashanti,Large,Aggressive,1,2021,Q1,2021-Q1,394.39,41.85,94.87,139.87,28.8,23.06,313.36,24.06,10.61,20.37,8.84,44.64,20.59,11.17,2.83,26.7,3.02,21.57,62.75,320.0,54.0,,,1,0,Low Capital; High NPL; 
BANK_210,"Wood, Tran and Cooper Rural Bank",Ashanti,Large,Aggressive,2,2021,Q2,2021-Q2,405.8,43.25,96.04,274.06,58.21,67.16,293.75,23.67,10.66,8.25,18.67,93.3,21.24,11.61,2.86,26.84,3.13,28.17,78.56,401.0,,33.28,12.86,1,0,Low Capital; High NPL; 
BANK_210,"Wood, Tran and Cooper Rural Bank",Ashanti,Large,Aggressive,3,2021,Q3,2021-Q3,402.39,42.76,93.36,206.89,45.45,48.66,339.01,23.2,10.63,8.16,16.85,61.03,21.97,11.87,2.95,27.76,4.81,21.72,60.08,,21.0,23.2,8.24,1,0,Low Capital; High NPL; 
BANK_210,"Wood, Tran and Cooper Rural Bank",Ashanti,Large,Aggressive,4,2021,Q4,2021-Q4,422.91,45.04,95.94,132.78,29.23,20.39,305.93,22.69,10.65,23.26,10.53,43.4,22.02,7.08,1.67,15.71,11.3,19.72,86.37,479.0,74.0,51.16,8.05,1,0,Low Capital; High NPL; 
BANK_210,"Wood, Tran and Cooper Rural Bank",Ashanti,Large,Aggressive,5,2022,Q1,2022-Q1,432.97,46.39,96.15,151.18,33.81,22.08,307.36,22.21,10.71,17.55,6.86,49.19,22.36,19.49,4.5,42.01,10.95,25.76,67.03,465.0,,24.17,,1,0,Low Capital; High NPL; 
BANK_210,"Wood, Tran and Cooper Rural Bank",Ashanti,Large,Aggressive,6,2022,Q2,2022-Q2,442.94,46.9,104.01,153.96,33.42,31.49,341.76,23.48,10.59,12.07,15.59,45.05,21.71,11.85,2.68,25.27,3.81,,67.97,352.0,66.0,17.78,,1,0,Low Capital; High NPL; 
BANK_210,"Wood, Tran and Cooper Rural Bank",Ashanti,Large,Aggressive,7,2022,Q3,2022-Q3,475.2,51.29,112.42,198.08,41.44,46.83,392.93,23.66,10.79,9.27,5.33,50.41,20.92,26.37,5.55,51.41,2.28,27.63,66.08,355.0,11.0,38.87,8.41,1,0,Low Capital; High NPL; 
BANK_210,"Wood, Tran and Cooper Rural Bank",Ashanti,Large,Aggressive,8,2022,Q4,2022-Q4,447.33,48.02,103.36,195.95,42.03,40.55,318.86,23.1,10.73,17.48,14.2,61.45,21.45,13.62,3.05,28.37,11.28,25.02,87.69,331.0,34.0,39.25,9.56,1,0,Low Capital; High NPL; 
BANK_210,"Wood, Tran and Cooper Rural Bank",Ashanti,Large,Aggressive,9,2023,Q1,2023-Q1,438.8,46.55,99.06,236.06,50.45,44.24,354.49,22.58,10.61,18.02,11.09,66.59,21.37,15.69,3.57,33.7,6.35,28.77,43.29,213.0,38.0,46.3,7.47,1,0,Low Capital; High NPL; 
BANK_210,"Wood, Tran and Cooper Rural Bank",Ashanti,Large,Aggressive,10,2023,Q2,2023-Q2,469.5,49.64,110.29,368.58,79.49,75.97,396.36,23.49,10.57,11.01,8.91,92.99,21.57,15.59,3.32,31.4,9.93,32.27,,460.0,26.0,47.48,24.54,1,0,Low Capital; High NPL; 
BANK_210,"Wood, Tran and Cooper Rural Bank",Ashanti,Large,Aggressive,11,2023,Q3,2023-Q3,477.41,50.5,117.89,229.36,50.6,34.2,362.43,24.69,10.58,19.19,16.1,63.28,22.06,26.82,5.62,53.12,3.63,37.81,57.78,491.0,51.0,29.58,16.23,1,0,Low Capital; High NPL; 
BANK_210,"Wood, Tran and Cooper Rural Bank",Ashanti,Large,Aggressive,12,2023,Q4,2023-Q4,458.8,47.94,119.1,158.64,35.23,22.3,387.75,25.96,10.45,16.78,14.7,40.91,22.21,20.5,4.47,42.76,10.54,21.2,63.18,347.0,48.0,17.36,19.5,1,0,Low Capital; High NPL; 
BANK_211,"Pierce, Bell and Chavez Rural Bank",Greater Accra,Medium,Moderate,1,2021,Q1,2021-Q1,171.35,43.95,45.95,130.43,15.45,13.3,141.19,26.81,25.65,11.79,12.61,92.38,11.85,6.19,3.61,14.08,7.26,6.88,91.82,98.0,8.0,36.02,25.58,0,0,
BANK_211,"Pierce, Bell and Chavez Rural Bank",Greater Accra,Medium,Moderate,2,2021,Q2,2021-Q2,167.25,42.69,44.57,69.82,8.33,4.67,123.25,26.65,25.52,20.4,8.92,56.65,11.93,5.08,3.04,11.9,5.6,5.1,49.38,214.0,16.0,58.37,16.7,0,0,
BANK_211,"Pierce, Bell and Chavez Rural Bank",Greater Accra,Medium,Moderate,3,2021,Q3,2021-Q3,178.76,45.54,48.24,77.57,9.86,11.55,128.35,26.98,25.48,15.04,19.75,60.44,12.71,2.56,1.43,5.62,8.51,5.55,57.65,131.0,13.0,58.39,17.1,0,0,
BANK_211,"Pierce, Bell and Chavez Rural Bank",Greater Accra,Medium,Moderate,4,2021,Q4,2021-Q4,176.77,45.48,47.81,97.26,12.38,6.24,150.03,27.05,25.73,23.79,17.31,64.83,12.73,7.84,4.44,17.24,3.06,11.87,44.76,211.0,24.0,20.56,7.13,0,0,
BANK_211,"Pierce, Bell and Chavez Rural Bank",Greater Accra,Medium,Moderate,5,2022,Q1,2022-Q1,187.1,48.11,50.01,117.84,15.41,12.7,144.14,26.73,25.72,10.41,13.47,81.75,13.07,4.31,2.3,8.96,7.61,9.38,53.82,183.0,,29.13,15.78,0,0,
BANK_211,"Pierce, Bell and Chavez Rural Bank",Greater Accra,Medium,Moderate,6,2022,Q2,2022-Q2,193.11,49.74,50.08,80.08,10.44,8.99,142.86,25.94,25.76,17.14,9.86,56.05,13.04,8.48,4.39,17.04,2.53,11.21,46.57,97.0,30.0,21.91,14.87,0,0,
BANK_211,"Pierce, Bell and Chavez Rural Bank",Greater Accra,Medium,Moderate,7,2022,Q3,2022-Q3,209.28,54.63,53.82,73.5,9.59,6.98,167.07,25.72,26.1,12.71,5.72,43.99,13.05,8.01,3.83,14.67,5.69,8.7,69.82,114.0,,41.93,8.55,0,0,
BANK_211,"Pierce, Bell and Chavez Rural Bank",Greater Accra,Medium,Moderate,8,2022,Q4,2022-Q4,220.5,57.3,56.69,147.03,20.54,21.65,158.75,25.71,25.99,24.16,10.77,92.62,13.97,8.01,3.63,13.97,4.88,15.21,84.9,187.0,32.0,47.86,33.72,0,0,
BANK_211,"Pierce, Bell and Chavez Rural Bank",Greater Accra,Medium,Moderate,9,2023,Q1,2023-Q1,204.68,53.81,53.5,69.46,9.61,7.5,158.58,26.14,26.29,13.95,15.21,43.8,13.83,5.31,2.59,9.87,8.51,11.23,,61.0,19.0,15.63,11.63,0,0,
BANK_211,"Pierce, Bell and Chavez Rural Bank",Greater Accra,Medium,Moderate,10,2023,Q2,2023-Q2,201.35,53.05,53.26,102.06,14.67,7.85,164.41,26.45,26.35,17.58,6.58,62.08,14.38,6.51,3.23,12.28,10.96,,57.58,160.0,18.0,34.85,24.02,0,0,
BANK_211,"Pierce, Bell and Chavez Rural Bank",Greater Accra,Medium,Moderate,11,2023,Q3,2023-Q3,206.06,53.69,54.84,145.69,20.36,11.51,173.35,26.62,26.06,14.79,9.19,84.04,13.98,5.84,2.83,10.87,3.46,14.5,62.51,71.0,8.0,35.07,8.51,0,0,
BANK_211,"Pierce, Bell and Chavez Rural Bank",Greater Accra,Medium,Moderate,12,2023,Q4,2023-Q4,194.87,51.34,53.77,97.32,13.32,11.43,154.37,27.59,26.34,10.06,18.8,63.04,13.69,5.92,3.04,11.54,5.76,10.02,36.98,129.0,33.0,57.17,12.25,0,0,
BANK_212,King-Martinez Rural Bank,Ashanti,Small,Moderate,1,2021,Q1,2021-Q1,18.52,1.52,5.49,8.77,0.57,0.32,14.87,29.62,8.21,15.94,6.73,58.98,6.51,0.67,3.6,43.87,5.26,1.12,,64.0,9.0,31.81,7.48,1,0,Low Capital; 
BANK_212,King-Martinez Rural Bank,Ashanti,Small,Moderate,2,2021,Q2,2021-Q2,19.33,1.58,5.72,10.27,0.69,0.45,15.33,29.6,8.2,23.11,15.2,66.96,6.7,0.86,4.44,54.12,3.28,0.94,58.36,26.0,9.0,26.67,,1,0,Low Capital; 
BANK_212,King-Martinez Rural Bank,Ashanti,Small,Moderate,3,2021,Q3,2021-Q3,20.21,1.61,6.16,13.93,0.98,0.79,16.79,30.47,7.98,20.19,17.69,82.94,7.07,0.41,2.03,25.49,6.75,1.33,80.56,39.0,,27.98,32.6,1,0,Low Capital; 
BANK_212,King-Martinez Rural Bank,Ashanti,Small,Moderate,4,2021,Q4,2021-Q4,20.19,1.61,5.93,7.05,0.49,0.42,14.27,29.36,7.95,9.06,17.35,49.4,7.02,0.64,3.15,39.68,8.04,1.55,44.78,36.0,7.0,59.26,15.09,1,0,Low Capital; 
BANK_212,King-Martinez Rural Bank,Ashanti,Small,Moderate,5,2022,Q1,2022-Q1,18.42,1.48,5.09,10.6,0.76,0.71,14.44,27.64,8.06,11.05,16.61,73.4,7.15,0.86,4.65,57.7,5.93,1.24,41.55,72.0,2.0,22.15,31.73,1,0,Low Capital; 
BANK_212,King-Martinez Rural Bank,Ashanti,Small,Moderate,6,2022,Q2,2022-Q2,21.07,1.64,5.88,11.21,0.79,0.64,16.82,27.93,7.81,10.86,18.61,66.67,7.02,0.74,3.51,44.91,4.64,1.63,67.53,98.0,2.0,15.52,19.31,1,0,Low Capital; 
BANK_212,King-Martinez Rural Bank,Ashanti,Small,Moderate,7,2022,Q3,2022-Q3,21.12,1.67,6.22,8.02,0.58,0.45,17.0,29.45,7.9,19.0,18.14,47.18,7.21,0.79,3.76,47.57,4.73,0.74,55.13,60.0,8.0,34.15,14.82,1,0,Low Capital; 
BANK_212,King-Martinez Rural Bank,Ashanti,Small,Moderate,8,2022,Q4,2022-Q4,18.97,1.49,5.35,13.69,1.03,0.98,15.78,28.18,7.83,10.28,13.7,86.74,7.55,0.8,4.23,54.01,6.06,1.48,85.59,25.0,3.0,33.77,5.25,1,0,Low Capital; 
BANK_212,King-Martinez Rural Bank,Ashanti,Small,Moderate,9,2023,Q1,2023-Q1,19.96,1.58,5.69,8.68,0.67,0.47,16.15,28.48,7.91,20.98,17.45,53.75,7.74,1.04,5.22,66.0,7.49,1.01,91.66,33.0,2.0,23.06,25.5,1,0,Low Capital; 
BANK_212,King-Martinez Rural Bank,Ashanti,Small,Moderate,10,2023,Q2,2023-Q2,21.78,1.74,6.21,15.57,1.16,0.65,16.7,28.53,7.98,17.04,11.3,93.22,7.46,1.02,4.7,58.94,3.76,1.0,70.98,56.0,9.0,45.44,16.42,1,0,Low Capital; 
BANK_212,King-Martinez Rural Bank,Ashanti,Small,Moderate,11,2023,Q3,2023-Q3,22.96,1.85,6.63,8.54,0.62,0.64,17.7,28.88,8.06,10.06,15.31,48.22,7.28,0.39,1.71,21.27,6.13,0.84,30.76,52.0,10.0,37.28,6.57,1,0,Low Capital; 
BANK_212,King-Martinez Rural Bank,Ashanti,Small,Moderate,12,2023,Q4,2023-Q4,23.36,1.85,6.78,15.2,1.13,0.62,18.17,29.03,7.93,9.69,16.07,83.67,7.46,0.76,3.27,41.24,8.1,0.71,59.42,33.0,10.0,27.05,32.06,1,0,Low Capital; 
BANK_213,Stewart Ltd Rural Bank,Eastern,Small,Moderate,1,2021,Q1,2021-Q1,7.87,2.03,2.28,5.64,0.33,0.18,6.47,28.91,25.8,11.47,10.88,87.14,5.87,0.45,5.73,22.22,2.67,0.36,30.82,45.0,9.0,44.47,26.79,0,0,
BANK_213,Stewart Ltd Rural Bank,Eastern,Small,Moderate,2,2021,Q2,2021-Q2,7.48,1.95,2.25,3.39,0.21,0.19,6.2,30.12,26.04,14.95,7.07,54.61,6.14,0.23,3.11,11.96,3.48,0.35,63.28,68.0,2.0,30.02,15.18,0,0,
BANK_213,Stewart Ltd Rural Bank,Eastern,Small,Moderate,3,2021,Q3,2021-Q3,8.04,2.1,2.43,4.27,0.27,0.17,5.98,30.26,26.07,19.14,14.53,71.4,6.34,0.45,5.58,21.39,6.36,0.61,,61.0,5.0,26.8,31.33,0,0,
BANK_213,Stewart Ltd Rural Bank,Eastern,Small,Moderate,4,2021,Q4,2021-Q4,8.68,2.26,2.72,3.73,0.23,0.17,6.69,31.28,26.08,14.54,6.19,55.75,6.19,0.24,2.79,10.71,4.0,0.66,81.54,98.0,6.0,17.04,8.47,0,0,
BANK_213,Stewart Ltd Rural Bank,Eastern,Small,Moderate,5,2022,Q1,2022-Q1,9.11,2.37,2.99,5.71,0.36,0.39,6.7,32.82,26.02,16.67,19.72,85.21,6.37,0.23,2.57,9.88,2.19,0.64,64.47,62.0,14.0,36.88,14.47,0,0,
BANK_213,Stewart Ltd Rural Bank,Eastern,Small,Moderate,6,2022,Q2,2022-Q2,9.11,2.36,3.1,6.6,0.42,0.45,7.2,34.02,25.92,18.88,18.77,91.61,6.41,0.28,3.08,11.87,10.74,0.47,55.75,69.0,14.0,34.9,22.25,0,0,
BANK_213,Stewart Ltd Rural Bank,Eastern,Small,Moderate,7,2022,Q3,2022-Q3,9.65,2.5,3.18,4.82,0.31,0.31,7.64,32.99,25.92,17.56,15.15,63.08,6.4,0.25,2.55,9.84,5.62,0.68,65.16,39.0,5.0,36.05,27.89,0,0,
BANK_213,Stewart Ltd Rural Bank,Eastern,Small,Moderate,8,2022,Q4,2022-Q4,9.59,2.52,3.1,6.68,0.44,0.24,7.18,32.31,26.28,21.89,12.97,93.16,6.63,0.39,4.03,15.33,3.64,0.4,40.13,77.0,3.0,45.66,8.84,0,0,
BANK_213,Stewart Ltd Rural Bank,Eastern,Small,Moderate,9,2023,Q1,2023-Q1,10.0,2.63,3.22,3.88,0.25,0.28,7.26,32.23,26.3,21.34,10.86,53.45,6.53,0.38,3.78,14.39,9.21,0.32,43.23,69.0,8.0,42.21,7.67,0,0,
BANK_213,Stewart Ltd Rural Bank,Eastern,Small,Moderate,10,2023,Q2,2023-Q2,10.99,2.91,3.38,4.76,0.31,0.21,7.98,30.78,26.45,21.23,13.19,59.66,6.51,0.17,1.58,5.97,7.16,0.6,39.03,99.0,12.0,32.39,25.55,0,0,
BANK_213,Stewart Ltd Rural Bank,Eastern,Small,Moderate,11,2023,Q3,2023-Q3,11.51,3.08,3.52,8.33,0.55,0.36,9.39,30.62,26.8,16.65,11.49,88.68,6.59,0.63,5.5,20.52,8.29,0.59,33.11,67.0,,39.18,27.99,0,0,
BANK_213,Stewart Ltd Rural Bank,Eastern,Small,Moderate,12,2023,Q4,2023-Q4,11.72,3.15,3.68,8.45,0.57,0.64,9.41,31.4,26.88,11.79,14.54,89.81,6.78,0.56,4.81,17.88,3.17,0.41,61.96,44.0,9.0,45.5,11.8,0,0,
BANK_214,"Tapia, Vaughn and Lee Rural Bank",Volta,Medium,Aggressive,1,2021,Q1,2021-Q1,154.99,46.34,24.28,61.07,4.98,4.13,123.22,15.67,29.9,24.53,16.4,49.56,8.16,7.17,4.63,15.47,9.06,8.78,63.36,248.0,5.0,28.64,9.01,0,0,
BANK_214,"Tapia, Vaughn and Lee Rural Bank",Volta,Medium,Aggressive,2,2021,Q2,2021-Q2,158.56,46.49,25.66,118.21,9.77,11.03,127.18,16.19,29.32,21.06,10.13,92.95,8.26,1.58,1.0,3.4,4.61,12.6,72.39,63.0,20.0,59.14,34.79,0,0,
BANK_214,"Tapia, Vaughn and Lee Rural Bank",Volta,Medium,Aggressive,3,2021,Q3,2021-Q3,176.31,51.61,29.66,91.36,7.45,5.47,134.31,16.82,29.27,16.36,13.88,68.02,8.16,5.45,3.09,10.55,6.51,8.04,71.14,60.0,33.0,33.69,29.03,0,0,
BANK_214,"Tapia, Vaughn and Lee Rural Bank",Volta,Medium,Aggressive,4,2021,Q4,2021-Q4,183.56,54.66,30.47,109.64,8.74,10.45,154.59,16.6,29.78,23.17,7.98,70.92,7.98,6.69,3.64,12.24,8.95,9.57,56.27,138.0,18.0,45.4,14.91,0,0,
BANK_214,"Tapia, Vaughn and Lee Rural Bank",Volta,Medium,Aggressive,5,2022,Q1,2022-Q1,191.19,56.45,30.56,112.44,8.96,5.22,141.38,15.98,29.53,14.54,5.47,79.53,7.97,2.83,1.48,5.02,6.83,7.42,38.45,165.0,25.0,15.25,16.63,0,0,
BANK_214,"Tapia, Vaughn and Lee Rural Bank",Volta,Medium,Aggressive,6,2022,Q2,2022-Q2,203.22,59.83,33.09,73.05,5.74,3.39,170.95,16.28,29.44,9.94,15.22,42.74,7.86,10.36,5.1,17.31,6.59,6.19,90.15,168.0,27.0,52.06,29.56,0,0,
BANK_214,"Tapia, Vaughn and Lee Rural Bank",Volta,Medium,Aggressive,7,2022,Q3,2022-Q3,209.98,61.35,34.0,68.85,5.52,6.05,153.99,16.19,29.22,21.3,15.44,44.71,8.02,12.38,5.9,20.19,4.43,11.21,59.04,185.0,32.0,37.13,19.75,0,0,
BANK_214,"Tapia, Vaughn and Lee Rural Bank",Volta,Medium,Aggressive,8,2022,Q4,2022-Q4,216.62,63.71,34.28,143.65,11.92,11.81,154.63,15.83,29.41,24.63,8.02,92.9,8.3,12.44,5.74,19.53,8.88,11.23,68.73,243.0,13.0,36.52,25.79,0,0,
BANK_214,"Tapia, Vaughn and Lee Rural Bank",Volta,Medium,Aggressive,9,2023,Q1,2023-Q1,234.43,69.05,36.65,139.3,11.59,9.04,197.32,15.63,29.45,20.77,19.88,70.6,8.32,12.34,5.26,17.87,2.54,18.0,34.43,200.0,7.0,53.78,11.15,0,0,
BANK_214,"Tapia, Vaughn and Lee Rural Bank",Volta,Medium,Aggressive,10,2023,Q2,2023-Q2,247.53,72.82,38.79,167.78,14.2,15.36,201.61,15.67,29.42,15.48,16.88,83.22,8.46,11.56,4.67,15.88,11.98,18.21,30.08,197.0,34.0,29.75,34.32,0,0,
BANK_214,"Tapia, Vaughn and Lee Rural Bank",Volta,Medium,Aggressive,11,2023,Q3,2023-Q3,233.87,67.54,38.03,82.71,6.81,6.29,182.53,16.26,28.88,14.71,7.41,45.31,8.23,12.4,5.3,18.36,11.54,13.96,84.75,220.0,28.0,23.64,9.65,0,0,
BANK_214,"Tapia, Vaughn and Lee Rural Bank",Volta,Medium,Aggressive,12,2023,Q4,2023-Q4,240.14,69.59,40.62,91.94,7.72,5.27,187.1,16.92,28.98,9.61,8.69,49.14,8.4,5.95,2.48,8.54,7.03,14.56,47.59,86.0,32.0,53.61,13.4,0,0,
BANK_215,"Washington, Hardy and Bray Rural Bank",Western,Medium,Moderate,1,2021,Q1,2021-Q1,134.02,23.69,43.06,86.24,4.53,3.36,94.01,32.13,17.68,21.41,7.13,91.73,5.25,5.27,3.94,22.26,8.95,6.3,91.14,55.0,8.0,56.65,,0,0,
BANK_215,"Washington, Hardy and Bray Rural Bank",Western,Medium,Moderate,2,2021,Q2,2021-Q2,155.11,27.33,49.23,111.83,6.02,3.3,128.63,31.74,17.62,16.28,18.54,86.94,5.39,3.35,2.16,12.24,2.36,9.44,34.95,74.0,,58.88,6.18,0,0,
BANK_215,"Washington, Hardy and Bray Rural Bank",Western,Medium,Moderate,3,2021,Q3,2021-Q3,160.57,27.93,47.37,99.83,5.44,5.85,135.92,29.5,17.39,19.59,17.35,73.45,5.45,3.37,2.1,12.06,6.99,12.65,86.1,88.0,10.0,52.28,10.97,0,0,
BANK_215,"Washington, Hardy and Bray Rural Bank",Western,Medium,Moderate,4,2021,Q4,2021-Q4,154.03,26.73,45.36,110.9,5.91,6.29,125.82,29.45,17.36,14.11,5.22,88.15,5.33,6.58,4.27,24.62,5.17,7.95,64.81,202.0,32.0,34.96,11.99,0,0,
BANK_215,"Washington, Hardy and Bray Rural Bank",Western,Medium,Moderate,5,2022,Q1,2022-Q1,155.35,26.71,45.98,60.49,3.19,3.57,109.85,29.6,17.2,19.53,17.03,55.07,5.28,3.48,2.24,13.01,6.69,10.4,89.52,224.0,7.0,18.65,22.93,0,0,
BANK_215,"Washington, Hardy and Bray Rural Bank",Western,Medium,Moderate,6,2022,Q2,2022-Q2,157.2,27.03,46.55,102.32,5.14,4.74,126.25,29.61,17.19,21.53,19.64,81.04,5.02,8.58,5.46,31.75,8.98,8.01,74.92,63.0,24.0,55.26,24.11,0,0,
BANK_215,"Washington, Hardy and Bray Rural Bank",Western,Medium,Moderate,7,2022,Q3,2022-Q3,160.92,28.14,49.26,62.64,3.21,3.83,122.52,30.61,17.49,9.18,17.24,51.13,5.12,3.57,2.22,12.7,3.99,12.68,86.5,76.0,16.0,17.37,23.98,0,0,
BANK_215,"Washington, Hardy and Bray Rural Bank",Western,Medium,Moderate,8,2022,Q4,2022-Q4,140.2,24.32,43.79,89.31,4.77,3.1,106.64,31.23,17.35,15.59,12.85,83.76,5.34,5.39,3.84,22.15,6.62,6.13,42.03,239.0,14.0,46.74,15.22,0,0,
BANK_215,"Washington, Hardy and Bray Rural Bank",Western,Medium,Moderate,9,2023,Q1,2023-Q1,141.42,24.84,42.73,59.01,3.2,3.8,101.58,30.21,17.56,12.2,13.13,58.09,5.43,4.36,3.08,17.54,8.41,6.72,30.24,129.0,31.0,57.48,13.25,0,0,
BANK_215,"Washington, Hardy and Bray Rural Bank",Western,Medium,Moderate,10,2023,Q2,2023-Q2,158.11,27.98,50.5,82.82,4.36,3.62,115.94,31.94,17.7,20.71,16.34,71.43,5.26,4.35,2.75,15.56,11.8,6.64,80.56,199.0,22.0,30.77,18.37,0,0,
BANK_215,"Washington, Hardy and Bray Rural Bank",Western,Medium,Moderate,11,2023,Q3,2023-Q3,162.58,29.42,51.71,69.66,3.59,3.34,116.42,31.81,18.1,16.85,16.42,59.84,5.15,7.97,4.9,27.1,7.75,8.38,37.79,74.0,25.0,54.63,17.44,0,0,
BANK_215,"Washington, Hardy and Bray Rural Bank",Western,Medium,Moderate,12,2023,Q4,2023-Q4,179.57,32.77,54.6,61.27,3.24,3.38,141.57,30.41,18.25,8.09,12.16,43.28,5.29,5.75,3.2,17.54,9.46,10.13,45.29,189.0,30.0,31.31,13.92,0,0,
BANK_216,"Carlson, Hooper and Wall Rural Bank",Upper West,Medium,Conservative,1,2021,Q1,2021-Q1,131.77,21.14,31.21,81.53,2.98,3.35,98.4,23.68,16.04,20.82,17.54,82.85,3.66,3.33,2.52,15.74,3.19,4.72,47.96,159.0,34.0,28.63,10.98,0,0,
BANK_216,"Carlson, Hooper and Wall Rural Bank",Upper West,Medium,Conservative,2,2021,Q2,2021-Q2,122.83,19.69,29.42,90.74,3.34,2.88,96.26,23.95,16.03,16.68,9.08,94.26,3.68,6.26,5.1,31.81,2.22,8.97,35.17,233.0,9.0,38.95,7.98,0,0,
BANK_216,"Carlson, Hooper and Wall Rural Bank",Upper West,Medium,Conservative,3,2021,Q3,2021-Q3,98.39,15.7,23.47,52.94,2.09,1.4,75.65,23.85,15.95,9.47,11.3,69.98,3.95,4.52,4.6,28.81,4.02,6.56,84.11,247.0,,58.86,9.48,0,0,
BANK_216,"Carlson, Hooper and Wall Rural Bank",Upper West,Medium,Conservative,4,2021,Q4,2021-Q4,97.64,15.73,23.22,38.83,1.55,1.14,70.89,23.78,16.12,15.84,10.47,54.78,4.0,2.08,2.13,13.24,5.37,3.2,92.14,151.0,28.0,38.1,28.11,0,0,
BANK_216,"Carlson, Hooper and Wall Rural Bank",Upper West,Medium,Conservative,5,2022,Q1,2022-Q1,105.52,17.06,24.63,53.76,2.21,1.29,77.52,23.34,16.17,17.51,15.27,69.35,4.12,3.75,3.56,22.0,9.98,3.88,74.67,171.0,27.0,42.96,21.88,0,0,
BANK_216,"Carlson, Hooper and Wall Rural Bank",Upper West,Medium,Conservative,6,2022,Q2,2022-Q2,109.15,17.75,27.13,65.77,2.72,1.36,78.53,24.86,16.27,12.08,7.77,83.75,4.13,3.72,3.41,20.96,5.3,5.6,69.08,196.0,9.0,27.73,24.09,0,0,
BANK_216,"Carlson, Hooper and Wall Rural Bank",Upper West,Medium,Conservative,7,2022,Q3,2022-Q3,120.92,19.79,30.27,54.5,2.25,1.71,93.7,25.03,16.36,22.31,14.61,58.16,4.12,3.36,2.78,16.98,6.12,5.56,88.47,182.0,11.0,48.73,6.16,0,0,
BANK_216,"Carlson, Hooper and Wall Rural Bank",Upper West,Medium,Conservative,8,2022,Q4,2022-Q4,117.61,19.2,28.77,82.58,3.56,2.35,98.76,24.46,16.33,16.5,15.35,83.62,4.31,1.44,1.22,7.48,8.25,7.39,75.27,161.0,19.0,,28.02,0,0,
BANK_216,"Carlson, Hooper and Wall Rural Bank",Upper West,Medium,Conservative,9,2023,Q1,2023-Q1,113.81,18.61,27.02,64.69,2.9,2.3,91.51,23.74,16.35,23.21,15.41,70.7,4.48,1.77,1.55,9.49,6.85,4.59,59.48,120.0,31.0,22.52,22.96,0,0,
BANK_216,"Carlson, Hooper and Wall Rural Bank",Upper West,Medium,Conservative,10,2023,Q2,2023-Q2,118.53,18.89,27.44,53.37,2.41,1.91,89.49,23.15,15.94,21.81,15.72,59.64,4.52,3.77,3.18,19.95,11.71,4.57,47.36,128.0,10.0,58.75,24.23,0,0,
BANK_216,"Carlson, Hooper and Wall Rural Bank",Upper West,Medium,Conservative,11,2023,Q3,2023-Q3,123.9,19.71,27.3,41.74,1.92,1.3,97.47,22.03,15.91,19.32,16.72,42.82,4.6,5.31,4.29,26.94,7.4,9.44,89.12,59.0,14.0,31.39,,0,0,
BANK_216,"Carlson, Hooper and Wall Rural Bank",Upper West,Medium,Conservative,12,2023,Q4,2023-Q4,125.49,19.97,28.34,35.51,1.61,0.9,88.45,22.59,15.91,14.79,15.17,40.15,4.54,1.51,1.2,7.55,9.5,6.87,65.88,200.0,30.0,21.13,13.41,0,0,
BANK_217,Perez-White Rural Bank,Greater Accra,Medium,Aggressive,1,2021,Q1,2021-Q1,76.35,7.02,15.61,29.67,4.95,4.67,55.21,20.44,9.19,8.3,13.06,53.74,16.67,2.72,3.56,38.7,4.67,6.08,40.2,137.0,36.0,24.59,29.21,1,0,Low Capital; High NPL; 
BANK_217,Perez-White Rural Bank,Greater Accra,Medium,Aggressive,2,2021,Q2,2021-Q2,75.94,6.97,16.44,51.24,8.63,6.95,55.58,21.64,9.18,8.83,5.64,92.18,16.85,3.91,5.15,56.05,9.62,,52.97,227.0,12.0,42.51,19.64,1,0,Low Capital; High NPL; 
BANK_217,Perez-White Rural Bank,Greater Accra,Medium,Aggressive,3,2021,Q3,2021-Q3,74.76,6.88,16.97,40.18,6.84,6.32,55.23,22.69,9.2,19.73,5.23,72.75,17.02,4.18,5.59,60.76,10.23,4.09,58.47,180.0,28.0,22.77,5.98,1,0,Low Capital; High NPL; 
BANK_217,Perez-White Rural Bank,Greater Accra,Medium,Aggressive,4,2021,Q4,2021-Q4,70.34,6.46,15.59,36.68,6.38,5.28,50.84,22.16,9.19,13.21,9.09,72.16,17.4,2.34,3.32,36.16,8.84,2.49,46.62,208.0,26.0,26.98,16.94,1,0,Low Capital; High NPL; 
BANK_217,Perez-White Rural Bank,Greater Accra,Medium,Aggressive,5,2022,Q1,2022-Q1,70.7,6.46,15.49,36.15,6.27,7.26,56.28,21.91,9.14,22.3,17.62,64.22,17.34,3.44,4.86,53.17,5.3,4.11,62.0,241.0,12.0,57.63,26.21,1,0,Low Capital; High NPL; 
BANK_217,Perez-White Rural Bank,Greater Accra,Medium,Aggressive,6,2022,Q2,2022-Q2,66.61,6.05,14.03,42.8,7.45,6.17,50.2,21.06,9.09,20.33,16.36,85.26,17.41,3.85,5.78,63.58,7.31,4.44,52.79,169.0,8.0,51.67,15.33,1,0,Low Capital; High NPL; 
BANK_217,Perez-White Rural Bank,Greater Accra,Medium,Aggressive,7,2022,Q3,2022-Q3,69.47,6.3,14.28,48.96,8.46,7.34,54.49,20.56,9.07,23.71,16.94,89.85,17.27,2.84,4.08,44.99,2.34,4.03,69.55,166.0,27.0,28.21,9.31,1,0,Low Capital; High NPL; 
BANK_217,Perez-White Rural Bank,Greater Accra,Medium,Aggressive,8,2022,Q4,2022-Q4,60.59,5.53,11.97,29.87,5.28,5.31,49.98,19.75,9.13,19.47,6.71,59.77,17.67,3.24,5.34,58.56,4.04,3.78,80.36,62.0,6.0,,22.64,1,0,Low Capital; High NPL; 
BANK_217,Perez-White Rural Bank,Greater Accra,Medium,Aggressive,9,2023,Q1,2023-Q1,60.84,5.55,11.69,36.9,6.97,6.76,48.99,19.22,9.12,15.64,11.03,75.31,18.88,1.35,2.21,24.25,4.23,4.12,61.69,174.0,20.0,,19.91,1,0,Low Capital; High NPL; 
BANK_217,Perez-White Rural Bank,Greater Accra,Medium,Aggressive,10,2023,Q2,2023-Q2,59.8,5.4,12.02,38.3,7.56,5.33,44.08,20.09,9.03,12.0,18.78,86.88,19.74,1.73,2.89,32.02,9.89,2.37,58.97,146.0,35.0,28.66,5.59,1,0,Low Capital; High NPL; 
BANK_217,Perez-White Rural Bank,Greater Accra,Medium,Aggressive,11,2023,Q3,2023-Q3,66.34,6.04,13.38,40.25,7.82,8.56,51.24,20.17,9.1,9.8,15.55,78.54,19.43,2.92,4.41,48.41,2.63,2.1,87.93,204.0,24.0,22.74,13.37,1,0,Low Capital; High NPL; 
BANK_217,Perez-White Rural Bank,Greater Accra,Medium,Aggressive,12,2023,Q4,2023-Q4,70.0,6.34,14.3,30.47,5.93,4.6,52.55,20.43,9.06,16.39,15.29,57.97,19.46,3.04,4.34,47.88,5.42,5.14,85.0,184.0,22.0,59.26,,1,0,Low Capital; High NPL; 
BANK_218,Erickson and Sons Rural Bank,Upper West,Small,Moderate,1,2021,Q1,2021-Q1,33.95,9.26,10.71,13.05,1.13,0.97,24.46,31.55,27.29,10.37,13.32,53.36,8.65,1.47,4.32,15.83,5.04,2.61,60.58,69.0,10.0,19.1,30.57,0,0,
BANK_218,Erickson and Sons Rural Bank,Upper West,Small,Moderate,2,2021,Q2,2021-Q2,33.13,8.94,10.33,11.22,0.98,0.98,26.07,31.17,26.98,16.52,15.09,43.04,8.69,0.84,2.53,9.37,2.84,1.9,49.89,95.0,9.0,27.83,20.86,0,0,
BANK_218,Erickson and Sons Rural Bank,Upper West,Small,Moderate,3,2021,Q3,2021-Q3,32.42,8.77,9.79,24.33,2.2,1.72,26.18,30.21,27.06,16.31,18.53,92.94,9.03,0.6,1.85,6.85,4.56,2.57,79.18,58.0,4.0,40.81,11.96,0,0,
BANK_218,Erickson and Sons Rural Bank,Upper West,Small,Moderate,4,2021,Q4,2021-Q4,33.78,8.95,10.17,13.08,1.23,1.1,25.63,30.1,26.5,18.5,7.39,51.02,9.39,1.5,4.45,16.78,6.51,1.59,82.03,86.0,4.0,57.9,32.9,0,0,
BANK_218,Erickson and Sons Rural Bank,Upper West,Small,Moderate,5,2022,Q1,2022-Q1,32.99,8.83,10.25,17.97,1.71,1.2,24.11,31.07,26.77,22.93,17.63,74.54,9.5,1.76,5.33,19.9,10.64,2.41,66.02,,14.0,20.82,29.19,0,0,
BANK_218,Erickson and Sons Rural Bank,Upper West,Small,Moderate,6,2022,Q2,2022-Q2,35.15,9.41,11.15,14.15,1.31,0.66,28.91,31.71,26.78,17.24,14.59,48.94,9.26,0.74,2.11,7.88,10.67,1.5,73.09,,6.0,23.18,20.08,0,0,
BANK_218,Erickson and Sons Rural Bank,Upper West,Small,Moderate,7,2022,Q3,2022-Q3,39.28,10.7,11.83,24.17,2.2,1.13,31.86,30.12,27.24,9.34,17.85,75.88,9.11,1.12,2.86,10.5,4.1,2.78,73.97,97.0,13.0,58.99,15.96,0,0,
BANK_218,Erickson and Sons Rural Bank,Upper West,Small,Moderate,8,2022,Q4,2022-Q4,32.1,8.72,8.97,14.31,1.36,1.25,23.03,27.94,27.16,18.51,19.46,62.15,9.47,1.58,4.92,18.12,8.48,1.75,31.96,75.0,3.0,,31.89,0,0,
BANK_218,Erickson and Sons Rural Bank,Upper West,Small,Moderate,9,2023,Q1,2023-Q1,29.8,8.13,8.46,13.25,1.31,0.72,23.44,28.38,27.27,22.52,17.12,56.52,9.9,0.47,1.57,5.77,2.95,1.57,54.19,24.0,4.0,34.76,29.87,0,0,
BANK_218,Erickson and Sons Rural Bank,Upper West,Small,Moderate,10,2023,Q2,2023-Q2,30.25,8.37,8.52,15.06,1.47,1.05,23.04,28.16,27.65,9.91,10.4,65.37,9.73,0.94,3.09,11.18,8.43,1.91,81.79,85.0,9.0,30.89,6.54,0,0,
BANK_218,Erickson and Sons Rural Bank,Upper West,Small,Moderate,11,2023,Q3,2023-Q3,30.29,8.18,8.44,15.6,1.47,1.65,22.84,27.85,26.99,15.04,16.06,68.29,9.44,1.41,4.67,17.29,7.74,2.05,50.86,80.0,12.0,19.69,7.74,0,0,
BANK_218,Erickson and Sons Rural Bank,Upper West,Small,Moderate,12,2023,Q4,2023-Q4,33.03,8.99,8.9,20.43,1.96,2.12,25.2,26.95,27.21,17.74,5.95,81.06,9.59,1.74,5.28,19.38,2.22,2.21,41.01,42.0,9.0,27.35,10.04,0,0,
BANK_219,Williams-Brown Rural Bank,Greater Accra,Medium,Moderate,1,2021,Q1,2021-Q1,182.82,51.1,44.92,90.16,12.05,9.92,133.56,24.57,27.95,18.67,5.55,67.51,13.36,2.23,1.22,4.36,3.27,10.04,92.84,218.0,33.0,21.17,33.76,0,0,
BANK_219,Williams-Brown Rural Bank,Greater Accra,Medium,Moderate,2,2021,Q2,2021-Q2,174.98,49.49,43.58,115.02,15.83,18.43,141.82,24.91,28.28,10.33,17.97,81.1,13.77,10.44,5.96,21.09,10.72,9.11,40.23,140.0,30.0,42.11,13.39,0,0,
BANK_219,Williams-Brown Rural Bank,Greater Accra,Medium,Moderate,3,2021,Q3,2021-Q3,179.47,50.7,44.55,65.7,9.09,10.88,140.31,24.82,28.25,17.86,17.06,46.82,13.83,6.16,3.43,12.15,6.48,11.67,59.79,181.0,20.0,42.48,29.16,0,0,
BANK_219,Williams-Brown Rural Bank,Greater Accra,Medium,Moderate,4,2021,Q4,2021-Q4,180.35,51.11,44.43,64.55,9.33,10.52,148.86,24.64,28.34,18.68,8.04,43.36,14.45,10.51,5.83,20.56,9.3,10.17,38.73,135.0,31.0,27.76,22.35,0,0,
BANK_219,Williams-Brown Rural Bank,Greater Accra,Medium,Moderate,5,2022,Q1,2022-Q1,185.29,52.44,46.18,104.8,15.02,10.98,139.04,24.92,28.3,8.29,5.37,75.38,14.33,3.89,2.1,7.42,6.83,7.2,68.98,73.0,29.0,56.47,16.58,0,0,
BANK_219,Williams-Brown Rural Bank,Greater Accra,Medium,Moderate,6,2022,Q2,2022-Q2,177.4,51.76,42.89,136.11,19.86,18.49,143.75,24.18,29.18,11.57,16.78,94.68,14.59,3.78,2.13,7.3,8.53,12.49,79.56,171.0,35.0,47.9,21.26,0,0,
BANK_219,Williams-Brown Rural Bank,Greater Accra,Medium,Moderate,7,2022,Q3,2022-Q3,174.82,51.46,42.65,137.61,20.13,18.34,147.28,24.4,29.44,17.1,8.95,93.43,14.63,3.42,1.95,6.64,6.48,9.31,45.64,240.0,21.0,38.62,22.96,0,0,
BANK_219,Williams-Brown Rural Bank,Greater Accra,Medium,Moderate,8,2022,Q4,2022-Q4,159.84,47.53,36.26,67.23,10.73,7.62,126.34,22.69,29.73,20.17,13.11,53.21,15.96,6.77,4.23,14.24,6.74,5.57,70.75,221.0,10.0,18.81,6.19,1,0,High NPL; 
BANK_219,Williams-Brown Rural Bank,Greater Accra,Medium,Moderate,9,2023,Q1,2023-Q1,157.13,47.02,35.62,56.37,8.87,6.59,118.81,22.67,29.92,9.73,18.76,47.44,15.74,7.63,4.86,16.24,2.47,4.85,77.61,206.0,21.0,29.3,12.09,1,0,High NPL; 
BANK_219,Williams-Brown Rural Bank,Greater Accra,Medium,Moderate,10,2023,Q2,2023-Q2,156.8,46.43,34.6,83.34,13.39,10.46,128.06,22.07,29.61,12.1,12.37,65.08,16.07,6.85,4.37,14.75,3.98,6.51,94.91,227.0,27.0,29.21,21.1,1,0,High NPL; 
BANK_219,Williams-Brown Rural Bank,Greater Accra,Medium,Moderate,11,2023,Q3,2023-Q3,162.75,47.79,36.65,99.21,15.85,9.86,134.86,22.52,29.37,19.05,6.02,73.57,15.98,9.17,5.63,19.18,9.83,4.91,87.35,191.0,8.0,29.12,8.53,1,0,High NPL; 
BANK_219,Williams-Brown Rural Bank,Greater Accra,Medium,Moderate,12,2023,Q4,2023-Q4,172.81,51.31,39.73,103.93,16.55,10.39,141.99,22.99,29.69,14.33,15.41,73.2,15.93,8.27,4.79,16.12,10.23,10.62,76.42,84.0,17.0,39.06,34.51,1,0,High NPL; 
BANK_220,Terry-Martinez Rural Bank,Northern,Medium,Aggressive,1,2021,Q1,2021-Q1,169.88,20.79,39.3,63.77,6.4,7.53,122.8,23.13,12.24,16.22,10.29,51.93,10.04,6.22,3.66,29.92,10.39,10.61,77.62,208.0,20.0,58.87,23.85,0,0,
BANK_220,Terry-Martinez Rural Bank,Northern,Medium,Aggressive,2,2021,Q2,2021-Q2,166.52,20.45,40.46,61.97,6.35,7.61,141.18,24.3,12.28,24.56,19.82,43.89,10.25,8.31,4.99,40.63,2.87,8.09,86.29,190.0,8.0,30.67,5.58,0,0,
BANK_220,Terry-Martinez Rural Bank,Northern,Medium,Aggressive,3,2021,Q3,2021-Q3,151.06,18.64,34.2,103.82,11.17,9.36,126.89,22.64,12.34,20.02,11.54,81.82,10.75,9.31,6.17,49.98,3.63,7.12,53.62,195.0,33.0,23.27,26.41,0,0,
BANK_220,Terry-Martinez Rural Bank,Northern,Medium,Aggressive,4,2021,Q4,2021-Q4,153.56,19.05,33.29,57.89,6.25,5.41,123.24,21.68,12.41,19.8,11.62,46.97,10.79,8.16,5.31,42.82,4.8,9.18,67.29,113.0,21.0,16.82,17.81,0,0,
BANK_220,Terry-Martinez Rural Bank,Northern,Medium,Aggressive,5,2022,Q1,2022-Q1,162.05,20.03,36.33,63.88,6.85,7.48,126.31,22.42,12.36,13.54,10.37,50.57,10.72,7.49,4.62,37.38,3.15,5.37,77.94,123.0,17.0,40.84,,0,0,
BANK_220,Terry-Martinez Rural Bank,Northern,Medium,Aggressive,6,2022,Q2,2022-Q2,161.54,19.79,38.11,102.27,11.34,6.85,130.19,23.59,12.25,22.19,14.73,78.55,11.09,1.59,0.98,8.02,6.18,,36.78,113.0,26.0,37.37,31.21,0,0,
BANK_220,Terry-Martinez Rural Bank,Northern,Medium,Aggressive,7,2022,Q3,2022-Q3,155.37,19.15,37.49,59.29,6.55,6.26,112.92,24.13,12.32,22.85,12.73,52.51,11.05,3.92,2.52,20.49,9.89,10.79,83.56,87.0,36.0,27.37,28.3,0,0,
BANK_220,Terry-Martinez Rural Bank,Northern,Medium,Aggressive,8,2022,Q4,2022-Q4,158.27,19.35,36.01,66.65,7.58,6.5,120.02,22.75,12.22,17.29,17.75,55.53,11.37,2.4,1.51,12.39,8.73,8.07,87.82,227.0,28.0,53.42,32.68,0,0,
BANK_220,Terry-Martinez Rural Bank,Northern,Medium,Aggressive,9,2023,Q1,2023-Q1,155.92,19.07,34.12,55.88,6.61,6.84,121.37,21.88,12.23,23.04,19.33,46.04,11.82,6.71,4.3,35.18,6.54,5.89,38.13,147.0,,,31.42,0,0,
BANK_220,Terry-Martinez Rural Bank,Northern,Medium,Aggressive,10,2023,Q2,2023-Q2,158.91,19.55,34.2,75.48,8.74,4.51,115.79,21.52,12.3,17.71,8.0,65.19,11.58,4.56,2.87,23.36,4.37,5.83,59.63,170.0,36.0,26.42,5.79,0,0,
BANK_220,Terry-Martinez Rural Bank,Northern,Medium,Aggressive,11,2023,Q3,2023-Q3,157.82,19.56,33.6,94.04,10.71,7.73,111.35,21.29,12.4,20.69,12.26,84.45,11.39,1.77,1.12,9.04,2.74,9.19,63.82,144.0,21.0,48.39,22.28,0,0,
BANK_220,Terry-Martinez Rural Bank,Northern,Medium,Aggressive,12,2023,Q4,2023-Q4,153.73,19.05,31.71,67.87,8.02,6.56,127.65,20.63,12.39,14.02,19.62,53.16,11.82,6.18,4.02,32.46,7.36,6.4,51.86,56.0,11.0,30.11,34.16,0,0,
BANK_221,Garcia-Smith Rural Bank,Greater Accra,Large,Conservative,1,2021,Q1,2021-Q1,516.25,120.89,184.06,379.94,17.8,12.64,404.41,35.65,23.42,20.88,15.1,93.95,4.68,7.75,1.5,6.41,6.8,26.38,37.38,236.0,44.0,44.24,13.67,0,0,
BANK_221,Garcia-Smith Rural Bank,Greater Accra,Large,Conservative,2,2021,Q2,2021-Q2,561.83,131.35,196.81,363.18,17.03,14.97,395.87,35.03,23.38,11.02,11.33,91.74,4.69,26.53,4.72,20.2,11.18,22.68,88.94,352.0,22.0,48.14,7.73,0,0,
BANK_221,Garcia-Smith Rural Bank,Greater Accra,Large,Conservative,3,2021,Q3,2021-Q3,583.36,136.96,208.18,177.92,8.6,8.62,413.77,35.69,23.48,18.42,19.26,43.0,4.83,29.65,5.08,21.65,2.34,39.09,67.89,462.0,70.0,25.86,28.68,0,0,
BANK_221,Garcia-Smith Rural Bank,Greater Accra,Large,Conservative,4,2021,Q4,2021-Q4,583.72,138.57,202.12,413.53,20.76,11.1,484.81,34.63,23.74,15.1,10.92,85.3,5.02,8.11,1.39,5.85,4.94,45.25,77.76,402.0,18.0,,16.67,0,0,
BANK_221,Garcia-Smith Rural Bank,Greater Accra,Large,Conservative,5,2022,Q1,2022-Q1,575.9,137.38,205.75,373.6,18.29,10.19,417.8,35.73,23.86,11.8,9.23,89.42,4.89,30.63,5.32,22.29,11.11,29.37,70.36,308.0,28.0,30.52,20.8,0,0,
BANK_221,Garcia-Smith Rural Bank,Greater Accra,Large,Conservative,6,2022,Q2,2022-Q2,558.18,134.96,200.27,364.72,17.75,8.88,392.78,35.88,24.18,16.53,15.48,92.85,4.87,8.72,1.56,6.46,10.72,30.16,45.24,167.0,64.0,47.34,26.54,0,0,
BANK_221,Garcia-Smith Rural Bank,Greater Accra,Large,Conservative,7,2022,Q3,2022-Q3,572.36,137.39,205.54,337.37,16.77,18.04,410.8,35.91,24.0,19.57,18.04,82.12,4.97,30.15,5.27,21.95,8.73,18.74,52.81,270.0,45.0,25.33,31.44,0,0,
BANK_221,Garcia-Smith Rural Bank,Greater Accra,Large,Conservative,8,2022,Q4,2022-Q4,540.47,128.18,185.8,312.67,16.35,15.81,389.36,34.38,23.72,21.73,18.15,80.3,5.23,12.88,2.38,10.05,11.79,19.98,50.53,296.0,62.0,31.94,,0,0,
BANK_221,Garcia-Smith Rural Bank,Greater Accra,Large,Conservative,9,2023,Q1,2023-Q1,507.05,117.13,181.67,154.74,7.99,5.18,376.05,35.83,23.1,9.92,5.24,41.15,5.16,11.99,2.37,10.24,6.81,17.58,30.97,,57.0,35.98,18.36,0,0,
BANK_221,Garcia-Smith Rural Bank,Greater Accra,Large,Conservative,10,2023,Q2,2023-Q2,505.74,118.26,181.1,363.98,18.83,16.76,427.19,35.81,23.38,16.66,16.23,85.2,5.17,6.58,1.3,5.57,5.06,25.59,40.46,103.0,59.0,53.32,11.87,0,0,
BANK_221,Garcia-Smith Rural Bank,Greater Accra,Large,Conservative,11,2023,Q3,2023-Q3,527.35,122.04,195.66,204.23,10.43,12.31,416.51,37.1,23.14,11.24,10.49,49.03,5.11,27.13,5.14,22.23,4.57,22.43,37.65,445.0,57.0,,15.48,0,0,
BANK_221,Garcia-Smith Rural Bank,Greater Accra,Large,Conservative,12,2023,Q4,2023-Q4,512.51,120.58,186.77,173.59,8.62,7.59,369.66,36.44,23.53,24.05,5.8,46.96,4.97,26.79,5.23,22.22,7.09,15.82,34.45,444.0,28.0,29.31,9.19,0,0,
BANK_222,Harrison-Alexander Rural Bank,Volta,Small,Moderate,1,2021,Q1,2021-Q1,15.04,2.02,2.43,8.41,0.71,0.44,11.32,16.13,13.44,13.92,11.18,74.27,8.4,0.19,1.25,9.31,5.0,1.08,53.85,35.0,13.0,43.77,34.65,0,0,
BANK_222,Harrison-Alexander Rural Bank,Volta,Small,Moderate,2,2021,Q2,2021-Q2,14.96,2.0,2.35,9.15,0.78,0.79,10.81,15.74,13.35,24.3,9.47,84.69,8.48,0.87,5.81,43.54,8.64,0.72,59.45,55.0,7.0,30.22,10.04,0,0,
BANK_222,Harrison-Alexander Rural Bank,Volta,Small,Moderate,3,2021,Q3,2021-Q3,16.16,2.16,2.63,8.71,0.72,0.64,11.78,16.3,13.34,23.5,18.23,73.95,8.27,0.41,2.54,19.06,11.13,0.67,90.37,48.0,6.0,,15.41,0,0,
BANK_222,Harrison-Alexander Rural Bank,Volta,Small,Moderate,4,2021,Q4,2021-Q4,17.06,2.21,2.77,11.76,0.98,0.76,12.66,16.21,12.94,9.24,12.37,92.86,8.31,0.56,3.3,25.52,7.5,,45.28,97.0,11.0,47.41,31.19,0,0,
BANK_222,Harrison-Alexander Rural Bank,Volta,Small,Moderate,5,2022,Q1,2022-Q1,17.38,2.24,2.82,5.92,0.5,0.4,14.14,16.24,12.9,15.71,17.27,41.89,8.38,0.76,4.37,33.84,7.7,1.21,57.41,53.0,11.0,44.05,28.34,0,0,
BANK_222,Harrison-Alexander Rural Bank,Volta,Small,Moderate,6,2022,Q2,2022-Q2,18.04,2.34,3.07,10.45,0.86,0.78,15.15,17.02,12.97,20.11,9.73,68.98,8.26,0.63,3.5,27.02,2.98,0.86,33.09,73.0,6.0,48.23,17.89,0,0,
BANK_222,Harrison-Alexander Rural Bank,Volta,Small,Moderate,7,2022,Q3,2022-Q3,18.41,2.38,3.21,7.21,0.59,0.61,13.93,17.43,12.91,8.26,8.28,51.79,8.17,0.23,1.23,9.51,10.36,1.07,,79.0,3.0,27.9,26.83,0,0,
BANK_222,Harrison-Alexander Rural Bank,Volta,Small,Moderate,8,2022,Q4,2022-Q4,18.07,2.3,2.97,7.7,0.68,0.46,15.06,16.42,12.74,13.9,11.71,51.13,8.79,0.24,1.32,10.38,6.83,0.85,51.41,91.0,11.0,35.58,10.86,0,0,
BANK_222,Harrison-Alexander Rural Bank,Volta,Small,Moderate,9,2023,Q1,2023-Q1,18.37,2.33,3.16,7.87,0.67,0.79,14.21,17.22,12.66,8.44,19.32,55.34,8.48,0.93,5.08,40.17,4.77,1.3,40.54,47.0,2.0,23.98,,0,0,
BANK_222,Harrison-Alexander Rural Bank,Volta,Small,Moderate,10,2023,Q2,2023-Q2,18.98,2.41,3.42,7.62,0.65,0.54,15.96,18.02,12.68,10.68,6.8,47.73,8.56,0.54,2.85,22.51,5.73,1.18,68.93,24.0,13.0,57.19,28.41,0,0,
BANK_222,Harrison-Alexander Rural Bank,Volta,Small,Moderate,11,2023,Q3,2023-Q3,18.93,2.39,3.37,9.93,0.86,0.68,15.46,17.8,12.63,8.53,15.89,64.25,8.65,0.7,3.69,29.19,8.99,1.07,37.99,85.0,6.0,56.47,,0,0,
BANK_222,Harrison-Alexander Rural Bank,Volta,Small,Moderate,12,2023,Q4,2023-Q4,19.51,2.43,3.57,12.48,1.05,0.58,16.15,18.31,12.45,9.18,7.06,77.28,8.4,0.78,3.98,31.96,11.53,1.26,77.49,46.0,9.0,,32.05,0,0,
BANK_223,Sheppard LLC Rural Bank,Eastern,Medium,Moderate,1,2021,Q1,2021-Q1,69.88,15.31,23.49,40.47,3.57,3.45,51.61,33.62,21.9,16.49,15.96,78.42,8.83,1.8,2.57,11.73,5.87,3.99,93.46,175.0,10.0,52.94,10.44,0,0,
BANK_223,Sheppard LLC Rural Bank,Eastern,Medium,Moderate,2,2021,Q2,2021-Q2,69.86,15.32,23.19,37.18,3.3,1.78,55.16,33.19,21.93,15.49,9.02,67.4,8.88,3.5,5.0,22.82,2.85,2.81,47.53,161.0,6.0,53.7,19.12,0,0,
BANK_223,Sheppard LLC Rural Bank,Eastern,Medium,Moderate,3,2021,Q3,2021-Q3,61.44,13.45,19.93,30.86,2.82,1.51,51.43,32.44,21.89,13.66,8.18,60.0,9.14,1.94,3.15,14.41,7.07,1.85,61.64,88.0,8.0,39.0,27.32,0,0,
BANK_223,Sheppard LLC Rural Bank,Eastern,Medium,Moderate,4,2021,Q4,2021-Q4,69.79,15.16,23.35,31.26,2.71,2.76,49.88,33.46,21.72,19.67,15.43,62.67,8.66,2.64,3.78,17.4,8.37,4.13,92.16,151.0,24.0,36.22,23.01,0,0,
BANK_223,Sheppard LLC Rural Bank,Eastern,Medium,Moderate,5,2022,Q1,2022-Q1,69.69,15.25,23.73,34.24,2.96,2.51,52.94,34.05,21.89,23.72,12.44,64.67,8.64,1.24,1.77,8.11,2.05,3.01,89.95,67.0,9.0,29.42,28.09,0,0,
BANK_223,Sheppard LLC Rural Bank,Eastern,Medium,Moderate,6,2022,Q2,2022-Q2,71.4,15.66,23.5,28.15,2.5,2.16,52.98,32.91,21.93,23.79,19.01,53.14,8.87,2.67,3.74,17.05,10.57,2.42,85.63,89.0,16.0,29.39,15.12,0,0,
BANK_223,Sheppard LLC Rural Bank,Eastern,Medium,Moderate,7,2022,Q3,2022-Q3,72.06,15.93,24.93,33.22,2.84,3.26,59.13,34.59,22.11,23.81,9.02,56.19,8.53,3.42,4.75,21.48,7.18,2.58,,213.0,32.0,41.18,23.51,0,0,
BANK_223,Sheppard LLC Rural Bank,Eastern,Medium,Moderate,8,2022,Q4,2022-Q4,71.78,15.93,24.49,38.48,3.38,3.85,54.22,34.13,22.19,10.11,5.68,70.98,8.8,1.09,1.52,6.84,5.46,,71.2,55.0,13.0,21.71,5.03,0,0,
BANK_223,Sheppard LLC Rural Bank,Eastern,Medium,Moderate,9,2023,Q1,2023-Q1,64.53,14.36,20.44,27.62,2.43,2.46,53.22,31.67,22.26,10.82,14.2,51.9,8.79,1.47,2.27,10.21,3.55,4.41,36.34,147.0,29.0,37.85,20.26,0,0,
BANK_223,Sheppard LLC Rural Bank,Eastern,Medium,Moderate,10,2023,Q2,2023-Q2,72.59,16.32,23.35,39.92,3.54,3.35,56.35,32.16,22.49,21.4,16.49,70.83,8.86,2.4,3.31,14.72,7.9,2.83,61.75,79.0,20.0,17.92,22.29,0,0,
BANK_223,Sheppard LLC Rural Bank,Eastern,Medium,Moderate,11,2023,Q3,2023-Q3,75.58,16.92,24.76,52.72,4.69,3.83,58.27,32.76,22.38,18.77,10.64,90.48,8.9,1.73,2.29,10.21,8.57,3.36,,54.0,7.0,25.22,29.19,0,0,
BANK_223,Sheppard LLC Rural Bank,Eastern,Medium,Moderate,12,2023,Q4,2023-Q4,78.42,17.6,26.46,35.89,3.23,3.55,59.22,33.74,22.45,16.6,18.57,60.61,8.99,2.45,3.12,13.89,4.79,2.85,64.18,115.0,13.0,22.63,16.66,0,0,
BANK_224,Wilson-Jones Rural Bank,Ashanti,Medium,Moderate,1,2021,Q1,2021-Q1,133.38,35.23,27.7,91.29,8.87,10.05,104.9,20.77,26.41,10.47,17.3,87.03,9.71,1.87,1.4,5.31,10.81,6.48,62.42,210.0,17.0,54.06,14.65,0,0,
BANK_224,Wilson-Jones Rural Bank,Ashanti,Medium,Moderate,2,2021,Q2,2021-Q2,139.95,37.41,29.51,46.99,4.72,3.36,100.3,21.09,26.73,20.68,8.02,46.85,10.05,2.53,1.81,6.75,11.6,5.82,61.74,,34.0,44.68,16.08,0,0,
BANK_224,Wilson-Jones Rural Bank,Ashanti,Medium,Moderate,3,2021,Q3,2021-Q3,137.03,37.31,27.88,95.37,10.07,5.25,113.84,20.34,27.23,11.35,6.63,83.78,10.56,5.27,3.84,14.12,4.74,10.58,84.41,181.0,37.0,25.95,32.57,0,0,
BANK_224,Wilson-Jones Rural Bank,Ashanti,Medium,Moderate,4,2021,Q4,2021-Q4,147.22,39.43,28.12,77.18,8.15,5.28,119.89,19.1,26.79,20.98,11.52,64.38,10.56,5.42,3.68,13.73,4.55,6.37,49.08,189.0,24.0,52.0,22.15,0,0,
BANK_224,Wilson-Jones Rural Bank,Ashanti,Medium,Moderate,5,2022,Q1,2022-Q1,147.12,39.65,26.79,89.27,9.03,9.55,112.14,18.21,26.95,10.98,18.69,79.61,10.12,1.84,1.25,4.64,6.98,6.55,66.66,245.0,26.0,,26.96,0,0,
BANK_224,Wilson-Jones Rural Bank,Ashanti,Medium,Moderate,6,2022,Q2,2022-Q2,166.24,44.67,32.22,105.67,10.35,5.77,122.69,19.38,26.87,23.12,16.24,86.12,9.8,8.56,5.15,19.17,7.72,8.75,56.04,170.0,32.0,,8.89,0,0,
BANK_224,Wilson-Jones Rural Bank,Ashanti,Medium,Moderate,7,2022,Q3,2022-Q3,174.94,46.43,31.9,88.26,8.76,6.8,128.77,18.23,26.54,13.37,14.7,68.54,9.93,8.99,5.14,19.37,7.04,9.65,57.82,186.0,10.0,,8.14,0,0,
BANK_224,Wilson-Jones Rural Bank,Ashanti,Medium,Moderate,8,2022,Q4,2022-Q4,177.34,47.56,29.94,118.32,11.9,12.63,125.05,16.88,26.82,8.51,6.71,94.62,10.05,6.83,3.85,14.35,4.04,10.4,,56.0,7.0,18.84,30.57,0,0,
BANK_224,Wilson-Jones Rural Bank,Ashanti,Medium,Moderate,9,2023,Q1,2023-Q1,180.04,48.66,30.54,90.59,9.41,6.18,136.86,16.96,27.02,13.13,18.12,66.19,10.39,9.35,5.19,19.21,11.16,6.51,75.82,51.0,13.0,18.09,20.46,0,0,
BANK_224,Wilson-Jones Rural Bank,Ashanti,Medium,Moderate,10,2023,Q2,2023-Q2,182.29,49.06,30.84,83.24,8.77,6.98,135.65,16.92,26.92,9.15,5.0,61.36,10.54,5.19,2.84,10.57,10.86,5.54,88.19,181.0,37.0,56.23,31.07,0,0,
BANK_224,Wilson-Jones Rural Bank,Ashanti,Medium,Moderate,11,2023,Q3,2023-Q3,199.25,53.14,32.5,79.85,8.43,7.63,161.5,16.31,26.67,22.8,14.73,49.44,10.56,8.18,4.1,15.39,11.55,15.89,63.07,60.0,5.0,53.5,,0,0,
BANK_224,Wilson-Jones Rural Bank,Ashanti,Medium,Moderate,12,2023,Q4,2023-Q4,187.29,49.52,31.89,61.44,6.39,7.44,139.61,17.03,26.44,19.36,9.23,44.01,10.4,9.9,5.29,20.0,3.14,9.84,32.69,,9.0,51.24,32.71,0,0,
